heart_rate_bpm,snr_db,prv_std_ms,spectral_entropy,mad,signal_quality_index,cheek_forehead_correlation,left_right_cheek_correlation,hr_half_diff,peak_prominence,systolic_peak_width,diastolic_notch_ratio,forehead_cheek_phase_lag,signal_to_motion_ratio,peak_amplitude_variability,pulse_transit_time_proxy,spectral_flatness,spectral_centroid,kurtosis,phase_coherence_lr,phase_coherence_cf,pulse_cv_interval,zero_crossing_rate,label,video_path,source
63.28125,3.532716718608798,181.57786633273923,0.8754274210702361,0.7636449782128035,0.6310441813462071,0.6794091077502676,0.39496474330349934,42.1875,2.99825194057265,282.3671801630314,0.7594443073616014,16.666666666666668,26.639166828959414,0.8501913784546051,33.333333333333336,0.48195786794941703,1.8002926887322475,-0.06057171207198442,1.060078422442903,0.9710677383861607,0.3901592049008725,0.09523809523809523,1,C:\Users\JHASHANK\Desktop\Maj_Proj\DFDC_Dataset\Fake\aaaoqepxnf.mp4,DFDC_Dataset/Fake
70.3125,3.3630405584339407,207.2750900686403,0.764417015291021,0.7522275450538424,0.7438648629223029,0.626587066700587,0.014397563909449093,14.0625,6.149110577572151,166.52366132768276,1.3133849198654453,0.0,18.650055251917294,1.0002166498536795,0.0,0.39997255760327405,1.543923443532905,0.7115146430367592,1.7996668486439962,1.4060701102362578,0.4629434187852117,0.11564625850340136,1,C:\Users\JHASHANK\Desktop\Maj_Proj\DFDC_Dataset\Fake\aabkwhhgwv.mp4,DFDC_Dataset/Fake
91.40625,1.3446813535527196,89.50404424884869,0.7671808313503377,0.7709997536069627,0.6968868490477118,0.5686997245431936,-0.12707889789045446,42.1875,4.057782876122574,177.3768270982408,3.9450305684833147,50.0,20.8819774544485,0.7317176476107666,66.66666666666667,0.28949043647588346,1.7742772586006044,-0.02342934375314476,1.4820968406758255,1.23576697898675,0.3041217465877446,0.1564625850340136,1,C:\Users\JHASHANK\Desktop\Maj_Proj\DFDC_Dataset\Fake\aafezqchru.mp4,DFDC_Dataset/Fake
70.3125,1.6280097667288427,77.3799348732451,0.8998903157223253,0.7508801767128532,0.6632907631125987,0.5277556755618773,0.05078449333500463,42.1875,3.4869489746070106,187.5279390034251,-0.6227039932614248,16.666666666666668,11.973313422639924,0.7130666056593895,33.333333333333336,0.662452879888577,2.0510038871250984,1.3549132895063956,1.6896815619706294,1.4379404897078956,0.20482923937035472,0.14965986394557823,1,C:\Users\JHASHANK\Desktop\Maj_Proj\DFDC_Dataset\Fake\aahsnkchkz.mp4,DFDC_Dataset/Fake
84.375,3.870155502962933,159.37159582421066,0.7100460870828111,0.839916640690015,0.7410521277155121,0.5193862056388832,-0.2958317128827189,0.0,6.1564862462362635,265.3442866607526,2.2011226373109474,16.666666666666668,21.790994876987906,0.4438876336345302,33.333333333333336,0.2528633231975347,1.4047258888460672,-0.8471716138387935,1.9550189489820038,1.146590075230717,0.30117466927409886,0.10204081632653061,1,C:\Users\JHASHANK\Desktop\Maj_Proj\DFDC_Dataset\Fake\aajhbrxhzm.mp4,DFDC_Dataset/Fake
56.25,0.9493233238166223,71.30832029440798,0.8670547456349951,0.7492042454999356,0.6693990781580943,0.7092205035644192,0.28151346445254655,84.375,4.135233471080609,158.50907707216209,1.0509585621302395,16.666666666666668,21.35594688687349,1.0308299707792705,0.0,0.47551264561972634,1.881612538080153,0.7981331236149685,1.5822122034788781,1.1365248526762395,0.19596179622890744,0.10884353741496598,1,C:\Users\JHASHANK\Desktop\Maj_Proj\DFDC_Dataset\Fake\aakkdgsmvl.mp4,DFDC_Dataset/Fake
126.5625,-3.0295396062403195,109.79779394667068,0.9056952341681729,0.8146159437041565,0.6471904139467939,0.7784512254206619,0.391023580689143,77.34375,3.409956778079347,180.0187058216551,2.0216076211508294,0.0,19.614089315358157,0.49734913764742844,0.0,0.669925826323417,2.099007608321359,-0.21454291785532975,1.309164002964362,0.7073981486504493,0.2930163576638442,0.14965986394557823,1,C:\Users\JHASHANK\Desktop\Maj_Proj\DFDC_Dataset\Fake\aaprcuxsdb.mp4,DFDC_Dataset/Fake
70.3125,7.589239732912848,144.96582067245131,0.6817180855700465,0.6935863690248688,0.7737379000441695,0.6824680854653276,0.2901447110229872,7.03125,6.104067395160208,205.49167838808816,-24.879389109564578,50.0,17.872290196743442,1.7038180563714171,100.0,0.2135120142167895,1.2466513374094246,0.7469007408060735,1.8242137905663192,1.4367120401363398,0.3559620546842036,0.1360544217687075,1,C:\Users\JHASHANK\Desktop\Maj_Proj\DFDC_Dataset\Fake\aaqaifqrwn.mp4,DFDC_Dataset/Fake
56.25,4.1037536172376425,80.51715306416013,0.8100090539132964,0.8384642107837813,0.733633507518451,0.7212392835936254,0.22691345929348256,84.375,5.545787351361566,148.74124949955694,1.0600623420128865,16.666666666666668,16.060637722358784,1.2187623990381666,0.0,0.42948366593281906,1.5408125444073064,-0.8798698062542294,1.5943720408704702,1.2213084344635912,0.2547593598731442,0.10884353741496598,1,C:\Users\JHASHANK\Desktop\Maj_Proj\DFDC_Dataset\Fake\aarsmohwrt.mp4,DFDC_Dataset/Fake
56.25,0.6392227314359105,125.52918289216957,0.8956407106838479,0.7882412926835606,0.6571489147641089,0.5998890569423849,0.144759597282401,147.65625,3.3176088952420177,155.9354695706739,3.300437130488056,0.0,20.413853678113036,0.520140989321584,0.0,0.6679642425337067,1.872105219749997,-0.1988775084156158,1.630855681034762,1.3789999854141162,0.31382295723042397,0.16326530612244897,1,C:\Users\JHASHANK\Desktop\Maj_Proj\DFDC_Dataset\Fake\aassnaulhq.mp4,DFDC_Dataset/Fake
49.21875,2.082498371452213,140.79141387961917,0.7728811161043747,0.8024236249813088,0.7539926979561195,0.5428354354798436,-0.2856821626664836,7.03125,6.2152346908634675,220.9538020991199,0.6843714202410798,16.666666666666668,12.043849429330447,0.7638819757729393,0.0,0.33943223862080885,1.5013656144730478,-0.14516485030652415,1.9020147657312383,1.2923674551328057,0.3152046579394459,0.08843537414965986,1,C:\Users\JHASHANK\Desktop\Maj_Proj\DFDC_Dataset\Fake\aauhqwwncp.mp4,DFDC_Dataset/Fake
70.3125,0.40748278093111906,125.65384549980509,0.8624276929519664,0.8134971392623779,0.6602694104654382,0.7661520762807955,0.3218511950442169,35.15625,3.3137190630841773,172.69844114950934,10.577237482164435,0.0,11.86015178298819,0.8093588401238594,0.0,0.5300328980536895,1.7360993184805502,-0.5704259953168394,1.5544944688678808,1.2579283121533942,0.34062438841843345,0.1292517006802721,1,C:\Users\JHASHANK\Desktop\Maj_Proj\DFDC_Dataset\Fake\aavyetamvt.mp4,DFDC_Dataset/Fake
49.21875,-1.4070032078225159,115.23221619336329,0.8934629372759407,0.8125611315603134,0.6289660129241378,0.7453027651722466,0.37994610689817904,77.34375,2.7215233799385707,202.95711877854424,1.8721949781276859,0.0,9.943396395615387,0.399228969078305,0.0,0.5977563716771269,1.9429270998309536,-0.03631876395618194,1.3073126112564208,1.0049383260114266,0.29949146450973346,0.14965986394557823,1,C:\Users\JHASHANK\Desktop\Maj_Proj\DFDC_Dataset\Fake\aawhvztjdt.mp4,DFDC_Dataset/Fake
77.34375,2.0493799141214555,106.57403385139375,0.7894768327712854,0.7049523219794197,0.684140120397408,0.7434019760231441,0.3701366446174357,112.5,3.981591049809212,169.6284333559529,1.7857241022459491,0.0,18.31394025746487,0.8415299628718417,0.0,0.27133413268765344,1.6420285809207853,1.8262709659853984,1.499817858489782,1.2853605926520024,0.2997394702070449,0.1564625850340136,1,C:\Users\JHASHANK\Desktop\Maj_Proj\DFDC_Dataset\Fake\abaodketae.mp4,DFDC_Dataset/Fake
63.28125,3.25653990747492,112.06037632519055,0.787944593187305,0.8294503894252411,0.7682990978376611,0.7914551467014996,0.6151361576595524,56.25,6.28508315355675,123.85521291225216,-0.0004260648143354547,0.0,13.370563569742949,0.8374229663672415,0.0,0.48567410659707744,1.6798845396519977,-0.5035013589996296,1.0923623615553815,0.9168636901312422,0.30349685254739106,0.10204081632653061,1,C:\Users\JHASHANK\Desktop\Maj_Proj\DFDC_Dataset\Fake\abdxzlhagb.mp4,DFDC_Dataset/Fake
91.40625,-2.0402548702825705,94.04490653110591,0.8826045664262777,0.7931836851285629,0.6183715762988254,0.7255946132708235,0.3625513810318746,42.1875,3.097277541091359,202.19239844098524,1.9032556902122582,16.666666666666668,21.12377681826541,0.649215108918713,33.333333333333336,0.49151984889986233,1.8216377634777394,0.05861765246105355,1.3515643233162,1.0669156322430748,0.26242342449319006,0.14965986394557823,1,C:\Users\JHASHANK\Desktop\Maj_Proj\DFDC_Dataset\Fake\abebnhqyzv.mp4,DFDC_Dataset/Fake
70.3125,4.862946844710454,241.96849554119046,0.8101463614263529,0.7709961517539664,0.715615696123187,0.6249957120160207,-0.023833130999731608,14.0625,4.943087223407137,232.92979836939833,2.0957677471339498,16.666666666666668,25.117990663726232,0.6522394920791468,33.333333333333336,0.3398232796321997,1.5282577415880596,0.1216422135220343,1.4720631492534624,1.0371101715358624,0.38494987927007573,0.10884353741496598,1,C:\Users\JHASHANK\Desktop\Maj_Proj\DFDC_Dataset\Fake\abeibpdqhj.mp4,DFDC_Dataset/Fake
49.21875,-1.8711865376515233,80.5536398239638,0.9039087166609017,0.812580892016395,0.6156200326472612,0.6726410523614919,0.1011743991733575,91.40625,2.7524893364280865,170.88935689346735,1.1198706484472625,0.0,13.247879094954712,0.7771034635790367,0.0,0.5986969359878475,1.8046019855332094,-0.1598706766627882,1.581887435291575,1.573715660455026,0.25789314791138784,0.12244897959183673,1,C:\Users\JHASHANK\Desktop\Maj_Proj\DFDC_Dataset\Fake\abfvpzjkwr.mp4,DFDC_Dataset/Fake
98.4375,-2.0173453276963276,144.68356276140472,0.8567737782163607,0.7867013347324451,0.6264327461653622,0.7251892944018364,0.23118215537162504,56.25,3.27870382041751,167.37518170375182,-2.0799174907830666,16.666666666666668,24.10818852751128,0.7394124110437004,33.333333333333336,0.41208557171258414,1.8244993219665955,-0.5856359246318323,1.4217534360482689,1.0759150639409758,0.3672684132878139,0.1564625850340136,1,C:\Users\JHASHANK\Desktop\Maj_Proj\DFDC_Dataset\Fake\abgunexqlc.mp4,DFDC_Dataset/Fake
49.21875,4.044414976646419,114.11012353795594,0.7594035030992026,0.684437741895347,0.750995515382423,0.8494938876502426,0.6203073665352569,35.15625,6.142426868863231,157.6781042326744,0.1283774383870002,0.0,6.210890653273381,1.278005444133829,0.0,0.3495410204940033,1.334594174869642,2.780296411767755,1.4327933139004543,0.7913263549545575,0.2831303817107178,0.10204081632653061,1,C:\Users\JHASHANK\Desktop\Maj_Proj\DFDC_Dataset\Fake\abhqmggsqu.mp4,DFDC_Dataset/Fake
56.25,-1.486981525719988,114.18491338370602,0.9065691463612695,0.7182692562957587,0.623230893008922,0.4674057235803677,-0.3859965984795422,14.0625,3.1640585317275898,174.90913645445497,2.6420221304953517,33.333333333333336,24.94403731271337,0.8120069254168526,0.0,0.653107410905975,2.0851412429571354,2.00154859115504,2.093515020241265,1.3147458977505808,0.2768119112332267,0.12244897959183673,1,C:\Users\JHASHANK\Desktop\Maj_Proj\DFDC_Dataset\Fake\abiodyryai.mp4,DFDC_Dataset/Fake
77.34375,1.0688146451409055,143.7976974008199,0.8533181098028244,0.7349261073165734,0.696560492992939,0.5053737930635722,-0.2926848625386591,21.09375,4.286671769344081,126.76194393435568,3.1282191330618496,0.0,16.0608551868533,0.8539612248962698,0.0,0.49169219075339954,1.8091431604764578,0.2660498405910463,2.0228337612242617,1.1529243422269133,0.40172916594721564,0.17006802721088435,1,C:\Users\JHASHANK\Desktop\Maj_Proj\DFDC_Dataset\Fake\abiotberut.mp4,DFDC_Dataset/Fake
98.4375,2.5012037021484197,176.33419974582355,0.8647374441689568,0.6962564701040608,0.6959342843279686,0.7205826956844921,0.2972287429824341,42.1875,4.2558469968535215,190.3172445785903,4.419651938459624,0.0,21.065395916780815,0.814526496948882,0.0,0.5766866033230433,1.9502889205356406,1.2338704521516348,1.7326435983595163,1.5485947243533515,0.4057170055988387,0.11564625850340136,1,C:\Users\JHASHANK\Desktop\Maj_Proj\DFDC_Dataset\Fake\abjvfvhtnp.mp4,DFDC_Dataset/Fake
56.25,5.156438187427335,184.79530717947236,0.7109896479132364,0.7521781936952041,0.7292906486188935,0.6921137682942395,0.12205651073987267,0.0,5.592396869600758,176.12017825287225,1.9151015079045677,0.0,16.667039883440452,1.001725830614023,0.0,0.2050723160160822,1.2108390718118265,0.7107915635852726,1.6905385592489586,1.3204890034455412,0.43651685866110906,0.10884353741496598,1,C:\Users\JHASHANK\Desktop\Maj_Proj\DFDC_Dataset\Fake\ablzpwqhcc.mp4,DFDC_Dataset/Fake
63.28125,-0.7392017642012401,82.98826628866155,0.8960397819036874,0.7332170815606589,0.6657319342910185,0.697489903509871,0.33301117509694134,14.0625,3.949391549611981,182.02978039914953,0.9355925612705388,0.0,23.456030701059014,1.0718819714206012,0.0,0.6537628321352165,2.0014038075283764,1.910625698083301,1.5798798215084526,1.425732796358112,0.23984568279853077,0.1292517006802721,1,C:\Users\JHASHANK\Desktop\Maj_Proj\DFDC_Dataset\Fake\abssilrpat.mp4,DFDC_Dataset/Fake
154.6875,-2.5215833110302412,191.16278371205837,0.8905497425863035,0.7024615040826542,0.6411200492196432,0.38871894289328557,-0.18692361454901343,112.5,2.932487518309315,174.79492747983915,2.2618746719575835,16.666666666666668,16.848182669678042,1.1258749840556401,0.0,0.5934928126930937,2.328925654365048,1.996059072728869,2.10281525897026,1.5372012826357775,0.459480629602154,0.11564625850340136,1,C:\Users\JHASHANK\Desktop\Maj_Proj\DFDC_Dataset\Fake\abvgbvoxco.mp4,DFDC_Dataset/Fake
84.375,-1.6018250336448816,157.35915849388863,0.8875697537218836,0.8359520185188302,0.63460090796036,0.6926441016802063,0.2662509789218043,7.03125,3.7210846437499048,241.431249368807,-1.0411439092386667,0.0,12.127260316718395,0.597764076808074,0.0,0.5839308169472447,1.7159078816331068,-0.6025959774801,1.5092171150013671,1.322193947169997,0.4293621514366688,0.11564625850340136,1,C:\Users\JHASHANK\Desktop\Maj_Proj\DFDC_Dataset\Fake\abxtkdjyru.mp4,DFDC_Dataset/Fake
63.28125,4.030164500866368,341.4244348590078,0.7940938675201552,0.7820199104139639,0.7614479167000952,0.5302410789261998,-0.19593130818708748,14.0625,6.529235640218341,133.8046274374418,0.9706789164156473,66.66666666666667,19.193381750782372,1.0729261934432288,133.33333333333334,0.47177842443681217,1.6740667310667823,-0.23925591090904907,1.4261550941484693,1.0004666214419078,0.6584614100852294,0.10884353741496598,1,C:\Users\JHASHANK\Desktop\Maj_Proj\DFDC_Dataset\Fake\abygnkrrix.mp4,DFDC_Dataset/Fake
77.34375,-0.14422631324139562,314.4660377352201,0.8158168463511468,0.744731292040273,0.6192449181725547,0.3101781055706234,-0.34889369923623775,21.09375,4.468900731432538,211.4421554081555,2.018551076176993,100.0,15.847929356957797,0.9702072083423671,200.0,0.3685464223687458,1.6412496142373358,0.33858212177602054,1.8224945005162851,1.9322296506592258,0.6222222222222222,0.10204081632653061,1,C:\Users\JHASHANK\Desktop\Maj_Proj\DFDC_Dataset\Fake\acagallncj.mp4,DFDC_Dataset/Fake
119.53125,-3.6213192308108875,132.15734840822137,0.94321036134712,0.7597609902592201,0.6189207411096597,0.662399575050948,0.20955856900109862,84.375,2.5445994272622046,158.66775322625404,323.11989178285705,0.0,18.828618365392064,0.9307302514021155,0.0,0.7845748554812157,2.045753126045306,0.6336817658231402,1.6054251034167246,1.3532186383158786,0.3279092103361883,0.14285714285714285,1,C:\Users\JHASHANK\Desktop\Maj_Proj\DFDC_Dataset\Fake\accuranbpc.mp4,DFDC_Dataset/Fake
126.5625,-5.1400618886852145,88.25468196582486,0.9462617487040399,0.7696657171951005,0.5962248348388982,0.6368092159585464,0.11076511673997964,77.34375,2.128400492311936,161.10028276403722,4.4965807221272796,0.0,13.75266842011428,0.8145397905284544,0.0,0.7938439172525407,2.092578352631821,-0.007870417106601746,1.8113507971601375,1.3797838979382602,0.2734061430704824,0.14965986394557823,1,C:\Users\JHASHANK\Desktop\Maj_Proj\DFDC_Dataset\Fake\acgywoqfbr.mp4,DFDC_Dataset/Fake
91.40625,-0.13063711385136897,169.09686573085853,0.7872584159524229,0.7909155054560186,0.6716016392281449,0.6609745568558641,0.1477348994689569,14.0625,3.9072335586747635,247.44249564640106,4.194502941867924,0.0,14.599149354776507,0.6597645740414269,0.0,0.33592971175397823,1.4699401999157928,-0.06721728433007668,1.5665856318159728,1.3157728077592177,0.3882710682971201,0.1292517006802721,1,C:\Users\JHASHANK\Desktop\Maj_Proj\DFDC_Dataset\Fake\achakioceb.mp4,DFDC_Dataset/Fake
70.3125,6.995742621419849,178.0861522988342,0.7543285546580538,0.8173468020322572,0.7214962018869935,0.7399526246276878,0.5119444533731456,70.3125,5.102986361656475,266.0426891684864,1.8871298063819155,0.0,18.64034790907647,0.6754458493167087,0.0,0.2763049245483933,1.363407435930713,-0.5806173696280177,1.115753139199524,0.9994872925954061,0.35355339059327384,0.11564625850340136,1,C:\Users\JHASHANK\Desktop\Maj_Proj\DFDC_Dataset\Fake\achcojqaas.mp4,DFDC_Dataset/Fake
42.1875,-2.2715928754946244,141.61763857498667,0.8282628231085749,0.6947268529652634,0.6275951280106696,0.6763068454562111,0.16360683310428975,70.3125,4.1421977867198345,204.29711916618817,2.284154010024952,16.666666666666668,6.6399089027011735,1.1816916866723663,0.0,0.500214693488464,1.6629847116056446,4.615288099203199,1.6761492542975245,1.1277389709224226,0.36237153766973934,0.11564625850340136,1,C:\Users\JHASHANK\Desktop\Maj_Proj\DFDC_Dataset\Fake\achofoxrpx.mp4,DFDC_Dataset/Fake
56.25,4.316612132285988,72.85342594043217,0.8141121888505526,0.8263369276637774,0.7015412176262409,0.6687520700596661,0.15627618124720455,7.03125,5.241602357653737,198.0614256795711,3.486793042135112,0.0,23.49468133791448,1.525973770974704,0.0,0.39212076470486174,1.4839078648793969,-0.01103335019217333,1.5041550748810841,0.994308431731105,0.21811010169385864,0.10204081632653061,1,C:\Users\JHASHANK\Desktop\Maj_Proj\DFDC_Dataset\Fake\aciecilrsg.mp4,DFDC_Dataset/Fake
70.3125,1.677226672587771,137.8852627332317,0.8956699783210597,0.8022151825978049,0.6331651495220689,0.4711931211023047,-0.12443702967691227,56.25,2.870329025937296,158.9258967308636,2.3441145943219857,16.666666666666668,17.21761153729233,0.46988054824686093,33.333333333333336,0.5858334505903356,2.047168426479302,-0.023379484219830715,1.976971338972365,1.5883375695404656,0.3694214849637515,0.1360544217687075,1,C:\Users\JHASHANK\Desktop\Maj_Proj\DFDC_Dataset\Fake\aciykyosuy.mp4,DFDC_Dataset/Fake
91.40625,-0.8138500948474656,166.13082586670964,0.7957943395644774,0.8159737465328197,0.66568686873796,0.656544351247438,0.24882999291742083,28.125,4.002923415805593,283.29618181436774,3.0694469945666185,16.666666666666668,15.871830699455868,0.6651418867175276,0.0,0.3018981430793508,1.4326784900119856,-0.49727514545382956,1.5773059078349607,1.2381602720108917,0.3769354872606017,0.1292517006802721,1,C:\Users\JHASHANK\Desktop\Maj_Proj\DFDC_Dataset\Fake\acjjzzvzvg.mp4,DFDC_Dataset/Fake
49.21875,0.11647955297681281,93.12808119022337,0.8994417527857916,0.7733851614447669,0.6257722659567253,0.6492176715453439,0.04429700138826949,126.5625,3.4003523730086296,159.57989179817483,4.1711376097699375,0.0,12.762202070187312,1.0179009376134631,0.0,0.5558042667760613,1.988046227081587,1.1138666825380508,1.7934863949362496,1.270994320825315,0.25789314791138784,0.1360544217687075,1,C:\Users\JHASHANK\Desktop\Maj_Proj\DFDC_Dataset\Fake\acpaumltcm.mp4,DFDC_Dataset/Fake
77.34375,-4.416804874200018,120.92238098144703,0.944547753643394,0.652418102076736,0.5871050434477966,0.4750996043929089,-0.2596505927772998,84.375,2.0757565247985728,150.3839974178907,-1.6438869323625511,66.66666666666667,16.22210993419812,1.107873555657877,133.33333333333334,0.7845297135947048,2.2274474095292116,4.108890998367744,2.3311237477042854,1.7434441418757218,0.34884541231485566,0.14285714285714285,1,C:\Users\JHASHANK\Desktop\Maj_Proj\DFDC_Dataset\Fake\acsnnvnvhy.mp4,DFDC_Dataset/Fake
154.6875,-1.9127014285978603,109.59521481849065,0.8634204458388476,0.7737085259411702,0.6843437319584632,0.5329545259678019,-0.09137700567893166,35.15625,4.889515988349446,168.80496453600787,2.1727459326605953,0.0,11.673241459365896,0.621415342722287,0.0,0.5720294400230036,2.194772299335681,0.10417824951872268,1.7526593268012234,1.1289506128280589,0.2673054019963187,0.1360544217687075,1,C:\Users\JHASHANK\Desktop\Maj_Proj\DFDC_Dataset\Fake\acukjpjxen.mp4,DFDC_Dataset/Fake
63.28125,3.9879611928241947,104.75656017578483,0.7772741635473946,0.7901878879816893,0.7361745241977713,0.6316051151958841,0.2050057038312891,21.09375,6.118743088271866,230.50119102021387,1.2794850858475475,33.333333333333336,17.143806907674122,0.9564033797647004,66.66666666666667,0.3824396691678767,1.4921473143737995,0.057602031096784856,1.3001700157017448,1.3337631226369424,0.27999999999999997,0.09523809523809523,1,C:\Users\JHASHANK\Desktop\Maj_Proj\DFDC_Dataset\Fake\acyvmvapdl.mp4,DFDC_Dataset/Fake
63.28125,1.8366644540282246,94.51631252505216,0.8747483490581263,0.7777015435807902,0.6383123184267163,0.6689680550051322,0.3839494504653155,70.3125,3.493552507511733,149.62040317833382,2.2501386073141125,0.0,25.483148966859947,0.709903712140294,0.0,0.5917633095479016,1.8748334286878487,0.3541848472702318,1.152859341562279,0.9868703675167747,0.21160368475757946,0.1360544217687075,1,C:\Users\JHASHANK\Desktop\Maj_Proj\DFDC_Dataset\Fake\aczigtxrgf.mp4,DFDC_Dataset/Fake
77.34375,3.474899844015874,170.26123718829515,0.8068500647503418,0.7305698816644182,0.7343258827883815,0.7139614724541274,0.2529960436153845,35.15625,5.8303938298153435,169.2183587691397,1.673549589638638,16.666666666666668,22.126437054604864,1.3430071032824085,0.0,0.4845749026135791,1.685374748575275,1.2057947052000229,1.8088295262266836,1.503759057389054,0.3899112302022026,0.11564625850340136,1,C:\Users\JHASHANK\Desktop\Maj_Proj\DFDC_Dataset\Fake\aczofflgti.mp4,DFDC_Dataset/Fake
112.5,-3.6798404375486666,93.00611668619882,0.8797207422563712,0.8012915596594479,0.6246871577565851,0.6976282309095361,0.19752198790156594,105.46875,3.341265648038398,174.12884278364373,2.3834158579063076,16.666666666666668,11.303649679184797,0.7840005978673683,33.333333333333336,0.5114931638120352,2.0049668508258267,-0.4038125814961666,1.509405638108273,1.2878072147232187,0.22904491422720608,0.14285714285714285,1,C:\Users\JHASHANK\Desktop\Maj_Proj\DFDC_Dataset\Fake\adaoqecjet.mp4,DFDC_Dataset/Fake
133.59375,-2.1157345285847797,116.42044068059724,0.8794261233589993,0.8081501084217191,0.6693782175112394,0.6845137800513952,0.35762575284739256,21.09375,4.543863169115264,161.2800326952398,1.725604516383028,16.666666666666668,21.519881242197037,0.6517688883434389,33.333333333333336,0.6076567937144445,2.2045078499934716,-0.10965272707458107,1.2712242422466886,1.17243089459108,0.27441961017569355,0.14285714285714285,1,C:\Users\JHASHANK\Desktop\Maj_Proj\DFDC_Dataset\Fake\addkktdymg.mp4,DFDC_Dataset/Fake
154.6875,-3.0811897864138964,106.36320469566209,0.8311421162941852,0.7994206755439917,0.6549056521761362,0.4280313370966306,-0.18598352162024576,105.46875,4.248914085111292,166.18486928987863,2.629046410865163,16.666666666666668,10.457108614548972,0.6074810523868124,33.333333333333336,0.4407522101900084,2.070649548704044,-0.09068276384068508,2.0585055207477545,1.710067150475044,0.28947337465799583,0.1564625850340136,1,C:\Users\JHASHANK\Desktop\Maj_Proj\DFDC_Dataset\Fake\addyjceutz.mp4,DFDC_Dataset/Fake
105.46875,-0.940060718126287,123.60330811826108,0.8577955940017752,0.8153639711355734,0.6552140947143148,0.7413343214522985,0.44045482295813404,77.34375,3.634521959155294,170.21446921869318,1.6622280568940937,0.0,19.920179849013053,0.7763427744905675,0.0,0.5379813096795104,1.7907238186104864,-0.25322786127860253,1.146743760198943,0.6970884923678864,0.3440104580768908,0.10884353741496598,1,C:\Users\JHASHANK\Desktop\Maj_Proj\DFDC_Dataset\Fake\adfteyuomy.mp4,DFDC_Dataset/Fake
56.25,7.223143105051271,127.95127110653407,0.7762622122817334,0.797320002652855,0.739658856759711,0.6434941549643146,0.10510049018363216,56.25,6.212889606728132,149.31977816670633,2.17437404322063,0.0,23.041461135381102,0.6593319535897347,0.0,0.39253525879043516,1.498362637194463,-0.2106123953418786,1.6234648595311736,0.9255136425122158,0.3728984505704868,0.11564625850340136,1,C:\Users\JHASHANK\Desktop\Maj_Proj\DFDC_Dataset\Fake\adftmlvzfs.mp4,DFDC_Dataset/Fake
42.1875,0.26485379913774804,173.20508075688775,0.8904814383196212,0.779089247681856,0.6349194349620529,0.8853842456081743,0.7162722491810679,7.03125,3.9320801411583655,228.05675012866283,2.112142507784394,0.0,9.83552712836104,0.8209114552362905,0.0,0.6487414326406904,1.7266330156783365,0.06483120688330635,0.8042828286520141,0.5045063359924103,0.39970403251589487,0.1292517006802721,1,C:\Users\JHASHANK\Desktop\Maj_Proj\DFDC_Dataset\Fake\adlucxlfvr.mp4,DFDC_Dataset/Fake
49.21875,0.13587632659992885,75.71877794400365,0.8755168043145105,0.773766289727485,0.6250671967931758,0.7631928918084925,0.5934531508852179,77.34375,3.1101785444480208,178.10867648762496,3.8458854618267595,0.0,18.4628946832495,0.9064647460253658,0.0,0.559269730047239,1.6569328883728314,1.1395292977878269,1.3466213115289045,1.3376321318194646,0.2504321524400942,0.14965986394557823,1,C:\Users\JHASHANK\Desktop\Maj_Proj\DFDC_Dataset\Fake\adnnnmoqek.mp4,DFDC_Dataset/Fake
189.84375,-3.1145817123395494,58.46545883291442,0.8495838744606997,0.8074090507822722,0.6548041319123927,0.6307369483300076,0.06543266889594779,63.28125,3.9308211444422216,158.51526847232714,1.2006124978319892,0.0,16.50741431632583,0.6921487093012206,0.0,0.4905095208782192,2.2740626614384096,-0.2701148749421636,1.6173470305567423,1.3560357831403795,0.1886348423937687,0.1360544217687075,1,C:\Users\JHASHANK\Desktop\Maj_Proj\DFDC_Dataset\Fake\adpobgciet.mp4,DFDC_Dataset/Fake
84.375,2.2160823809416073,62.492603112584305,0.817901471393728,0.8397651880524694,0.7186570232287605,0.5067117249735782,-0.11932594801766086,35.15625,4.5264374380245265,150.19079817361003,1.4995530213575583,16.666666666666668,21.18174228192813,1.122993236155774,33.333333333333336,0.4014822215437003,1.7787988778645467,-0.7593189366450472,1.8040061386012787,1.3295503108565958,0.18463723646899913,0.1292517006802721,1,C:\Users\JHASHANK\Desktop\Maj_Proj\DFDC_Dataset\Fake\adqyqmibof.mp4,DFDC_Dataset/Fake
140.625,-3.9638737297669016,74.94854201795579,0.8484537825609035,0.8243106956660644,0.6166912252096677,0.5544977836189183,-0.13323003096068425,14.0625,3.4013647407805245,153.00155653167855,2.026045714884946,0.0,11.022754504619401,0.44705542793230074,0.0,0.48785233524102073,2.6067728884055854,-0.5032847325423582,1.756886759388027,1.2454379110591347,0.22831162973959176,0.16326530612244897,1,C:\Users\JHASHANK\Desktop\Maj_Proj\DFDC_Dataset\Fake\adtvlinjvb.mp4,DFDC_Dataset/Fake
70.3125,2.14977679971837,117.90955429299223,0.827644402168309,0.7647713499371215,0.6582041038226818,0.6240785712497177,0.12936233216822315,7.03125,3.883901639281167,167.15051763052233,1.5669993499387413,16.666666666666668,19.025006798439627,1.2336224556658058,0.0,0.3416538295665136,1.8418415056272723,1.529760299192354,1.5653818903368277,1.1717932537481006,0.3187533658525262,0.1360544217687075,1,C:\Users\JHASHANK\Desktop\Maj_Proj\DFDC_Dataset\Fake\adxtihgjrs.mp4,DFDC_Dataset/Fake
77.34375,3.953014374153818,103.99986645290572,0.7700053041399192,0.8042745340982377,0.767316650207235,0.5958668511289056,0.26289534251975133,21.09375,6.31767363936603,184.49739366483712,1.6031355882618747,0.0,19.493091743316292,1.1721183747883217,0.0,0.3918199894604817,1.6513874021223256,0.11525250045481128,1.3887244993105423,1.4161382838962886,0.339497025784411,0.10884353741496598,1,C:\Users\JHASHANK\Desktop\Maj_Proj\DFDC_Dataset\Fake\aebenljufi.mp4,DFDC_Dataset/Fake
98.4375,2.3804929569925837,98.9383498019061,0.8563527244375496,0.7198872700306971,0.675660374541971,0.2081036239519799,0.2660908467468326,35.15625,3.5377370792349097,167.0941917066133,1.6308717252619669,66.66666666666667,23.47298667445073,1.2680304878263104,100.0,0.5323112956076338,1.8827945498291296,2.72544773002846,1.5728247580372,1.2070972731781404,0.2738325163433505,0.10884353741496598,1,C:\Users\JHASHANK\Desktop\Maj_Proj\DFDC_Dataset\Fake\aebgvmafzx.mp4,DFDC_Dataset/Fake
77.34375,3.0236974679145674,154.69392749212383,0.8413490177695732,0.8299091233950395,0.67225089873787,0.632457842181329,0.09419628406423898,35.15625,3.4397279063873274,104.64900158515343,0.5002383623849308,16.666666666666668,10.048351766358364,1.5521307148872563,33.333333333333336,0.5008252716432736,1.6088379811795532,-0.28507581951725314,1.6791331321014873,1.025533808605884,0.38382703813835245,0.06802721088435375,1,C:\Users\JHASHANK\Desktop\Maj_Proj\DFDC_Dataset\Fake\aeconjpzxx.mp4,DFDC_Dataset/Fake
91.40625,1.3494366419402961,102.85282545318677,0.8706699157969551,0.7835632641961245,0.6423882268789081,0.2821357419807757,-0.20510277164663507,21.09375,3.2714876410677314,158.60976259847916,0.10112950542657714,100.0,14.093571988980955,1.1756318004162651,200.0,0.5073414303685024,1.9111961673206295,0.4994862808708733,1.887285264712778,1.9056303030708608,0.2990396971715111,0.10204081632653061,1,C:\Users\JHASHANK\Desktop\Maj_Proj\DFDC_Dataset\Fake\aedbjztjwz.mp4,DFDC_Dataset/Fake
56.25,3.4838548568814085,231.50323971815166,0.8368259427974493,0.7410760749220552,0.6856231125917958,0.48365774390680216,-0.10550352079212474,21.09375,4.973189492415009,166.00828626406496,1.9818169403990735,50.0,14.405083093569822,0.8164467564284601,100.0,0.46112552510649873,1.6161136317752451,0.6925765179323182,1.8795829773010497,0.9921432642622822,0.5330831394404403,0.08843537414965986,1,C:\Users\JHASHANK\Desktop\Maj_Proj\DFDC_Dataset\Fake\aegvtnwqoe.mp4,DFDC_Dataset/Fake
161.71875,-4.688256641516021,112.90223018278652,0.8991347210894491,0.8010374881770117,0.614073397178949,0.7686311088860565,0.3835302413973285,63.28125,2.87306586432541,155.80062881669386,2.7499062930208504,0.0,25.24735079383783,0.6152682922062852,0.0,0.574229529317199,2.1930969862268257,-0.208571133625016,1.4759562245333209,1.1981250359595093,0.3170141367181137,0.16326530612244897,1,C:\Users\JHASHANK\Desktop\Maj_Proj\DFDC_Dataset\Fake\aegwmawqov.mp4,DFDC_Dataset/Fake
140.625,-0.799531640084803,118.74342087037917,0.8375973414933864,0.6982204805381673,0.681402947130187,0.6380265296375968,0.1777532421470025,35.15625,4.347434011570275,219.9210399829236,3.216085402782331,0.0,11.148317308750087,1.1059623306068693,0.0,0.47259688788516385,2.0817319001853334,2.63037499004752,1.7768878425983141,1.4403021369750928,0.3046926962554875,0.12244897959183673,1,C:\Users\JHASHANK\Desktop\Maj_Proj\DFDC_Dataset\Fake\aelsfznuqw.mp4,DFDC_Dataset/Fake
196.875,-4.708973523939939,55.71144336621283,0.9074286884376821,0.8127519076869829,0.6172384362446229,0.36955257293985455,-0.4507085672417127,77.34375,2.7305353058275927,163.23677287348056,2.6677005449418303,0.0,14.1437107133311,0.5807912271047109,0.0,0.6654726674564029,2.178867122509046,-0.2601715149421753,2.210638465804511,1.2087794973316355,0.19945240822121874,0.1836734693877551,1,C:\Users\JHASHANK\Desktop\Maj_Proj\DFDC_Dataset\Fake\aelvskvush.mp4,DFDC_Dataset/Fake
42.1875,-2.697993604154295,108.24588545146516,0.9176492897224597,0.8392386118090547,0.5766385481908524,0.525960782722616,-0.19540440405319923,77.34375,2.6189963700623733,156.67866571441118,2.007276346593086,16.666666666666668,14.373230016170575,0.8144469387812492,33.333333333333336,0.6243694432167731,1.924990282860571,-0.813581282531108,1.8721995143133525,1.4219692916144158,0.2706147136286629,0.1360544217687075,1,C:\Users\JHASHANK\Desktop\Maj_Proj\DFDC_Dataset\Fake\aemuyscfmg.mp4,DFDC_Dataset/Fake
49.21875,-1.1507319271640868,108.50008357556457,0.9005187506700307,0.7469346071576303,0.6449311959748683,0.794953048461689,0.7257798648795964,56.25,3.183441623378794,119.33288966487676,1.143801637589077,0.0,13.370904597398571,1.040902969798967,0.0,0.5994196040844605,1.9641359532082505,0.26919976426481274,1.1424347670383816,1.211874323124266,0.3244050284103172,0.1360544217687075,1,C:\Users\JHASHANK\Desktop\Maj_Proj\DFDC_Dataset\Fake\aentwuqfmv.mp4,DFDC_Dataset/Fake
63.28125,-0.4769191839153478,116.6596222161777,0.8691889132672842,0.7236561902784049,0.6365134353469497,0.7277044848180829,0.20799850778953036,35.15625,3.739200286415254,138.7374151285781,7.536231198371067,0.0,19.239854455076568,1.2125462597024022,0.0,0.4997559149036452,1.854126190228636,1.7016954844929808,1.4041645837913017,1.074713700363698,0.3415137187992945,0.1292517006802721,1,C:\Users\JHASHANK\Desktop\Maj_Proj\DFDC_Dataset\Fake\aesqljtwep.mp4,DFDC_Dataset/Fake
98.4375,1.5602690485333617,109.99438818457406,0.7973815750218445,0.8381542241270223,0.6991953277910535,0.7098614947480018,0.38329365836080936,42.1875,4.255086806486154,210.35805428937002,0.6210701154580589,33.333333333333336,21.926365909007693,0.8085838211523729,66.66666666666667,0.35225023302608116,1.597043781765131,-0.7347667786500671,1.3281696349004666,1.2314447048905988,0.291217259439803,0.10204081632653061,1,C:\Users\JHASHANK\Desktop\Maj_Proj\DFDC_Dataset\Fake\aeudhfvcvk.mp4,DFDC_Dataset/Fake
70.3125,0.9246828787096735,91.91364174607939,0.8791511397585894,0.8166839274019703,0.6409992245070951,0.714415239523049,0.18449238445649183,7.03125,3.6064159481249947,168.58485537734657,-1.02100259651158,0.0,23.054508398676006,0.8793450693705946,0.0,0.5845826678591551,2.0751417566582275,-0.3423669516911354,1.5176971135114725,1.0690222704276073,0.2333192444323554,0.11564625850340136,1,C:\Users\JHASHANK\Desktop\Maj_Proj\DFDC_Dataset\Fake\aeuxknmacb.mp4,DFDC_Dataset/Fake
63.28125,3.2737173076929076,161.9670748434179,0.7806642187337788,0.7748912165450231,0.7194571106598311,0.6628870443105742,0.16659483070171782,28.125,5.278040576534801,163.59337221513402,2.5981986416520253,33.333333333333336,15.472171654664981,1.0951841288824273,33.333333333333336,0.35183217449531196,1.45959064261145,0.13329320004548695,1.6186484419847689,1.063967023319307,0.40339945527580834,0.1292517006802721,1,C:\Users\JHASHANK\Desktop\Maj_Proj\DFDC_Dataset\Fake\aeuyruleqo.mp4,DFDC_Dataset/Fake
70.3125,3.941545763238504,234.77974311634676,0.7936489352292181,0.6704141746968525,0.6849878837198721,0.591743433091062,0.039261346220623064,7.03125,3.883466500560548,212.89009965369843,-0.9092761403849499,16.666666666666668,18.325784021781974,1.2428820708628905,0.0,0.25934360875572304,1.3489267246707217,2.68004822938697,1.7576921984906264,0.8866870508849795,0.4173862099846165,0.08163265306122448,1,C:\Users\JHASHANK\Desktop\Maj_Proj\DFDC_Dataset\Fake\aeyprmocjo.mp4,DFDC_Dataset/Fake
105.46875,-2.3368713934520056,168.27350421923893,0.8639667772861936,0.8182478275648882,0.641290021727968,0.6248709897029836,0.27362553066925466,49.21875,3.408731254391497,188.17641552934177,0.23622126893697162,33.333333333333336,12.120707514120099,0.8933478916732146,33.333333333333336,0.4435085772477906,1.7938950122808146,-0.33804038471766873,1.4772915032476057,1.1910108314992796,0.41594298399466495,0.09523809523809523,1,C:\Users\JHASHANK\Desktop\Maj_Proj\DFDC_Dataset\Fake\afdblocyhi.mp4,DFDC_Dataset/Fake
112.5,-1.9896756079632842,183.24913891634048,0.7761078999442023,0.7097894494666442,0.6407633164512018,0.5124992626024243,-0.214217637219181,0.0,4.26989569752881,193.8984642042859,2.5236007253820065,33.333333333333336,8.001998305565039,0.7709846718043633,0.0,0.3450485134682253,1.5923524502083048,0.8998589119692624,2.1409571036055284,1.4712256587028818,0.3835447093597824,0.10204081632653061,1,C:\Users\JHASHANK\Desktop\Maj_Proj\DFDC_Dataset\Fake\afnxnrrqsj.mp4,DFDC_Dataset/Fake
56.25,4.674593168188903,150.7389207279335,0.7620700514864049,0.7808465092508748,0.7458658789687233,0.3614930612252439,-0.2824458964114819,28.125,5.907032796604026,187.70108919853334,10.134465492679771,100.0,12.599067750637067,1.0003191562952929,200.0,0.36068714737422186,1.4021582076632084,0.2833858930344908,1.7746866417698826,1.8913295821110374,0.3349753793954077,0.1360544217687075,1,C:\Users\JHASHANK\Desktop\Maj_Proj\DFDC_Dataset\Fake\afouwfpdkd.mp4,DFDC_Dataset/Fake
84.375,-0.7819563981727846,96.06453592105879,0.8548272636642497,0.7680653983116106,0.6515765416952399,0.8216592464227734,0.7112629235952492,42.1875,3.6191073251509858,121.88045944915473,1.3695083715201029,0.0,23.457483142533874,0.846583496502485,0.0,0.47072862168708496,1.8783736898544718,0.09062186336822942,1.2536288958547113,0.8690265457746041,0.2800485561058522,0.16326530612244897,1,C:\Users\JHASHANK\Desktop\Maj_Proj\DFDC_Dataset\Fake\afovojcvgh.mp4,DFDC_Dataset/Fake
77.34375,-0.2710943894195157,144.7579397170017,0.8535621536914071,0.8158476504733859,0.6740441387215601,0.25329930574779613,-0.443515233221918,70.3125,4.302049802430038,204.34511599004355,1.9235204229018648,100.0,17.003877137208843,0.4650782947495954,0.0,0.5256117696096161,1.9803459474077112,-0.5568022946218347,2.029484580273721,1.045094233400272,0.33273875835235756,0.11564625850340136,1,C:\Users\JHASHANK\Desktop\Maj_Proj\DFDC_Dataset\Fake\afposymfjh.mp4,DFDC_Dataset/Fake
84.375,2.560066032433243,100.75163339804034,0.8211213732326567,0.8078326567230859,0.6769377653865885,0.7235870775114479,0.257359604402156,35.15625,4.12624625323305,140.2438985620237,2.3535221445323518,0.0,26.177754722527137,0.49043181946267655,0.0,0.42888148697662154,1.7468683649049097,-0.4484340740050148,1.5487902610558806,1.200699201536531,0.3233307122041971,0.1292517006802721,1,C:\Users\JHASHANK\Desktop\Maj_Proj\DFDC_Dataset\Fake\afvdmlwwyr.mp4,DFDC_Dataset/Fake
133.59375,-3.7956024554376775,110.4921028901948,0.8661136416309648,0.8233992106287087,0.6226850175815519,0.8177861163384534,0.5842737787336585,0.0,3.017332649201874,213.0668327754492,1.5009384259335028,16.666666666666668,17.434781626278767,0.8696762456567414,33.333333333333336,0.43067530820286626,1.9704676795645393,-0.49952079130944504,0.8592824145862487,0.6841337414136341,0.2932469723068526,0.12244897959183673,1,C:\Users\JHASHANK\Desktop\Maj_Proj\DFDC_Dataset\Fake\afvefokzbu.mp4,DFDC_Dataset/Fake
126.5625,-3.729102087021851,91.19195261766369,0.8215899235314804,0.8242326725213683,0.6397893477131041,0.6512248458043821,0.12155270859898486,35.15625,3.6324148320145424,302.02431450206075,2.544405759634582,33.333333333333336,19.68006287615317,0.596250547596364,66.66666666666667,0.45162514106943386,1.7188431859134459,-0.6625349824422107,1.6921420841304897,1.3428848894434837,0.17793551730275842,0.10884353741496598,1,C:\Users\JHASHANK\Desktop\Maj_Proj\DFDC_Dataset\Fake\afvldbcclm.mp4,DFDC_Dataset/Fake
98.4375,-2.7601689654410815,137.47727084867518,0.8843221830805993,0.784458038320079,0.6319086848636628,0.46765655446571786,-0.34279308956761945,63.28125,3.0596292608631055,181.8625483675106,2.007311634590793,33.333333333333336,18.12170338500544,0.46496883555446944,66.66666666666667,0.5315713555126943,2.0013006316615383,0.646974758583382,1.8140447545222744,1.500876951860327,0.3247494586976579,0.1564625850340136,1,C:\Users\JHASHANK\Desktop\Maj_Proj\DFDC_Dataset\Fake\afvufvldvx.mp4,DFDC_Dataset/Fake
105.46875,1.9581275806473262,85.69568250501302,0.779201691813016,0.8246092159485614,0.7378497671692703,0.3191520329732682,-0.1696849880241848,21.09375,5.1560520721882845,231.913486589076,2.0513441238656887,16.666666666666668,19.54658189959911,0.5242277741818648,0.0,0.319169621464884,1.9413286025764565,-0.42741414087283003,1.8978967344270252,1.6238076744749168,0.1728316285815389,0.1360544217687075,1,C:\Users\JHASHANK\Desktop\Maj_Proj\DFDC_Dataset\Fake\afxafafvae.mp4,DFDC_Dataset/Fake
91.40625,-2.247385385303952,101.5983376941878,0.920242850757817,0.7499887605843208,0.6125644945850075,0.628150660080675,-0.10024623837640534,14.0625,2.669390430166701,187.0890958764089,-23.684934109930833,0.0,15.34483089767802,0.9994864175688778,0.0,0.6898525236548734,2.140840399203627,0.26160177021459274,2.0103114941565954,1.3584169483200255,0.2995195054689737,0.11564625850340136,1,C:\Users\JHASHANK\Desktop\Maj_Proj\DFDC_Dataset\Fake\agbfymrrhv.mp4,DFDC_Dataset/Fake
119.53125,-0.7113672968620761,76.62281802065631,0.8578310656582125,0.7955093476499183,0.6689948991168757,0.4901147330701818,-0.12274587727267304,0.0,4.356293548395829,188.17068495692317,2.7588767719346903,16.666666666666668,13.73880527083543,0.6331644263363554,33.333333333333336,0.4879168952508788,1.8695662519622547,-0.34653749505933895,1.7685078682061408,1.581272185272036,0.22771001702132443,0.14965986394557823,1,C:\Users\JHASHANK\Desktop\Maj_Proj\DFDC_Dataset\Fake\agdizmxpmy.mp4,DFDC_Dataset/Fake
98.4375,-1.185707548507515,278.1539403144807,0.7957779851114716,0.7400636526139637,0.682170734229779,0.5936485687252393,-0.14367506866981744,21.09375,4.891791017040766,356.4586956925188,3.3217517486016335,50.0,16.450592174903896,0.7625471765486023,33.333333333333336,0.3738204894510933,1.5837565229796382,0.8641385951554268,1.5609763101948064,1.258725400061706,0.5321683239352001,0.10204081632653061,1,C:\Users\JHASHANK\Desktop\Maj_Proj\DFDC_Dataset\Fake\agdqwwrorz.mp4,DFDC_Dataset/Fake
63.28125,2.324003020059571,144.87116456005884,0.8497363888497751,0.7995845441399895,0.7175386900964139,0.7472829448170188,0.3227947225092417,14.0625,5.587540757595946,196.6123761270154,3.133951124379879,16.666666666666668,20.72837417511939,0.7002372309795835,33.333333333333336,0.547727541046635,1.7324856018040804,0.3318244041498257,1.4223215249407652,1.006945137242439,0.32596012026013244,0.1292517006802721,1,C:\Users\JHASHANK\Desktop\Maj_Proj\DFDC_Dataset\Fake\agefbqufao.mp4,DFDC_Dataset/Fake
168.75,-2.136313109763145,111.09274412014159,0.834843653528145,0.8144674561569044,0.6692493661110656,0.5488100650996813,-0.06534802277825294,49.21875,3.972798373443347,154.37207401527502,0.17382865624958463,16.666666666666668,20.174129398220096,0.8673351627622121,33.333333333333336,0.4566300069432375,2.049920014419215,-0.4170791154235802,1.7610533507737096,1.625811066813211,0.30423765978790007,0.1292517006802721,1,C:\Users\JHASHANK\Desktop\Maj_Proj\DFDC_Dataset\Fake\agetriarxi.mp4,DFDC_Dataset/Fake
91.40625,-2.5146619026770938,132.50773199998753,0.8722180660261932,0.762482390898008,0.6176731520745511,0.449011751857034,-0.23906724977079621,42.1875,3.01941452568572,138.51807818733306,1.601678836159393,16.666666666666668,19.670156874690758,1.1341540633394342,33.333333333333336,0.5611646179615672,1.6927854119597723,2.524837071524603,2.2117798192284672,1.9643546627044024,0.37610755726430306,0.1360544217687075,1,C:\Users\JHASHANK\Desktop\Maj_Proj\DFDC_Dataset\Fake\agilfnldve.mp4,DFDC_Dataset/Fake
91.40625,3.4252103811461936,144.87116456005884,0.7668526826061,0.7515525488689158,0.7261173335530728,0.5901436427038853,-0.049742711403894774,28.125,5.396224461768294,208.69133099287876,1.847670195070074,0.0,26.658686179249838,0.7286514878987378,0.0,0.3254207786749747,1.8777556286478945,-0.046747904523162465,1.9452792181268785,1.5444864797317623,0.3725376392130686,0.14285714285714285,1,C:\Users\JHASHANK\Desktop\Maj_Proj\DFDC_Dataset\Fake\agjhckhukv.mp4,DFDC_Dataset/Fake
63.28125,0.48983059987669475,69.9977953797453,0.8836425016377325,0.6483443351021206,0.6411469987309857,0.7150804878965418,0.32677618461717456,70.3125,3.227655660171317,153.89360482432153,61.67970111527421,16.666666666666668,22.201037226347395,0.7747788329029047,33.333333333333336,0.5713351243007497,2.012170679860719,1.5288867407679056,1.9083743522086865,1.282798855512254,0.1894677168173557,0.12244897959183673,1,C:\Users\JHASHANK\Desktop\Maj_Proj\DFDC_Dataset\Fake\agkuzeyvkl.mp4,DFDC_Dataset/Fake
147.65625,-1.1609660232118926,55.20724142875498,0.8182904152394375,0.7520796489886917,0.6974836906674167,0.6113140370681525,0.015517664512165751,0.0,5.30098794538399,186.77844040052668,1.4461964360374546,16.666666666666668,16.76384654866214,0.8613841097555778,0.0,0.38113133782685654,2.170263381246987,0.5946724036444366,1.9402091609291254,1.2735146668800021,0.14507012346242182,0.14285714285714285,1,C:\Users\JHASHANK\Desktop\Maj_Proj\DFDC_Dataset\Fake\agldheqnhf.mp4,DFDC_Dataset/Fake
175.78125,-3.188748043040215,129.42775285801935,0.876486613910387,0.830707681595332,0.641468912497878,0.6537362689949671,0.19818544578378,0.0,3.3753671603271767,159.510979838619,0.8936451251132478,16.666666666666668,15.667380731509946,0.9560454073790133,33.333333333333336,0.5680956359514426,2.1978485332906583,-0.5454126334433154,1.2253483228438646,1.1600975892360894,0.33520856855314374,0.10204081632653061,1,C:\Users\JHASHANK\Desktop\Maj_Proj\DFDC_Dataset\Fake\agplffthuy.mp4,DFDC_Dataset/Fake
56.25,1.476868766449768,93.1545907498808,0.8119687855138256,0.7803729423572573,0.7202186786141695,0.7849790072889059,0.4946468944666616,21.09375,5.46697617162899,157.20174579331936,2.463685704712826,0.0,14.683428494637711,0.7851793834356848,0.0,0.4498138476663959,1.5911121406145634,0.0037144962672077675,1.5735202096717311,1.340432988396642,0.2834724370630098,0.12244897959183673,1,C:\Users\JHASHANK\Desktop\Maj_Proj\DFDC_Dataset\Fake\agsrndrnjg.mp4,DFDC_Dataset/Fake
126.5625,-1.7331995476760893,136.35890143294645,0.882565266560169,0.7272010681953363,0.651765930735422,0.599545659083002,0.029242267427002384,14.0625,3.19435496233676,270.09461784889515,3.1004012476349425,0.0,23.509119411587545,0.8705027821945259,0.0,0.5677560876668108,2.0624895072434017,1.8886222531277168,1.755668425965776,1.7655417342414217,0.2460611755180988,0.12244897959183673,1,C:\Users\JHASHANK\Desktop\Maj_Proj\DFDC_Dataset\Fake\agwtvukqyx.mp4,DFDC_Dataset/Fake
42.1875,-0.8591408437098744,315.07836551758606,0.8933008583214277,0.8092783540060218,0.6143265185719738,0.3167142040893977,-0.07223933571082605,42.1875,3.3609357542497014,192.93006837622949,2.1881623381945996,16.666666666666668,12.181449050112787,0.4671118987160188,0.0,0.5812194133148202,1.837584683660841,-0.18033880453829632,1.5437966161830035,1.2329068556796492,0.5468302211462238,0.09523809523809523,1,C:\Users\JHASHANK\Desktop\Maj_Proj\DFDC_Dataset\Fake\agxplbynwg.mp4,DFDC_Dataset/Fake
77.34375,1.6133440581466176,159.7173812497508,0.7933541949025394,0.8195593146823771,0.7083678524310367,0.6382350920384339,0.07312980579804476,7.03125,4.858700398119059,163.2306462376108,1.9613461915847346,16.666666666666668,24.287876518163174,0.9092060436170133,33.333333333333336,0.357514346375072,1.5182099583500683,-0.46942014729717574,1.584329030138888,0.9574378267681323,0.3791851497296242,0.1292517006802721,1,C:\Users\JHASHANK\Desktop\Maj_Proj\DFDC_Dataset\Fake\ahauixjqjp.mp4,DFDC_Dataset/Fake
63.28125,7.142233079188505,119.30353445448853,0.79014731927018,0.7410805154616046,0.7301774053693134,0.6398714582605718,0.13396474289596672,21.09375,5.143108460957006,148.494231365137,0.691607231903375,33.333333333333336,25.98305880598477,1.0377232874437456,33.333333333333336,0.3368078028009555,1.489641502720306,0.05120629255471876,1.8823725988011855,1.4581354002683362,0.2909842303768013,0.1292517006802721,1,C:\Users\JHASHANK\Desktop\Maj_Proj\DFDC_Dataset\Fake\ahbjzjoucp.mp4,DFDC_Dataset/Fake
98.4375,-0.5474291315266182,146.66666666666666,0.822601752965784,0.7653650199933711,0.6655089836116407,0.5963707122791067,-0.04762519459057741,70.3125,4.127537314096101,197.32658139872353,-0.06331610373833238,33.333333333333336,16.528043925511845,0.8607281874463146,66.66666666666667,0.41234356774269126,1.581677434656864,0.25050544031166533,1.6029614165782444,1.0206343263331878,0.3333333333333333,0.11564625850340136,1,C:\Users\JHASHANK\Desktop\Maj_Proj\DFDC_Dataset\Fake\ahcbiribgn.mp4,DFDC_Dataset/Fake
112.5,-0.8892620903581244,126.68615834434864,0.8627808696664289,0.7681078189573992,0.6702279508536293,0.5361051947861324,0.014401547086151245,0.0,4.2465024585714,151.57319422657372,6.688661689402724,33.333333333333336,23.145514465813424,0.8175176223805872,66.66666666666667,0.5372005839418326,2.195434279493996,0.34626500100752944,1.73169196955953,1.5898688919821073,0.36492290182973636,0.14285714285714285,1,C:\Users\JHASHANK\Desktop\Maj_Proj\DFDC_Dataset\Fake\ahcxtenjgp.mp4,DFDC_Dataset/Fake
91.40625,1.572388993020946,96.54526220545982,0.7771543714263264,0.8067414175558089,0.7091674800111826,0.8257524711287496,0.6287945969423687,77.34375,4.541656703880974,172.7036587369947,2.109074651496524,0.0,15.189791458458227,0.8770222908538802,0.0,0.31296374123357995,1.5745143284436005,-0.1813742724479379,1.2072400523061941,0.9298766306300575,0.25556098819092304,0.12244897959183673,1,C:\Users\JHASHANK\Desktop\Maj_Proj\DFDC_Dataset\Fake\aheocfkxjx.mp4,DFDC_Dataset/Fake
42.1875,2.8922571001662383,215.98450304490729,0.8241602487050421,0.7563271590357136,0.6448681373927811,0.8531248453955305,0.6694369839678296,70.3125,4.907937648186001,218.69389344453785,1.9330928361722424,0.0,9.371144667059246,0.6351784330096639,0.0,0.423154183064091,1.523489480695624,0.34894501761845786,1.1144598967829344,0.9325113470344436,0.3956967994715858,0.10884353741496598,1,C:\Users\JHASHANK\Desktop\Maj_Proj\DFDC_Dataset\Fake\ahjnxtiamx.mp4,DFDC_Dataset/Fake
63.28125,-0.31667621664815393,113.11151282109115,0.8552073796997403,0.739729385650811,0.6423515280057563,0.7297759639573105,0.4580644714958382,28.125,3.9654568998287667,150.83908987706423,2.22569173067225,0.0,15.418931166979569,1.1933873034328175,0.0,0.341139558472462,1.8980805602753659,1.4598320766802173,1.305232248528774,1.1329821672260494,0.3128616312072735,0.1360544217687075,1,C:\Users\JHASHANK\Desktop\Maj_Proj\DFDC_Dataset\Fake\ahqbzhlgfd.mp4,DFDC_Dataset/Fake
140.625,-2.0383053846833845,101.03629710818448,0.8490339186924154,0.7049014665923523,0.6764461641725891,0.317191417238573,-0.5267152039335706,70.3125,4.468250138473653,173.06819073972454,1.387198506212088,66.66666666666667,15.566167072105571,1.519684480751173,133.33333333333334,0.5214374151134212,1.9652162487713298,2.9364340588849123,2.3614976904686404,2.1573614751265944,0.2579650138932371,0.11564625850340136,1,C:\Users\JHASHANK\Desktop\Maj_Proj\DFDC_Dataset\Fake\ahrigbsxpt.mp4,DFDC_Dataset/Fake
77.34375,2.854376065426119,86.76603408708853,0.8080752722896312,0.817129495113113,0.7351161528612642,0.5410468722171509,0.3722265987435549,21.09375,5.18640958378059,229.28898913325426,1.9162612121453015,33.333333333333336,24.884651977149737,0.4297352144782832,33.333333333333336,0.49848181308916883,1.5791322827078835,-0.5693527824811047,1.4522267992878766,1.183925774875969,0.2591143042411716,0.11564625850340136,1,C:\Users\JHASHANK\Desktop\Maj_Proj\DFDC_Dataset\Fake\ahssjssyen.mp4,DFDC_Dataset/Fake
98.4375,-2.3056386443243055,119.67032904743343,0.8971411881367894,0.8006625428534444,0.6163406575064981,0.5942300510947229,0.32401316897577337,21.09375,2.7395347699976726,167.70323341213248,1.491128247885954,0.0,22.751976398621814,0.7862075006743473,0.0,0.5617977034322884,2.040394578601894,0.016509860891907646,1.1363861078524389,0.91454654265327,0.3363914084626716,0.14285714285714285,1,C:\Users\JHASHANK\Desktop\Maj_Proj\DFDC_Dataset\Fake\ahwduszjzf.mp4,DFDC_Dataset/Fake
77.34375,-0.7092356402991189,119.67032904743344,0.8770328145592667,0.774076246013583,0.6407422422020551,0.6148258073907265,0.17318330074265711,0.0,3.8360287868160494,183.16785803281135,0.8829594206992849,0.0,19.164515455072678,0.841154220156209,0.0,0.5843624218016317,1.652003544904453,0.15432950705955584,1.6875732329823365,1.3295358756862692,0.35232596467081795,0.10884353741496598,1,C:\Users\JHASHANK\Desktop\Maj_Proj\DFDC_Dataset\Fake\aibiqkczez.mp4,DFDC_Dataset/Fake
77.34375,2.0520616820490627,135.03086067019393,0.8284995487087856,0.6825651447896968,0.7039297107672592,0.6300506062508737,0.34139267669181694,21.09375,4.758255910997846,161.2562329414007,1.4339484451607765,0.0,15.180385305017028,1.2206703536617736,0.0,0.5211938070307739,1.5100235724460571,2.6410363135891766,1.818833083778554,1.875644461107595,0.3045808887297608,0.10884353741496598,1,C:\Users\JHASHANK\Desktop\Maj_Proj\DFDC_Dataset\Fake\aicezwkwgl.mp4,DFDC_Dataset/Fake
91.40625,-0.49552339547816615,67.35185082088748,0.849892061840527,0.7762750815249005,0.6116132257393126,0.652401722605888,0.17945192579225305,14.0625,3.673378018863586,170.4875004562342,0.6786191142401957,33.333333333333336,12.183300100524455,0.7832906521496767,33.333333333333336,0.4801389447091895,1.894269397481704,0.16203086009986567,1.4573958242608929,1.0062915005062765,0.18521758975744063,0.14285714285714285,1,C:\Users\JHASHANK\Desktop\Maj_Proj\DFDC_Dataset\Fake\aigiiemnfz.mp4,DFDC_Dataset/Fake
56.25,0.9118967143545345,85.37498983243798,0.8010734883063221,0.7580756189041695,0.7015157696322817,0.5873456419906796,0.25849501066548397,84.375,5.032023243365102,182.65139706938777,1.9994511427940227,0.0,13.030884883524589,1.316650451964196,0.0,0.2602057911571275,1.6319561633044908,1.175355754821429,1.2858753427046854,0.9741088312169581,0.26762911716144994,0.1292517006802721,1,C:\Users\JHASHANK\Desktop\Maj_Proj\DFDC_Dataset\Fake\aijlttdlrj.mp4,DFDC_Dataset/Fake
70.3125,1.7365426384139793,133.54150416006755,0.8764499019178387,0.7218149698552734,0.6360317465303451,0.4950922373840479,-0.2331275816488016,91.40625,3.3929486451926842,172.53506911381984,2.1130638356289,16.666666666666668,21.45666247573822,1.6305429093643105,33.333333333333336,0.4999896394980111,2.009844189109188,1.7662561625065436,2.0967879123398663,1.7372281836323602,0.3619355749095041,0.1564625850340136,1,C:\Users\JHASHANK\Desktop\Maj_Proj\DFDC_Dataset\Fake\aimzesksew.mp4,DFDC_Dataset/Fake
105.46875,1.5526651905072217,176.33419974582358,0.8189863573028037,0.7217302317866233,0.7163211733724575,0.6487960378696961,0.18355626851590098,28.125,4.828517204088024,209.94808680543454,2.120326006897491,0.0,21.855876546838285,0.74062846607808,0.0,0.4143327257259088,1.7747962807257922,0.785875098721057,1.8755044357146937,1.6951031240394558,0.3230550224350966,0.12244897959183673,1,C:\Users\JHASHANK\Desktop\Maj_Proj\DFDC_Dataset\Fake\aisdsiyxvh.mp4,DFDC_Dataset/Fake
112.5,-3.1688390647248648,96.70497325294004,0.8772516698237636,0.7783956335189284,0.6268101420723018,0.5683293254110148,0.2051397022227621,56.25,3.6174201912040367,174.83179449996226,-0.12630445497469317,16.666666666666668,21.37839292933293,1.08086728501271,33.333333333333336,0.5633474679427991,2.066986742965526,0.5039716566202013,1.6923933599846201,1.524889574555256,0.2872928296923729,0.1292517006802721,1,C:\Users\JHASHANK\Desktop\Maj_Proj\DFDC_Dataset\Fake\aiuutdsmpd.mp4,DFDC_Dataset/Fake
147.65625,-4.499059867866819,92.29582069908972,0.8908650062981126,0.753403900186207,0.6194343258141899,0.7455786939934008,0.47376044324198435,28.125,3.4732897104631726,147.88984778610086,-12.079785468871783,0.0,21.939981491030082,1.289250051470961,0.0,0.643320676166499,2.161433889630448,1.4761908259784775,1.2344632890836782,1.0885303806879743,0.2680278562618297,0.1292517006802721,1,C:\Users\JHASHANK\Desktop\Maj_Proj\DFDC_Dataset\Fake\aiwvljvnzz.mp4,DFDC_Dataset/Fake
91.40625,0.07201289747359917,90.39522275151654,0.8641356427322484,0.8044063606313628,0.6441720972890169,0.8361296325646077,0.5546448183880448,28.125,3.3667882343193702,178.2567709088608,1.439760452271736,0.0,12.328363576593734,1.0034079032389547,0.0,0.5297180141784588,1.867317768539383,-0.23982537093035283,1.3842711370515173,0.8657792037116705,0.2667405462826038,0.1292517006802721,1,C:\Users\JHASHANK\Desktop\Maj_Proj\DFDC_Dataset\Fake\aixkdvqcem.mp4,DFDC_Dataset/Fake
56.25,5.738196658549316,117.70554505237557,0.8041668003902724,0.7959100266877833,0.6488566159349878,0.6852754985526444,0.1423157280798476,49.21875,4.125199510484151,217.8240320574048,0.30242356790722463,0.0,9.468650693602813,1.2205615180889458,0.0,0.3179970397867777,1.5256741165093979,-0.15340267121482043,1.5375273649617989,1.0147579121136399,0.2604958783946017,0.07482993197278912,1,C:\Users\JHASHANK\Desktop\Maj_Proj\DFDC_Dataset\Fake\aiyqaylifg.mp4,DFDC_Dataset/Fake
84.375,-1.3520684419372822,106.24918300339485,0.9129430332007908,0.7115798993287246,0.6148574726860898,0.7518607164106671,0.5019085279721217,70.3125,2.6437954172034597,228.12423844714266,2.384609728130498,0.0,21.2659922543848,0.8750647483677834,0.0,0.6754147281413877,1.9134176781026444,2.1060204763840487,1.4693748056841405,1.1139462231015693,0.24902152266420668,0.14285714285714285,1,C:\Users\JHASHANK\Desktop\Maj_Proj\DFDC_Dataset\Fake\ajafdvgcyj.mp4,DFDC_Dataset/Fake
70.3125,0.3102642151550279,81.03306747674901,0.901432485154475,0.7745758014336311,0.6603001597949533,0.49653049728702936,-0.2611561853406267,28.125,3.6150977150438273,159.62550179806124,1.4266003282556192,33.333333333333336,14.90444490207831,1.0677738840512974,0.0,0.6918843104620116,1.7952040769490094,0.71127633824445,2.0865684393478046,1.383283414955861,0.20399933071069679,0.11564625850340136,1,C:\Users\JHASHANK\Desktop\Maj_Proj\DFDC_Dataset\Fake\ajcgqfzbef.mp4,DFDC_Dataset/Fake
98.4375,0.12383908242920212,103.96791738976444,0.8255549130126868,0.7708273822454443,0.6838898774263764,0.596414954127396,0.04354411952382123,77.34375,4.9326686820089165,184.6440771523211,2.068906011667154,16.666666666666668,9.980397956209366,0.6619803022640277,33.333333333333336,0.3870305896273789,1.7327678681205678,-0.007422227925034441,1.8900070643630944,1.4518473334773134,0.30656930129124327,0.1564625850340136,1,C:\Users\JHASHANK\Desktop\Maj_Proj\DFDC_Dataset\Fake\ajeegjgyzk.mp4,DFDC_Dataset/Fake
49.21875,3.9569206370927286,141.4213562373095,0.7737596701479551,0.8064727120439618,0.7488236711159119,0.7143630690419289,0.2531159092564112,49.21875,5.900877489855418,205.30430045395534,1.153367906334394,0.0,8.652970696764838,0.707272379779356,0.0,0.36351408142444375,1.4895443060891358,-0.4096023807033484,1.3521907960916573,1.190977299336164,0.30304576336566313,0.1292517006802721,1,C:\Users\JHASHANK\Desktop\Maj_Proj\DFDC_Dataset\Fake\ajmuljcfkb.mp4,DFDC_Dataset/Fake
126.5625,-4.573168159985464,95.73072120564431,0.892127259845469,0.7591556692955661,0.617631243478502,0.7320834425306959,0.19218803625321293,133.59375,2.933345667850329,161.1128824953758,2.0990731010153065,0.0,17.361565250131157,0.9293124586115067,0.0,0.538149720503329,1.9752014837487826,0.6528671238185084,1.6683231092748434,0.7395052266420441,0.2718229696620334,0.14285714285714285,1,C:\Users\JHASHANK\Desktop\Maj_Proj\DFDC_Dataset\Fake\ajovkrmjye.mp4,DFDC_Dataset/Fake
49.21875,-0.48043711783858833,140.0,0.8499735390517642,0.8423677018961999,0.6218056970059898,0.7069188034062487,0.38857447601198414,14.0625,4.017999930730564,163.92506839877635,-2.561943526310672,0.0,18.528433191791297,1.01293554968692,0.0,0.4135925689874216,1.7123259745795603,-0.6654890869639614,1.198412482716217,1.1404329531888788,0.3387096774193548,0.09523809523809523,1,C:\Users\JHASHANK\Desktop\Maj_Proj\DFDC_Dataset\Fake\ajowqizwjl.mp4,DFDC_Dataset/Fake
77.34375,-0.2737830096473442,213.4053376427842,0.9132188569852612,0.6386447329818044,0.6077706016595248,0.6593159502129271,0.12722884245562402,35.15625,2.5022978621168934,160.27762731548827,0.6011100518704932,16.666666666666668,12.53615236630864,0.9079812155997717,33.333333333333336,0.6851894762715339,2.1372751145470494,3.9649910350222832,1.8728168674591772,1.086164524379251,0.48040229669943524,0.09523809523809523,1,C:\Users\JHASHANK\Desktop\Maj_Proj\DFDC_Dataset\Fake\ajozokmfyd.mp4,DFDC_Dataset/Fake
70.3125,0.25284897017319585,163.16039713344583,0.8297431803259306,0.825092902340703,0.6858993115298144,0.7223767572959663,0.4066712703196189,56.25,4.571344302925949,290.79034184554575,0.7314044848403819,0.0,19.631125118578453,0.6015581810308147,0.0,0.4806510193152142,1.6820814962521156,-0.5474466269410514,1.4283200714756419,1.3320229931987833,0.41451087173004514,0.10884353741496598,1,C:\Users\JHASHANK\Desktop\Maj_Proj\DFDC_Dataset\Fake\ajqmtwoocc.mp4,DFDC_Dataset/Fake
105.46875,-1.1486861538957036,110.86392257107974,0.8547809259960056,0.6982278907790852,0.6536101044760123,0.41939813577425356,-0.46531883489658016,42.1875,3.2162211476061437,196.19025299950295,9.209983284412193,0.0,28.582617893491754,0.920289992923256,0.0,0.45957394556739684,1.7965747605902487,2.7710154909163673,2.3269258920580547,1.863918651471138,0.3066853708170523,0.1292517006802721,1,C:\Users\JHASHANK\Desktop\Maj_Proj\DFDC_Dataset\Fake\ajqqjqkpsr.mp4,DFDC_Dataset/Fake
42.1875,-2.769177505381415,140.05681778658544,0.8637862211185902,0.7902177192544972,0.5998331224184345,0.47327232413522113,-0.03149646898450727,70.3125,3.8358672141833345,206.05325133663257,1.7775798083167054,0.0,8.656130157582076,0.8659459345115665,0.0,0.5039668326786899,1.885097385994015,0.08065784754392613,1.8007024007200672,1.1612813843836083,0.3373926732972333,0.10884353741496598,1,C:\Users\JHASHANK\Desktop\Maj_Proj\DFDC_Dataset\Fake\ajrhthktnq.mp4,DFDC_Dataset/Fake
63.28125,9.091548526202828,90.73771725877468,0.6876078951053561,0.7706503264495315,0.8182230100933198,0.5593228273527733,-0.24513814830893935,7.03125,7.744136348452848,162.0792029839265,-7.809748271338275,0.0,20.721016361452605,1.9049389214435875,0.0,0.2672963800807319,1.3477314463477792,0.40420388116312145,1.816449020710958,1.1633144726142217,0.24866993122184586,0.08163265306122448,1,C:\Users\JHASHANK\Desktop\Maj_Proj\DFDC_Dataset\Fake\ajtziexlkt.mp4,DFDC_Dataset/Fake
70.3125,4.722628545079451,200.27416051253,0.7734719782714693,0.7253414700804333,0.7118054507258393,0.5850351034761351,0.23692668620270835,28.125,4.3448028923049336,142.74272116495214,-0.6604983102852864,66.66666666666667,18.75838482200254,1.2191038914621133,133.33333333333334,0.40425298425884854,1.414975548275618,1.1922608861990565,1.4554586136960912,1.5662529666741654,0.4936465017468155,0.11564625850340136,1,C:\Users\JHASHANK\Desktop\Maj_Proj\DFDC_Dataset\Fake\ajxqmncunn.mp4,DFDC_Dataset/Fake
49.21875,4.974197403076416,169.60738977611402,0.7423627090300619,0.7067467688705362,0.7876511469230978,0.5225023197774405,-0.2366418308862449,0.0,7.199405227593618,184.08541010927206,1.5689734315516597,0.0,9.72174386867586,1.4902938112520967,0.0,0.3171975272910827,1.435397188685556,4.49018461896829,1.9913623151037427,1.524371286236851,0.4111959698293075,0.10884353741496598,1,C:\Users\JHASHANK\Desktop\Maj_Proj\DFDC_Dataset\Fake\akbezffrjx.mp4,DFDC_Dataset/Fake
98.4375,-1.4057565376796675,84.19663023908973,0.8669746366788037,0.763573295051433,0.6553115710497118,0.4788369189942738,-0.050032630234148494,35.15625,3.538182837608332,143.64556008948836,10.621191854468218,16.666666666666668,20.605413370105758,0.9251896965534243,0.0,0.3882485157887874,1.8914009302925667,0.22530031741377288,1.8313713590539376,1.2219455959608903,0.2667885723794869,0.1564625850340136,1,C:\Users\JHASHANK\Desktop\Maj_Proj\DFDC_Dataset\Fake\akcogqlmdd.mp4,DFDC_Dataset/Fake
105.46875,-2.8290208610612644,89.68877931484087,0.8277247386017202,0.8034744015867805,0.6463205532320215,0.7437045785693911,0.537232479766828,21.09375,3.2709479573238953,202.8980075947521,1.7587308540505973,0.0,23.51108097759792,0.9672782428453865,0.0,0.34371344239869267,1.8132049397295238,0.013789805767189467,1.2398408482651415,1.2016689638121785,0.25084736430960847,0.1292517006802721,1,C:\Users\JHASHANK\Desktop\Maj_Proj\DFDC_Dataset\Fake\akfjqoantp.mp4,DFDC_Dataset/Fake
56.25,0.25076998766339376,76.08474807008886,0.8732526283745685,0.7527716912788446,0.650866863047585,0.7805711257123733,0.4049350150566124,14.0625,3.8618967410602902,138.86331867375077,2.0215479239786878,0.0,14.186360666719054,0.8047377182614859,0.0,0.6077644443316649,1.9770018632162583,1.005388484049596,1.4822910048330131,1.2528836662321237,0.23373530867498649,0.1292517006802721,1,C:\Users\JHASHANK\Desktop\Maj_Proj\DFDC_Dataset\Fake\akjkqsvfzl.mp4,DFDC_Dataset/Fake
49.21875,4.128183835166054,132.7068615826292,0.8148876798403111,0.7268501205468785,0.7216561958960384,0.875331971884989,0.7569022052655089,14.0625,5.240811572386197,150.1768616865713,-1.8937670973707972,0.0,8.64543780709259,1.4561902602066046,0.0,0.43335365798796627,1.5968656546075433,2.3015137058773263,0.9919168201415522,0.9207891893607216,0.37979916382779294,0.061224489795918366,1,C:\Users\JHASHANK\Desktop\Maj_Proj\DFDC_Dataset\Fake\akjvglpobj.mp4,DFDC_Dataset/Fake
63.28125,9.333679129956765,222.3355719986429,0.6833251287568808,0.7810464842393073,0.8063173005419798,0.6170159261229275,-0.05793984612841786,28.125,7.002231803605278,212.46089380540644,2.6839001663978124,16.666666666666668,23.804834827830565,0.6483207421639252,33.333333333333336,0.2608290484654708,1.3273624629093055,-0.3031094366600402,1.9308650696083827,1.3818922376774263,0.48483164953936525,0.10884353741496598,1,C:\Users\JHASHANK\Desktop\Maj_Proj\DFDC_Dataset\Fake\akmletxfbg.mp4,DFDC_Dataset/Fake
154.6875,-3.262632726712375,82.58927081843615,0.8631071397691765,0.8386342708312348,0.6454270617088224,0.6133351527564233,-0.07920377913162868,77.34375,3.9689814676808637,161.159133890754,3.7675006648783564,0.0,19.047363386191606,0.6295298502221907,0.0,0.5170012505296206,2.1214144142017552,-0.8013349195116501,1.8196409529189652,1.3694531173055766,0.20938124996223254,0.1564625850340136,1,C:\Users\JHASHANK\Desktop\Maj_Proj\DFDC_Dataset\Fake\akmmrizujh.mp4,DFDC_Dataset/Fake
91.40625,3.838190513107077,98.9388138643722,0.8472863429886875,0.7861297640413657,0.6966321872892665,0.5713481999279917,0.2503070177457916,35.15625,4.103956556687375,220.6029316678638,1.0857735341000418,16.666666666666668,19.644855016218315,0.8507890759695386,0.0,0.541276822274925,1.9202431523778494,-0.05199544666576106,1.5738144762753634,1.154995716983989,0.27196414661021057,0.09523809523809523,1,C:\Users\JHASHANK\Desktop\Maj_Proj\DFDC_Dataset\Fake\akmvjzulkz.mp4,DFDC_Dataset/Fake
126.5625,-3.96773605865591,86.66666666666667,0.8971805953675173,0.7210584999817821,0.6066830887754214,0.46822018468717924,-0.16413410685413354,119.53125,2.2621031086724246,187.42057910309833,1.0745926244388744,50.0,13.069743119927695,1.1785175946730369,0.0,0.556195006140907,1.9491015357241877,2.288723376361318,1.57064992195122,1.1472488504613856,0.22033898305084745,0.10204081632653061,1,C:\Users\JHASHANK\Desktop\Maj_Proj\DFDC_Dataset\Fake\akxvfiuusn.mp4,DFDC_Dataset/Fake
112.5,-1.4799293894240853,106.70266882139211,0.8814275347325254,0.8035901651595717,0.6402157195053926,0.6346387871981451,0.25155220458866984,28.125,3.681538922812797,250.57655648727888,-0.5874886464123348,0.0,13.3365731567226,0.4500303983597326,0.0,0.5769591865911294,2.0732839959136085,-0.12487898074873094,1.5682766815304663,0.972239521845216,0.28125,0.1292517006802721,1,C:\Users\JHASHANK\Desktop\Maj_Proj\DFDC_Dataset\Fake\alcueoqbnp.mp4,DFDC_Dataset/Fake
63.28125,-1.6696127233655766,68.83525267636696,0.896638745813022,0.7663633652346233,0.619880679694792,0.48790070198021246,-0.3783028778261773,21.09375,2.743552699702607,180.2250573929423,1.2724160633012476,16.666666666666668,25.842684401494832,0.714385722667497,33.333333333333336,0.5772691816053248,1.9649947943100612,0.07827609757803478,2.179175291542602,1.559786434308877,0.22953069401835371,0.1564625850340136,1,C:\Users\JHASHANK\Desktop\Maj_Proj\DFDC_Dataset\Fake\alcymltoqb.mp4,DFDC_Dataset/Fake
70.3125,2.9767292815431565,189.76056043020262,0.8500413531565131,0.770542521267771,0.6791585756002374,0.5473055057201619,0.35224389967220515,56.25,4.3072387123064475,215.1350326298437,2.2272978853684795,0.0,21.30181315579953,0.5995497255483436,0.0,0.49492642096676787,1.6886219134681066,0.9637715980827024,1.5295622686030808,1.146918459236585,0.39959979979974963,0.11564625850340136,1,C:\Users\JHASHANK\Desktop\Maj_Proj\DFDC_Dataset\Fake\aldiaifkrb.mp4,DFDC_Dataset/Fake
140.625,-1.2449987534626674,118.50925889754119,0.8382334622435326,0.757961747923151,0.6740150246420655,0.6605396253177149,0.10714236269991637,42.1875,4.092007834445223,185.07116272133146,5.005180397094634,16.666666666666668,9.606088567101654,0.7115730470517682,33.333333333333336,0.39948028135748176,2.043488788330779,0.7823822708038959,1.8888432596265747,1.550747806597275,0.2614174828622231,0.11564625850340136,1,C:\Users\JHASHANK\Desktop\Maj_Proj\DFDC_Dataset\Fake\alfidaevix.mp4,DFDC_Dataset/Fake
77.34375,3.619780494608306,144.87542541400487,0.7822281155796172,0.815776276197253,0.7513874570213863,0.5391305125458045,-0.2569974190923194,0.0,6.256727970436406,163.37441923089915,0.02406397173990368,50.0,19.559044308095515,1.3057647644613792,66.66666666666667,0.44998145205340706,1.5739130873473912,0.6319954321924879,1.868416057189582,1.0628766169518933,0.35867735277578494,0.08163265306122448,1,C:\Users\JHASHANK\Desktop\Maj_Proj\DFDC_Dataset\Fake\alhqvmlmfm.mp4,DFDC_Dataset/Fake
70.3125,0.6936442307471566,94.76664103704177,0.8699177696457912,0.7882629842048922,0.6496771926046712,0.7269215649953997,0.24886758882730525,7.03125,3.8968499900118347,196.1676707192268,1.9165647003397988,16.666666666666668,18.246121493079784,0.5050664573904909,33.333333333333336,0.5791217003528749,1.844647261288255,-0.15134576442521297,1.414365669100701,0.9490963142625125,0.28704737199916375,0.1292517006802721,1,C:\Users\JHASHANK\Desktop\Maj_Proj\DFDC_Dataset\Fake\aljaxpxbld.mp4,DFDC_Dataset/Fake
63.28125,10.252430559758581,202.52182391840472,0.7145158363165393,0.8245477227765228,0.7797520587833251,0.558371070482793,0.03727650816219149,0.0,7.219724204496111,164.47560656885162,1.3118341698854845,16.666666666666668,18.561188152817063,0.6280294630259909,0.0,0.19518041224549273,1.3359068550481292,-0.6035403832364468,1.735110451537452,1.2190948192671056,0.4206222496766867,0.09523809523809523,1,C:\Users\JHASHANK\Desktop\Maj_Proj\DFDC_Dataset\Fake\almydrosfd.mp4,DFDC_Dataset/Fake
91.40625,3.201884718189165,211.47629234082532,0.820094250902513,0.8372416740143165,0.684316681385656,0.33320429202054963,-0.27425733334434,28.125,3.956050573232018,145.98445697060166,1.7811420923846766,116.66666666666667,15.813260768107549,0.7566653335877861,200.0,0.3952319035454606,1.7383222868482937,-0.7474151397183775,1.9166757933202445,1.604897174201711,0.5053906879807054,0.10204081632653061,1,C:\Users\JHASHANK\Desktop\Maj_Proj\DFDC_Dataset\Fake\alqayvaatm.mp4,DFDC_Dataset/Fake
63.28125,2.5739469819235823,81.71767114754175,0.8569785548636423,0.8001417063934362,0.7060028001713735,0.5737070617593788,0.1694274473407491,28.125,4.260089935695293,127.17005021157004,2.030187502956817,0.0,16.308210396964963,0.5569606638820307,0.0,0.6145654618695235,1.7864823463790034,-0.2382293074488242,1.6308409803610249,1.6014254783583124,0.2679896322176593,0.1292517006802721,1,C:\Users\JHASHANK\Desktop\Maj_Proj\DFDC_Dataset\Fake\alqiqhnrza.mp4,DFDC_Dataset/Fake
70.3125,0.8380146547730349,122.82050538574524,0.874716558352812,0.7882630268933571,0.650599146803464,0.5241916851763713,-0.03400678894942414,7.03125,3.2374435640219135,165.0923079657121,2.3106301912856013,16.666666666666668,20.800619831117185,0.9152088001793514,33.333333333333336,0.5477433647013702,1.6607233793270424,0.12814361857668555,1.7998303518581686,1.5573635260889616,0.347675087996961,0.12244897959183673,1,C:\Users\JHASHANK\Desktop\Maj_Proj\DFDC_Dataset\Fake\alrtntfxtd.mp4,DFDC_Dataset/Fake
77.34375,2.6393294351002194,108.58468404344798,0.8219657428472587,0.7209593511929997,0.7170890680214081,0.4714252371658469,-0.281982148652854,14.0625,4.912569106346663,152.95782658366915,1.3455691915244692,33.333333333333336,22.91965358345786,1.1394126642572842,66.66666666666667,0.515144244477151,1.60980501831211,0.7381310988455656,2.1085599880692847,1.680626555918356,0.3025323238906874,0.12244897959183673,1,C:\Users\JHASHANK\Desktop\Maj_Proj\DFDC_Dataset\Fake\alumxqbzxq.mp4,DFDC_Dataset/Fake
147.65625,-4.253144500975328,82.73115763993904,0.8694895002577457,0.7806052326416815,0.6233014385891936,0.5225958602598795,-0.11264095730184681,42.1875,3.1817260037216606,164.7588917518514,1.3405383412383507,33.333333333333336,19.269283436235515,1.029144019224368,66.66666666666667,0.3861625891014802,2.0645318437297417,0.9313553589916466,1.8603112401087245,1.4686843563968943,0.2630668208823282,0.1292517006802721,1,C:\Users\JHASHANK\Desktop\Maj_Proj\DFDC_Dataset\Fake\amapzzdqse.mp4,DFDC_Dataset/Fake
77.34375,-0.026581559200228026,161.37430609197568,0.8509496386774231,0.7872419639909505,0.6430970467071068,-0.1767950531930123,0.15053874982986132,7.03125,3.755780520877263,371.7393691729415,0.9154998521326537,183.33333333333331,11.71752996640268,0.9345146610059004,200.0,0.47604956028441203,1.6089739466194097,-0.05902741582574755,1.5278788965902792,1.6845953573350256,0.3073796306513823,0.09523809523809523,1,C:\Users\JHASHANK\Desktop\Maj_Proj\DFDC_Dataset\Fake\ambabjrwbt.mp4,DFDC_Dataset/Fake
49.21875,-1.757296977269692,77.61362712039818,0.9030556786504403,0.8093708274539173,0.6230288406418143,0.5809119759357622,-0.14256599784184204,84.375,2.506894304407134,153.65978806340644,2.4519187427574147,50.0,12.433322906441406,0.677796106791005,100.0,0.5636515729216846,1.888880072368044,-0.6081691799498516,1.8290802153125112,1.4349658599097488,0.23489918391982129,0.1292517006802721,1,C:\Users\JHASHANK\Desktop\Maj_Proj\DFDC_Dataset\Fake\amcocxjkel.mp4,DFDC_Dataset/Fake
154.6875,-4.282013870929424,87.93937305515279,0.8886500798843298,0.7451597522363748,0.6161530803525803,0.7785359641826327,0.40108951345658234,77.34375,2.439472268465382,171.27309465738813,2.419298121900475,0.0,17.110534222057588,0.9645236818977743,0.0,0.5569788682344863,2.050042805022574,1.5180925470692817,1.5022205714452692,0.9505872175962792,0.27275348516163833,0.1360544217687075,1,C:\Users\JHASHANK\Desktop\Maj_Proj\DFDC_Dataset\Fake\amgcrtdght.mp4,DFDC_Dataset/Fake
140.625,-3.5683428870260183,98.93881386437221,0.8849212554449788,0.7375691556762726,0.6451338542647607,0.7177689816684908,0.2888615330809768,63.28125,4.274745202575966,180.49412961620706,-9.22387666221437,0.0,11.039506403446381,0.6409782312976291,0.0,0.5919987921816215,2.026579239871246,0.3787438889633288,1.6862859227185347,1.2078005777761216,0.2719641466102106,0.12244897959183673,1,C:\Users\JHASHANK\Desktop\Maj_Proj\DFDC_Dataset\Fake\amkqhexhou.mp4,DFDC_Dataset/Fake
63.28125,3.2875221612780674,185.04151645452805,0.7998848385701682,0.7389230543213288,0.7392796789580922,0.4509706895375395,-0.25987729260347897,28.125,5.6997587876981335,229.40435771193768,6.488804065077821,66.66666666666667,19.11501332154314,0.5469995548519185,133.33333333333334,0.4330985778880267,1.6266137325803829,0.9880687714560108,2.010260895459239,1.8261924322669851,0.3847397866876326,0.11643835616438356,1,C:\Users\JHASHANK\Desktop\Maj_Proj\DFDC_Dataset\Fake\amluexcfvi.mp4,DFDC_Dataset/Fake
175.78125,-4.539695738414014,267.1805747684657,0.8725835170279089,0.7563109660088192,0.6207619522093237,0.4231204017890958,-0.23880022198651382,42.1875,3.568420005656377,281.0152170885382,1.877560388736288,100.0,17.831259478537376,0.8633922208761964,200.0,0.4832728406222496,2.251264547685217,-0.04488886014074467,1.7975506900441518,1.5957012526595766,0.5189838502696817,0.12244897959183673,1,C:\Users\JHASHANK\Desktop\Maj_Proj\DFDC_Dataset\Fake\ammowfdpae.mp4,DFDC_Dataset/Fake
49.21875,3.0647771864057214,80.51715306416015,0.8471317793283631,0.7527435723605693,0.6838069321073752,0.3848024140066145,-0.2881098242926159,28.125,3.9456697166788537,140.09874606123086,0.603643789973407,83.33333333333333,12.886627462858321,1.2160272042293419,166.66666666666666,0.4976775814676126,1.5821988888421603,0.4662430709389742,1.9251812408957631,1.6430813237504578,0.23513858859445003,0.12244897959183673,1,C:\Users\JHASHANK\Desktop\Maj_Proj\DFDC_Dataset\Fake\amqaearxwx.mp4,DFDC_Dataset/Fake
161.71875,-1.774862489264131,64.76579969392354,0.8771113423242529,0.8142421153030587,0.672325659717593,0.5751984558483922,-0.11859240965861721,42.1875,4.3867879529502085,160.51420838799544,2.8078047287583185,33.333333333333336,21.591018416188877,0.8073818417481577,33.333333333333336,0.577013242230867,2.1824309171494907,-0.07943854479543733,1.66267867075424,1.2174369300996057,0.183033781743697,0.16326530612244897,1,C:\Users\JHASHANK\Desktop\Maj_Proj\DFDC_Dataset\Fake\amvvmpoytv.mp4,DFDC_Dataset/Fake
91.40625,5.337118279820548,166.19725562649276,0.6833988505887053,0.8019016956091161,0.8009701204205667,0.6941063146406783,0.1509834233531018,28.125,6.883186901491588,275.77824825878554,1.7120350333140737,16.666666666666668,16.9492082069169,0.4891804002079565,33.333333333333336,0.23376475621098547,1.5440201644308458,0.04223455945069299,1.400318860618819,1.0954257919299735,0.32964744917651456,0.09523809523809523,1,C:\Users\JHASHANK\Desktop\Maj_Proj\DFDC_Dataset\Fake\amvydakvli.mp4,DFDC_Dataset/Fake
56.25,3.4199965791499185,96.58077637337257,0.8227873560431981,0.804490354609605,0.6826769701887073,0.6774697391392839,0.3235561021055942,119.53125,4.292422726207552,193.15442464268233,2.1054913288445642,0.0,13.782294828771661,0.5388842424600115,0.0,0.3809922462902736,1.5566242692632377,-0.4310061157664635,1.6569079806235814,1.347692150254604,0.2663619149060971,0.11564625850340136,1,C:\Users\JHASHANK\Desktop\Maj_Proj\DFDC_Dataset\Fake\amwjdtnprx.mp4,DFDC_Dataset/Fake
49.21875,1.8322931359929406,86.92269873603531,0.8896405812843903,0.7135921748682849,0.6127959823157353,0.6050725199662879,-0.01474982134247384,56.25,2.7820396796744795,187.21567476365195,4.1199781453217375,0.0,13.894965660095586,1.1697011548616396,0.0,0.5164089799864668,1.772647432372075,2.6669879001409242,1.8978706382279056,1.5152716266486401,0.24296813105245607,0.1292517006802721,1,C:\Users\JHASHANK\Desktop\Maj_Proj\DFDC_Dataset\Fake\anbswjhddl.mp4,DFDC_Dataset/Fake
147.65625,-4.024458847473963,125.60962454277846,0.8996726998488372,0.7577211993398507,0.6239428309174236,0.631474416236137,-0.07170379674236915,28.125,2.716460216677655,155.0028619976864,3.540598517290424,0.0,13.668357082827601,0.9332343273898429,0.0,0.5735819547780044,2.0428019468354566,0.8691033792494154,1.6661612072376573,1.2026157731149756,0.3200045287121601,0.14285714285714285,1,C:\Users\JHASHANK\Desktop\Maj_Proj\DFDC_Dataset\Fake\anewicpmkd.mp4,DFDC_Dataset/Fake
49.21875,2.7576269200912886,227.64494771951834,0.854272207589672,0.6517524826257559,0.6342707357612252,0.6641147584266005,0.3098818460044076,21.09375,3.090179383675737,204.38327565593514,0.9939013648076175,0.0,13.110003647829204,1.466314099960729,0.0,0.42093168946129056,1.5167332413035177,4.20860902029956,1.7160106618640654,1.5819286031387183,0.5096528680287724,0.10204081632653061,1,C:\Users\JHASHANK\Desktop\Maj_Proj\DFDC_Dataset\Fake\angerpqrqg.mp4,DFDC_Dataset/Fake
182.8125,0.6282017228250716,72.25129642874549,0.798900043706263,0.7654367838603723,0.741691694175557,0.6126116485699049,-0.08060191957456343,42.1875,5.8952372628078855,146.1605427263374,1.148440560017328,16.666666666666668,18.435752290317573,0.97611654431211,33.333333333333336,0.3934465872578875,2.5078381664913683,0.508284941403875,1.7754010007070429,1.2598617589445278,0.20418844642906336,0.14965986394557823,1,C:\Users\JHASHANK\Desktop\Maj_Proj\DFDC_Dataset\Fake\angokkehzt.mp4,DFDC_Dataset/Fake
70.3125,2.6197371793113913,179.23783159352382,0.8010933652623209,0.6930830959496472,0.7008148630985666,0.38639109271162264,0.0031711159876509445,21.09375,5.202153678706086,151.1295786067406,9.842993247638866,116.66666666666667,18.47359232761027,1.0312418429005603,200.0,0.38746767140964145,1.4516079564336153,3.0394836699065957,1.7592501285618465,1.6066378024130603,0.426193178030808,0.1360544217687075,1,C:\Users\JHASHANK\Desktop\Maj_Proj\DFDC_Dataset\Fake\anhfrtswmh.mp4,DFDC_Dataset/Fake
49.21875,5.34098329627399,106.70798097975157,0.820828902685887,0.7692602700749006,0.69451927548478,0.6213517378853195,0.17923915404666418,42.1875,4.24862243368982,150.4288342957409,-0.9910677531914565,0.0,12.783949509216601,1.1256926123936397,0.0,0.3935570948759049,1.47818761432063,0.08831729875215366,1.5697838804409328,1.3910331650025833,0.3258615224167841,0.12244897959183673,1,C:\Users\JHASHANK\Desktop\Maj_Proj\DFDC_Dataset\Fake\anklylpjpm.mp4,DFDC_Dataset/Fake
70.3125,2.456985430687359,109.51097575510698,0.86761312561568,0.7917197790796686,0.6510624089175995,0.740794117773033,0.21700876187325058,84.375,4.0643229851594125,177.63120896538885,2.242192288333031,0.0,19.447783651799902,0.8082585658094664,0.0,0.51047309225343,1.9259145077471078,-0.24896415608274536,1.840450218670238,1.558551521125564,0.26187407245786454,0.14285714285714285,1,C:\Users\JHASHANK\Desktop\Maj_Proj\DFDC_Dataset\Fake\anlpfbokfn.mp4,DFDC_Dataset/Fake
133.59375,-2.9362950262010035,104.82790129010924,0.9091815947309121,0.6178611488565806,0.6331809563324129,0.4314796610662832,-0.1508872527000778,84.375,3.069956098036136,193.0017291964982,2.130884869814025,100.0,12.599518638888327,1.0561399937998268,200.0,0.6418477620265436,1.9900104155747338,5.878978564327978,1.92343671641915,1.7129117452805818,0.28683687110446593,0.10204081632653061,1,C:\Users\JHASHANK\Desktop\Maj_Proj\DFDC_Dataset\Fake\anlrxdxsel.mp4,DFDC_Dataset/Fake
98.4375,-0.18001624070298042,105.88253449512395,0.8552654034063158,0.7748833182537659,0.6481293819913267,0.5324537901133369,-0.07674982797569126,42.1875,3.870003215488599,156.4735571059254,0.6542928647857391,16.666666666666668,13.722316791468312,1.082629639294985,33.333333333333336,0.4461778463019621,1.8134118067661162,0.4633347183797878,1.6748425368886,1.6791754322832482,0.28916805505190224,0.10204081632653061,1,C:\Users\JHASHANK\Desktop\Maj_Proj\DFDC_Dataset\Fake\anmzhupzpa.mp4,DFDC_Dataset/Fake
91.40625,-1.3312354482231674,140.5456737852613,0.893743493443518,0.7797568464211132,0.6360685160455458,0.7016238793955971,0.2509503714096442,63.28125,3.1215095007321065,176.35603599906335,1.6369635437303625,0.0,18.334163713398922,0.8235165109934083,0.0,0.637909030685488,2.054502559263736,0.5326847704028363,1.200044804770737,0.8082637567748056,0.30116930096841704,0.12244897959183673,1,C:\Users\JHASHANK\Desktop\Maj_Proj\DFDC_Dataset\Fake\anorupqpeo.mp4,DFDC_Dataset/Fake
77.34375,0.6021470706428083,172.2203935240488,0.8419005778469735,0.7846911193004297,0.65789264148492,0.6205042863433029,0.4879585658544823,0.0,3.891575177087321,210.91694345329964,1.6509752764930279,0.0,17.711096458262595,0.5362460930519893,0.0,0.4088697112463307,1.8671233600905421,-0.1966769709790599,0.855663289272181,0.8595556732543949,0.3730951621235527,0.08843537414965986,1,C:\Users\JHASHANK\Desktop\Maj_Proj\DFDC_Dataset\Fake\anukptetbd.mp4,DFDC_Dataset/Fake
91.40625,-1.6292795521639472,153.0795000427338,0.8906957345362381,0.6996172843642388,0.6047151181304121,0.7111674987899183,0.4495775908284115,84.375,3.0163768239564197,207.41665371320957,1.2333034012922548,16.666666666666668,17.66721245343287,0.9658013549835511,0.0,0.5959986068224643,2.0008875327922846,0.9861292793472383,1.2370782895727634,0.886745398440006,0.3505637405558789,0.11564625850340136,1,C:\Users\JHASHANK\Desktop\Maj_Proj\DFDC_Dataset\Fake\anunyoghdg.mp4,DFDC_Dataset/Fake
105.46875,-2.1359821942781534,116.65196850387866,0.9257139292041565,0.8283512638560908,0.6028139416484989,0.8151079316657204,0.4841096947811161,133.59375,2.7583830459168865,171.3360315431455,2.3275226557192643,0.0,16.165795236968698,0.4104811331519548,0.0,0.7171189158214253,2.171038893283285,-0.4982798116377234,1.07240478991687,0.8109163728116308,0.3481466787129092,0.1292517006802721,1,C:\Users\JHASHANK\Desktop\Maj_Proj\DFDC_Dataset\Fake\anuzdiqqnq.mp4,DFDC_Dataset/Fake
168.75,-1.4317289380688105,111.25793788294436,0.8406528646416522,0.8070030466451203,0.6800469463516496,0.5596677812134312,-0.05853115686842569,91.40625,3.7634638681460926,179.9889167387646,1.4522842821868414,16.666666666666668,15.29956661609036,0.6041876959294982,0.0,0.4129624417908289,2.1977702753832973,-0.24930461814992544,1.7285232170544529,1.1997402610957089,0.2699641139806738,0.14285714285714285,1,C:\Users\JHASHANK\Desktop\Maj_Proj\DFDC_Dataset\Fake\anvbwbcwiq.mp4,DFDC_Dataset/Fake
63.28125,1.8715110608616738,140.67298564006128,0.8586736367046356,0.8008346480864059,0.6751430315271637,0.5713242999131739,-0.038664182948186146,14.0625,4.634736932563368,122.28224892928074,-0.012998522494752156,0.0,19.266184783357684,0.7342497320763602,0.0,0.5227069821765754,1.8711116050223202,-0.48906781725242343,1.7511325662283803,1.0583683080397819,0.3640664481907456,0.12244897959183673,1,C:\Users\JHASHANK\Desktop\Maj_Proj\DFDC_Dataset\Fake\anwbliivax.mp4,DFDC_Dataset/Fake
84.375,-1.157776524924035,84.08749651825218,0.951025087263004,0.7067956702216737,0.5879638222700123,0.6625759694892912,0.00321568662640029,28.125,1.8289461902282784,180.20706534635735,3.6531331806366625,0.0,22.353499372150157,0.9050722889413932,0.0,0.803587860480068,2.131017109526501,2.625689367274311,1.877393812622038,1.448400823926218,0.21021874129563045,0.1564625850340136,1,C:\Users\JHASHANK\Desktop\Maj_Proj\DFDC_Dataset\Fake\anxteqfazk.mp4,DFDC_Dataset/Fake
63.28125,4.528246341153068,142.38015607358147,0.7520363906373893,0.6817025483733506,0.6988677187590768,0.9534495341399429,0.8541980701460938,21.09375,4.634398904170542,178.90101058612325,2.964226147515214,0.0,14.892001224136726,1.0047323601415439,0.0,0.16954372340420146,1.348755283424001,2.8726684058589544,0.9438585978273625,0.7411411435580479,0.4122895814375349,0.10204081632653061,1,C:\Users\JHASHANK\Desktop\Maj_Proj\DFDC_Dataset\Fake\anzylmbqgi.mp4,DFDC_Dataset/Fake
42.1875,-0.3192470305275374,154.75986974649024,0.8364594141086117,0.7445605892191828,0.6259748018594633,0.7613342604941273,0.3959114025220454,168.75,4.480151837743937,138.39906411648047,2.283191156988255,0.0,8.47978597823979,1.1031386495407667,0.0,0.40166413869722895,1.69058311818789,1.008040223310073,1.4859008729670606,1.335304412689949,0.4248033723665196,0.1292517006802721,1,C:\Users\JHASHANK\Desktop\Maj_Proj\DFDC_Dataset\Fake\aoayayeqji.mp4,DFDC_Dataset/Fake
119.53125,-1.9486647167683737,71.71005797696505,0.8542614334472184,0.7762201105665991,0.6689820693609801,0.5847576970051771,0.03324325658685762,63.28125,4.443326224150737,159.6983713508217,3.8079183015616596,16.666666666666668,13.363445469700013,0.931421904943169,33.333333333333336,0.527443379108138,1.865354798759433,0.5344152916221949,1.8070856805655415,1.3029707536756048,0.21380899352993954,0.17006802721088435,1,C:\Users\JHASHANK\Desktop\Maj_Proj\DFDC_Dataset\Fake\aodgtudnun.mp4,DFDC_Dataset/Fake
63.28125,0.1274119639479564,155.06271132817344,0.8909427791971594,0.8365695389340705,0.6581675452744613,0.5253249948036197,-0.1573562158444617,21.09375,3.7192249826668347,169.91739668998207,3.1390182615849804,33.333333333333336,20.77142592960022,0.5188733494457233,33.333333333333336,0.6379428538029613,1.9346238489139795,-0.9000058675218732,1.4714314432697708,1.2249526971272051,0.3691969317337464,0.14965986394557823,1,C:\Users\JHASHANK\Desktop\Maj_Proj\DFDC_Dataset\Fake\aoegtmsbnc.mp4,DFDC_Dataset/Fake
70.3125,1.347539727720253,227.8751485645886,0.8622965926441661,0.718772904801943,0.6052170335872304,0.5168844803915724,-0.28279620653238424,28.125,3.0368617857289593,210.2522165333473,2.596107603422691,66.66666666666667,20.387817624038863,1.0451369016384862,33.333333333333336,0.45131036816607367,1.6790566758986927,0.8964177376542546,1.904184165890963,0.9640227306054708,0.4375202852440102,0.13194444444444445,1,C:\Users\JHASHANK\Desktop\Maj_Proj\DFDC_Dataset\Fake\aoerxokasa.mp4,DFDC_Dataset/Fake
133.59375,-2.19303890026135,108.58468404344796,0.8546267021233447,0.7743382328987917,0.6700905869828135,0.6319807241374416,0.4943840487851308,56.25,4.140108573145327,160.65158271049165,2.614839254392877,0.0,16.30253087817117,0.8257413821212547,0.0,0.5047761502856384,1.9093745206630712,0.12449129857374608,1.4566386919395307,1.50575971349244,0.3157433729328621,0.14285714285714285,1,C:\Users\JHASHANK\Desktop\Maj_Proj\DFDC_Dataset\Fake\aofrdmqnya.mp4,DFDC_Dataset/Fake
56.25,5.192488035061781,140.4358295529393,0.8336334481099901,0.7899929570609082,0.7013826513543402,0.7344591398588504,0.3539604482140338,63.28125,4.320095327454629,147.18068975283836,1.029451570402564,0.0,18.46415697123606,0.5888124418846347,0.0,0.47730899632403934,1.510863879558283,0.06324977243170338,1.3582286214658628,1.1297230064746988,0.4038389994787526,0.1292517006802721,1,C:\Users\JHASHANK\Desktop\Maj_Proj\DFDC_Dataset\Fake\aofuhtnouj.mp4,DFDC_Dataset/Fake
147.65625,-3.6400157165771567,65.5554777357089,0.9098267825169766,0.8404883316610592,0.6304714918774681,0.7595484665256778,0.48944963210165626,70.3125,3.312057261719927,185.55399847142718,0.8682301118732062,16.666666666666668,12.755501281908629,0.8406269379344039,0.0,0.6278621956201939,2.192931493608707,-0.7616909982999749,1.05101568490453,0.646011326842946,0.20825790360915958,0.1292517006802721,1,C:\Users\JHASHANK\Desktop\Maj_Proj\DFDC_Dataset\Fake\aohtixcgqk.mp4,DFDC_Dataset/Fake
77.34375,0.40533793760644665,94.40358593314683,0.9153857653661454,0.7365447643829413,0.6431935148409209,0.6497950751739092,0.2035640782060393,42.1875,3.7826813399422976,177.04265969030786,2.2788803696549333,16.666666666666668,18.66129392223815,0.7074846711490639,33.333333333333336,0.7210153425893047,1.9364715158266939,0.6832937431783934,1.6604097474631907,1.4206011049861798,0.26345186772040974,0.14965986394557823,1,C:\Users\JHASHANK\Desktop\Maj_Proj\DFDC_Dataset\Fake\aokhuioyqh.mp4,DFDC_Dataset/Fake
77.34375,5.8788259083260295,135.92522116367155,0.7239506069626088,0.8325281067953515,0.8134199425899257,0.6589698496722509,0.2545426191929151,14.0625,8.06503958226138,182.3343373813548,1.60907113306063,16.666666666666668,21.987509310925283,1.2732769016900103,33.333333333333336,0.38465616360266686,1.6708710825055972,-0.5013950020943456,1.3283394818600665,1.146302520573984,0.3594086019604999,0.10884353741496598,1,C:\Users\JHASHANK\Desktop\Maj_Proj\DFDC_Dataset\Fake\aolttdkcxv.mp4,DFDC_Dataset/Fake
105.46875,-0.8577722313478469,105.40925533894597,0.9106398735689513,0.7506342766359166,0.6441593103117621,0.6313872389875669,0.07696378627162165,35.15625,3.823435913196648,214.52953816286472,1.8504092761933948,33.333333333333336,23.977687028844116,0.8146622464121409,66.66666666666667,0.6735953713441138,2.046386222410181,-0.0281427631123905,1.4926116600949533,1.1868826891585151,0.3123971478225396,0.1360544217687075,1,C:\Users\JHASHANK\Desktop\Maj_Proj\DFDC_Dataset\Fake\aolvemvlnz.mp4,DFDC_Dataset/Fake
119.53125,-0.8691399263884719,301.81741169124086,0.8155674475044041,0.6494222835126248,0.6801581214219558,0.8161969727988932,0.5772808113850822,21.09375,3.944155519948313,189.29047985436017,2.5598044550704033,16.666666666666668,27.380430073377525,0.7467205969327955,33.333333333333336,0.3521488341373918,1.8302634436284524,2.1212785595958596,1.235756401137873,0.9208873091295271,0.5794894304471826,0.11564625850340136,1,C:\Users\JHASHANK\Desktop\Maj_Proj\DFDC_Dataset\Fake\aomilychlk.mp4,DFDC_Dataset/Fake
105.46875,-0.9169324131575375,104.93237093068944,0.8356703024251614,0.8096718431619162,0.667988825998735,0.32604216142616527,-0.5731605064102471,119.53125,3.9273742175097244,173.68763282703793,-0.7625489477055025,50.0,14.69800987205632,0.6565668074325726,100.0,0.3517253984990558,1.7884422383247096,-0.24289057988900975,2.2261546672835513,1.6090585810214528,0.2757346973361183,0.1292517006802721,1,C:\Users\JHASHANK\Desktop\Maj_Proj\DFDC_Dataset\Fake\aomqqjipcp.mp4,DFDC_Dataset/Fake
119.53125,-2.033976330144549,58.69499047312614,0.879582360785333,0.635869293233278,0.6304995512662976,0.5351488186204758,-0.2039371288137978,91.40625,2.592259661418068,152.45796164580813,3.7635498226090385,0.0,28.83288258703263,1.1487465942522403,0.0,0.5207130004480708,2.1849392268915633,5.04847086338664,1.8437109325376662,1.5648408819754913,0.1922999809958974,0.19047619047619047,1,C:\Users\JHASHANK\Desktop\Maj_Proj\DFDC_Dataset\Fake\aonaupzilc.mp4,DFDC_Dataset/Fake
49.21875,-1.3583495143353361,41.107357185968716,0.9362562938512685,0.7747026596621139,0.6137816949484078,0.5071275509637599,-0.21178484465120348,91.40625,2.3864342590897145,159.92237617791568,5.500341158123086,16.666666666666668,14.627892241057003,0.78580630221225,33.333333333333336,0.7394065389967712,2.113076857317904,0.7526023656439897,1.9601057486154299,1.2164295849036315,0.16467903901720407,0.16326530612244897,1,C:\Users\JHASHANK\Desktop\Maj_Proj\DFDC_Dataset\Fake\aopgandqma.mp4,DFDC_Dataset/Fake
42.1875,-3.656688472355467,89.07235428302467,0.9070271460611806,0.7517719127894911,0.6051854860819598,0.5068692305179474,0.03786758170242374,35.15625,3.7034666724763863,189.18947976815195,3.354705621100154,16.666666666666668,10.426416983308775,0.8630691128647587,33.333333333333336,0.5889010695857361,1.9705016660377341,1.3154350586589727,1.7914640049592663,1.3525839640823627,0.25434495871687995,0.1564625850340136,1,C:\Users\JHASHANK\Desktop\Maj_Proj\DFDC_Dataset\Fake\aorwnetwso.mp4,DFDC_Dataset/Fake
77.34375,4.091092749013873,82.2100604015184,0.798778491826484,0.8356962562950566,0.7233678353023169,0.3613796997815546,-0.4110999784238339,63.28125,5.344634650433678,169.54731761632746,1.281730009452477,100.0,21.360139682971138,1.0135118954845157,200.0,0.42387588667130416,1.6485223921544874,-0.7385670638919364,1.9454712069357751,1.9003762640592199,0.20709404528626776,0.12244897959183673,1,C:\Users\JHASHANK\Desktop\Maj_Proj\DFDC_Dataset\Fake\aosizimfzi.mp4,DFDC_Dataset/Fake
84.375,3.3318811696166915,135.84866989084253,0.8120869241818297,0.7288604028792645,0.6934006162095435,0.38104139229532574,-0.4603592635569804,21.09375,5.0056163311326225,211.57225225180912,3.6844453704868396,16.666666666666668,9.516546377482078,1.1069992881881856,33.333333333333336,0.42707614870810556,1.7665366680169559,2.83961183915563,1.9820980363540193,1.5666068126864843,0.3453407072466735,0.11564625850340136,1,C:\Users\JHASHANK\Desktop\Maj_Proj\DFDC_Dataset\Fake\aosnzkbllm.mp4,DFDC_Dataset/Fake
147.65625,-4.3372416786330446,91.1178859269818,0.9131533584853803,0.776594582416442,0.6158357232323247,0.620465327973663,-0.0425171620520631,21.09375,3.3286797602174105,160.67638651780575,1.2901274784405714,0.0,9.419014977215618,0.862788503534469,0.0,0.7456466715883366,2.1516866831748085,0.6305004801188283,1.9123121414754207,1.3335146016704298,0.2523264533362573,0.14285714285714285,1,C:\Users\JHASHANK\Desktop\Maj_Proj\DFDC_Dataset\Fake\apgqgxqcbh.mp4,DFDC_Dataset/Fake
133.59375,-1.038199124821742,76.62281802065631,0.8464703226868011,0.7945900939639737,0.6921480288538056,0.853800418530378,0.6534174501543951,14.0625,4.4966700625895655,171.42364575986684,1.8806374331285851,0.0,19.379425877238067,0.6049009007721632,0.0,0.46753018023430015,2.00923830574703,0.16497146048562117,1.3258205508209195,0.6137803819138499,0.26585696295453864,0.1360544217687075,1,C:\Users\JHASHANK\Desktop\Maj_Proj\DFDC_Dataset\Fake\apgxbcqpko.mp4,DFDC_Dataset/Fake
112.5,1.5084344727437213,149.16318937483163,0.7537998096012721,0.8150466141739795,0.7307960106472244,0.7621979272984463,0.4245036027272535,42.1875,5.40322010767046,197.52980398435747,2.5782511229496206,0.0,11.341087590818486,0.5492406118446386,0.0,0.3041280143489998,1.6688778970319564,-0.31445595289127626,1.165890552850687,0.9911831477102895,0.3074355811542331,0.1292517006802721,1,C:\Users\JHASHANK\Desktop\Maj_Proj\DFDC_Dataset\Fake\apnaakewce.mp4,DFDC_Dataset/Fake
77.34375,1.0580798259326722,124.50175047386377,0.8084988769961557,0.7385995854519135,0.669263538544816,0.7174446916214152,0.20394431217486927,14.0625,3.6697521763907206,191.0835128617138,2.091327987285327,0.0,11.928580605449092,1.6996041823842964,0.0,0.4259598449835027,1.3974005089749115,0.47247047840965894,1.7722551726562865,1.1539240300427318,0.3391998472899238,0.11564625850340136,1,C:\Users\JHASHANK\Desktop\Maj_Proj\DFDC_Dataset\Fake\apnwnfjyfy.mp4,DFDC_Dataset/Fake
56.25,5.159681638404587,107.47124539664377,0.8275477487755352,0.7770590763723562,0.6941846892316503,0.6968430053793291,0.2099498038198064,63.28125,4.31458410187919,187.5955531728388,8.216120204344074,16.666666666666668,11.628304691307951,0.9386620630750012,33.333333333333336,0.47467715226342294,1.4922586445380224,-0.16067252929041054,1.6079341810191015,0.7881336201310141,0.28438845820903047,0.14285714285714285,1,C:\Users\JHASHANK\Desktop\Maj_Proj\DFDC_Dataset\Fake\appyopevdd.mp4,DFDC_Dataset/Fake
56.25,1.9804965448459464,109.51097575510698,0.8532709927859111,0.7950206193808479,0.7088788300001877,0.8899761229545109,0.7084962649689471,21.09375,4.7358530098684355,124.6301533868459,2.6102841929464966,16.666666666666668,17.07939434409664,0.9954511855218805,33.333333333333336,0.5112935061565371,1.669506982251959,-0.3101587917642519,0.7477326714187261,0.5824995938225905,0.3033194243716653,0.12244897959183673,1,C:\Users\JHASHANK\Desktop\Maj_Proj\DFDC_Dataset\Fake\aptqllaawb.mp4,DFDC_Dataset/Fake
91.40625,0.8356773735926153,101.56525333927472,0.911574095866174,0.7213809642334736,0.6338417539195345,0.5546600110970661,-0.16147312067875885,70.3125,3.1417542674959527,212.24376927287904,2.5178468292093923,33.333333333333336,32.02424965932818,0.9466718899525148,33.333333333333336,0.680733112799482,2.0781879126899647,1.4525859141203235,1.8479788406465716,0.9503368119579563,0.2304421714420519,0.1292517006802721,1,C:\Users\JHASHANK\Desktop\Maj_Proj\DFDC_Dataset\Fake\apyrdjelvu.mp4,DFDC_Dataset/Fake
63.28125,-1.1678285324973807,132.53930234714028,0.9475278487449024,0.8001127637732289,0.601210966462709,0.5150392947134736,-0.06810348980407191,56.25,2.367565090352762,155.81895756199924,3.3691536619637237,0.0,19.426777527707078,0.9767547152310327,0.0,0.7708096761772272,2.053796256218826,-0.247279441692406,1.7646341843299798,1.0286113963541497,0.3619584311888303,0.14965986394557823,1,C:\Users\JHASHANK\Desktop\Maj_Proj\DFDC_Dataset\Fake\apyxwaxfps.mp4,DFDC_Dataset/Fake
63.28125,9.84122045381384,125.08949963969874,0.76851171730493,0.805640280639644,0.7282072528759507,0.5762625053818241,0.1576150678569294,14.0625,5.544247450819761,184.33874835077262,-2.5847473236513703,50.0,14.004720470058045,0.6719980984114023,66.66666666666667,0.3152656126341822,1.3826610083860342,0.06790567721483542,1.4672439419812628,1.1759242746251615,0.3103724427150421,0.08163265306122448,1,C:\Users\JHASHANK\Desktop\Maj_Proj\DFDC_Dataset\Fake\apzckowxpy.mp4,DFDC_Dataset/Fake
56.25,1.7440186511725007,109.34146311237815,0.8549677520432902,0.7285330267888026,0.6682554281887072,0.8105686208369803,0.5457708417196969,77.34375,3.7145520120192206,177.7399453189119,2.180781209389628,16.666666666666668,13.605278960243508,0.9760754859723064,33.333333333333336,0.4560635405509808,1.7315847890447893,2.1021067639526194,1.4928134448124937,1.4069790322333522,0.25626905416963636,0.1360544217687075,1,C:\Users\JHASHANK\Desktop\Maj_Proj\DFDC_Dataset\Fake\aqcqygyoae.mp4,DFDC_Dataset/Fake
91.40625,0.5140008283400266,97.52492558885194,0.857876672465223,0.7857970732004362,0.6708308449967838,0.7011661463481256,0.31432078785286177,28.125,3.6658881798919603,200.22498002181428,0.8707043612764747,33.333333333333336,17.4593162975744,1.0143157618530174,66.66666666666667,0.5505716944024408,1.8128403067899803,0.3947608170069965,1.291482762127816,1.1773395876740662,0.23981539079225897,0.11564625850340136,1,C:\Users\JHASHANK\Desktop\Maj_Proj\DFDC_Dataset\Fake\aqdbtqggew.mp4,DFDC_Dataset/Fake
175.78125,-2.3289384385744136,110.84449186770836,0.8937632191662015,0.7864358634253751,0.6633185557573467,0.5903917543839835,-0.02170098590789743,77.34375,3.9313143897775387,154.3209967009322,2.7833883942549633,0.0,17.17675686063039,0.6822801061603899,0.0,0.6371731095122366,2.3551213722962956,0.016984368119306925,1.7690268527843764,1.376822290480596,0.27297524116674454,0.17006802721088435,1,C:\Users\JHASHANK\Desktop\Maj_Proj\DFDC_Dataset\Fake\aqemytasjc.mp4,DFDC_Dataset/Fake
42.1875,-2.2768828528046794,59.511903571190416,0.9118300372355964,0.7684475509850389,0.578226564236179,0.8198838877980377,0.5633086467831832,126.5625,2.4595552445733735,156.9914225530141,2.257857099621799,0.0,10.90401375262395,1.0609317631528112,0.0,0.6322362876608956,1.9167569321485955,0.937638698980356,1.1700113479918572,1.0661638283658517,0.17418118118397197,0.1292517006802721,1,C:\Users\JHASHANK\Desktop\Maj_Proj\DFDC_Dataset\Fake\aqgbewikxk.mp4,DFDC_Dataset/Fake
56.25,-1.008903042198815,113.54541815269815,0.8619650773327399,0.789412289597271,0.6557880424457982,0.5890806002159148,-0.13171440878219345,21.09375,3.784701099168108,167.3918351116431,18.946117190140495,0.0,23.78470023671929,0.7317334661628857,0.0,0.5606630092723138,1.9877848515303702,-0.054859318019191416,1.8720567391055647,1.2510399184796164,0.26574459567652753,0.14285714285714285,1,C:\Users\JHASHANK\Desktop\Maj_Proj\DFDC_Dataset\Fake\aqgwyuaijx.mp4,DFDC_Dataset/Fake
56.25,3.6913931632818944,155.40046832476264,0.8112349958208119,0.7993220748911104,0.7301607781484005,0.5305785584346436,0.10832237255499534,7.03125,6.021892913291545,293.18748782445306,3.7378905582601387,83.33333333333333,21.66461063951925,0.7081873321164982,166.66666666666666,0.5298404652170561,1.5872974925521195,-0.18156387872377033,1.6696898049350453,1.4853586881570582,0.35468128871995397,0.11564625850340136,1,C:\Users\JHASHANK\Desktop\Maj_Proj\DFDC_Dataset\Fake\aqiwuvxump.mp4,DFDC_Dataset/Fake
63.28125,1.0234281614625915,92.09376921060498,0.8501537508064763,0.7718820268622678,0.6787257815730857,0.5606970289762249,0.024961522819543343,28.125,4.010365545530492,140.06073724500112,7.602367561235592,33.333333333333336,19.62879505474448,1.4063368309253943,66.66666666666667,0.44683832503326754,1.729325440375643,-0.19516574848568968,1.6624158780926568,1.558770292519773,0.26409242641276437,0.14285714285714285,1,C:\Users\JHASHANK\Desktop\Maj_Proj\DFDC_Dataset\Fake\aqkxylfqqc.mp4,DFDC_Dataset/Fake
84.375,-0.46434746076341404,218.4223737013526,0.8944382010073038,0.7500186954049975,0.6469938632760502,0.586946238795173,-0.04391941846925504,42.1875,3.774618330508929,191.29472042740403,1.4250395833446592,33.333333333333336,11.391081848247996,0.8221893608251479,66.66666666666667,0.6413264840404566,1.9570083179156843,0.08725707074277977,1.6354981340773294,1.3396049140951807,0.4598365762133739,0.11278195488721804,1,C:\Users\JHASHANK\Desktop\Maj_Proj\DFDC_Dataset\Fake\aqogxmeouy.mp4,DFDC_Dataset/Fake
105.46875,-3.5895622666836333,182.1457749532866,0.9382668614371237,0.8178150252143727,0.6014228162370738,0.5767641830941992,0.1843297003561503,42.1875,2.517355365068056,237.48322882528234,-15.1256618812805,33.333333333333336,15.782022424325433,0.5497550979580765,66.66666666666667,0.7524241254582759,2.0999403259689853,-0.5282402090081688,1.608399290761889,1.4705032252488073,0.36128087594040326,0.11564625850340136,1,C:\Users\JHASHANK\Desktop\Maj_Proj\DFDC_Dataset\Fake\aqrsylrzgi.mp4,DFDC_Dataset/Fake
98.4375,1.5988679305236637,87.72190803715229,0.8391377070087043,0.8027821121851518,0.6575551483501034,0.5972263440132287,0.366359921655808,14.0625,4.327490722893462,190.08129020754902,2.1696016155397584,33.333333333333336,18.38573245794471,1.0227771196017186,66.66666666666667,0.4529526506244604,2.030066368497375,-0.1191902401525522,1.2222465707683956,1.3853491822297823,0.2703588131330091,0.1292517006802721,1,C:\Users\JHASHANK\Desktop\Maj_Proj\DFDC_Dataset\Fake\aqtvsxelrj.mp4,DFDC_Dataset/Fake
63.28125,7.305708417809711,135.88100983588248,0.7703838400715309,0.7460766083509742,0.7544383826702987,0.8580516455171621,0.6440267121435453,0.0,6.031611384037936,128.0773741730106,1.7694526680049205,0.0,22.827121720211284,1.0187899188890948,0.0,0.3311320044956275,1.502929958624622,0.6070029057374038,1.2579388872492154,1.1535878369419807,0.33352751564814465,0.10204081632653061,1,C:\Users\JHASHANK\Desktop\Maj_Proj\DFDC_Dataset\Fake\aqvowsdlld.mp4,DFDC_Dataset/Fake
105.46875,0.18485822584698303,100.27739304327548,0.8606986008785793,0.761351307478851,0.6852721245143596,0.41742027576455043,-0.2993983330472985,49.21875,4.395794065442891,187.5757338452271,2.8884525069921008,33.333333333333336,20.17216570317916,0.7968324576780289,66.66666666666667,0.5601246463657338,1.9597517905284911,0.5550684053735568,1.9588248688739767,1.6581480693164543,0.2729376293129064,0.16326530612244897,1,C:\Users\JHASHANK\Desktop\Maj_Proj\DFDC_Dataset\Fake\aqvpggzkmz.mp4,DFDC_Dataset/Fake
77.34375,0.6047789318068445,130.4790917673393,0.8389309519367355,0.8549793170548693,0.7025936767685241,0.5816319572951403,-0.011552905243649034,112.5,5.537033074328536,140.91275157449795,1.6373073893399528,16.666666666666668,13.964930153425923,0.7887493238980541,33.333333333333336,0.5467612603334494,1.6616266255088736,-0.9792754304278373,1.5263457537121083,1.3944135355673075,0.3675407129336633,0.10884353741496598,1,C:\Users\JHASHANK\Desktop\Maj_Proj\DFDC_Dataset\Fake\aqywnbekqk.mp4,DFDC_Dataset/Fake
49.21875,4.103657653115369,103.27955589886444,0.8328769200574061,0.6442875764859929,0.6767221565357181,0.7351564316549772,0.4116194273215172,0.0,4.664004788858376,158.53673742251027,2.2221450863826595,0.0,7.156452952100141,0.6910701372183365,0.0,0.49643609974186304,1.4547701742411412,7.997217272840317,1.3952226479180785,1.2402381478470181,0.3094084853750141,0.12244897959183673,1,C:\Users\JHASHANK\Desktop\Maj_Proj\DFDC_Dataset\Fake\aralaxkuwf.mp4,DFDC_Dataset/Fake
98.4375,0.1624938213909482,133.12741300452907,0.9033384354567753,0.774954962013393,0.6341451518833969,0.7230271089505268,0.4627991120320851,0.0,3.023599181029961,160.97616978462253,2.408759485062623,0.0,20.850109869575398,0.6497363333221189,0.0,0.6326911852830106,1.9464127015965618,0.19306826738852356,1.2821583691507503,1.1831476731129353,0.35870256968049813,0.1360544217687075,1,C:\Users\JHASHANK\Desktop\Maj_Proj\DFDC_Dataset\Fake\arasptnvme.mp4,DFDC_Dataset/Fake
140.625,-3.2939227899633785,71.19600075436807,0.8327003057137864,0.7080467332790227,0.6391406776382642,0.6417415608299042,-0.06646892004376563,35.15625,4.309976494596307,149.999980069495,2.1031264963240788,0.0,18.49338565102253,0.8002338647373755,0.0,0.4210861624448949,2.6292609260485054,2.069700486608193,1.7171027525909663,1.0380338382454233,0.2352562765325786,0.19047619047619047,1,C:\Users\JHASHANK\Desktop\Maj_Proj\DFDC_Dataset\Fake\arcviozhqq.mp4,DFDC_Dataset/Fake
42.1875,-2.273306944688013,100.95958332701623,0.8530170199049514,0.743245366636837,0.6337448703705231,0.5753627818508626,0.06881963480122456,98.4375,4.6140564617325275,152.476458112901,2.2985847575053446,33.333333333333336,9.763174476990038,1.1277463682241256,66.66666666666667,0.5009211922622625,1.8384579892539243,1.9608652984640047,1.8143115393202556,1.5075181835272735,0.2543256679230181,0.14965986394557823,1,C:\Users\JHASHANK\Desktop\Maj_Proj\DFDC_Dataset\Fake\ardmfelhgw.mp4,DFDC_Dataset/Fake
119.53125,-3.5952828766802862,98.88264649460882,0.9027469611691905,0.769698529567908,0.6267820765944341,0.5714770144485486,0.10811947128987814,42.1875,2.8598171286781944,153.33356722052733,2.2630128236351585,0.0,14.926389369622887,0.7734528218606692,0.0,0.6195834630826249,1.9863865140104935,0.3380366930064378,1.7775168726776265,1.6342379366619817,0.2943743719897914,0.12244897959183673,1,C:\Users\JHASHANK\Desktop\Maj_Proj\DFDC_Dataset\Fake\arfqjhbpax.mp4,DFDC_Dataset/Fake
98.4375,0.8758396549849754,94.57507306074072,0.8883876099351797,0.784397365869828,0.673783942785045,0.6578299729982084,0.15103594512061497,14.0625,3.892123679366492,161.28095487931708,1.131275548139671,16.666666666666668,22.125690591136813,0.8996634729046746,0.0,0.6690915522313579,2.0190915793375,0.5124322544312525,1.7327433745312564,0.963054745002768,0.28514994507347363,0.12244897959183673,1,C:\Users\JHASHANK\Desktop\Maj_Proj\DFDC_Dataset\Fake\arkwqyuthh.mp4,DFDC_Dataset/Fake
49.21875,0.433313206782454,59.51190357119041,0.8649240942135884,0.7861839862147464,0.6268755238893899,0.6682034960822101,0.09603281158451366,63.28125,3.0505612016619605,156.0447533673918,2.8618731101780095,16.666666666666668,17.417505805547318,1.3085464529662234,33.333333333333336,0.4819177672955143,1.6518867663000723,0.039253077748288234,1.7576589926072714,1.4237180614100786,0.19215378456610457,0.14965986394557823,1,C:\Users\JHASHANK\Desktop\Maj_Proj\DFDC_Dataset\Fake\arpsbojfxl.mp4,DFDC_Dataset/Fake
63.28125,6.078728599425945,190.5766104338212,0.6675549555927531,0.7504863318815385,0.8117088055392955,0.782937287308977,0.4512544405419686,21.09375,7.376821136026499,167.05338244472043,2.6587897142156436,16.666666666666668,16.40811276006822,0.8784715294535776,0.0,0.1678643890235192,1.3092189710501958,0.5571046335054408,1.3717550118620727,0.584164051555138,0.4094811670433114,0.10204081632653061,1,C:\Users\JHASHANK\Desktop\Maj_Proj\DFDC_Dataset\Fake\arudlrbjsm.mp4,DFDC_Dataset/Fake
63.28125,7.251258248730449,90.09597077903808,0.7363213808451177,0.6891310502370829,0.7543357795762144,0.9110285529170279,0.7769144098561053,42.1875,5.560849941829375,188.23196206936217,0.7642499434023923,16.666666666666668,8.519650562389538,1.3733520881710375,33.333333333333336,0.3245422155544556,1.3199571151897134,1.9209087971285976,1.2703502717766044,1.0261451257503835,0.2647935349958694,0.10204081632653061,1,C:\Users\JHASHANK\Desktop\Maj_Proj\DFDC_Dataset\Fake\arulsxwzmq.mp4,DFDC_Dataset/Fake
77.34375,2.1602092307418355,116.18357280412611,0.8622359503717386,0.8088749257845635,0.6420949949103182,0.6927172798864654,0.4707741485469698,35.15625,3.465114111814746,207.17530669219286,0.16673996979756822,0.0,17.468433800665366,1.218133188899135,0.0,0.5049676907841885,1.7050198927351548,-0.40613340465644043,1.2270998772772477,1.2149126199632978,0.31471622098262914,0.1292517006802721,1,C:\Users\JHASHANK\Desktop\Maj_Proj\DFDC_Dataset\Fake\arvqhnzltg.mp4,DFDC_Dataset/Fake
63.28125,3.143768278807288,84.65616732800196,0.8152598616276497,0.7136125372364721,0.7102933560921444,0.8043040473181144,0.47805885301647855,112.5,4.362884209992506,147.35305957127227,1.7955620945292738,16.666666666666668,15.269263096432056,1.3464970350198975,33.333333333333336,0.5070350953584061,1.5328638982420737,1.2241687034922943,1.3558711428125907,1.0165083135084945,0.26617495679673475,0.1360544217687075,1,C:\Users\JHASHANK\Desktop\Maj_Proj\DFDC_Dataset\Fake\arwyjgnvlp.mp4,DFDC_Dataset/Fake
84.375,0.9337091806206419,119.30353445448853,0.8721064669198728,0.7736819375554921,0.6510569634954473,0.5604984095830117,-0.003549728058008505,28.125,3.42633297456813,179.37631594792646,1.8318746938409065,16.666666666666668,17.598298028494817,0.7961807626622768,33.333333333333336,0.5524393610565962,1.9507495712538911,0.7091074270690276,1.7135519292305013,1.4610564179814667,0.33441492522497246,0.1360544217687075,1,C:\Users\JHASHANK\Desktop\Maj_Proj\DFDC_Dataset\Fake\arxngsfysd.mp4,DFDC_Dataset/Fake
77.34375,0.8831183825586508,123.72809695177827,0.8178507159541571,0.7601645571068246,0.6483454041016912,0.6344074945512698,0.08432219736433592,14.0625,3.6077938274626673,208.38752390200384,1.6729292419834123,16.666666666666668,17.15770466404901,0.8303608619535806,33.333333333333336,0.35947612774370963,1.6781806234126606,0.257085570960351,1.3532729121466665,1.3432111119941559,0.30827067669172936,0.10204081632653061,1,C:\Users\JHASHANK\Desktop\Maj_Proj\DFDC_Dataset\Fake\arziusrlal.mp4,DFDC_Dataset/Fake
112.5,-2.4582725932080005,174.97795275581802,0.8917464880943643,0.745597422293417,0.6310862914597553,0.7407128078137578,0.41895746684091933,28.125,3.2396073573085356,208.87030239295638,2.299187295837273,0.0,13.188663278884881,0.7101634696361299,0.0,0.6255379681254163,1.7505271382352903,1.1302508681683614,1.3154292134522125,1.1458574665704615,0.4003134584945941,0.11564625850340136,1,C:\Users\JHASHANK\Desktop\Maj_Proj\DFDC_Dataset\Fake\arzxjcyupl.mp4,DFDC_Dataset/Fake
49.21875,2.5008573722887344,133.9983416149452,0.8798923489476809,0.6839236570639442,0.6547633026300813,0.7583429240009704,0.5990050741213506,63.28125,3.401884969528024,273.4840060288832,1.2478834877537353,0.0,9.87031459320358,1.0809933705743724,0.0,0.6167115272209363,1.6599046561483535,1.6494386684357636,1.444486633961996,1.2268630959228408,0.35848570403852925,0.11564625850340136,1,C:\Users\JHASHANK\Desktop\Maj_Proj\DFDC_Dataset\Fake\arzxyrstcs.mp4,DFDC_Dataset/Fake
154.6875,-4.298969446634898,87.72190803715229,0.9288858342989126,0.8433844925749259,0.6188382118639022,0.5834783413492032,0.19738879057469855,77.34375,2.796702528976972,171.95052125745377,-1.0339881113827885,33.333333333333336,9.87680858891876,0.9146978741428388,66.66666666666667,0.7190321250223851,2.1588553852320223,-0.9740076615128443,1.2624421068849119,1.2014164193005894,0.26131972753697713,0.1360544217687075,1,C:\Users\JHASHANK\Desktop\Maj_Proj\DFDC_Dataset\Fake\asiduvhsif.mp4,DFDC_Dataset/Fake
49.21875,3.382224571991058,108.50008357556457,0.8211488535229664,0.7844719296337509,0.7051132285893535,0.6741427676165899,0.28583451798644677,98.4375,4.976654706639807,150.32410389388957,1.9050749160264493,0.0,13.415314829795841,0.6664221441193598,0.0,0.43279505299562704,1.4915703607658632,0.21428151375370774,1.4291333150893175,1.183293913008851,0.2864402206394905,0.14285714285714285,1,C:\Users\JHASHANK\Desktop\Maj_Proj\DFDC_Dataset\Fake\asjcdsuxqc.mp4,DFDC_Dataset/Fake
91.40625,-1.0043405908380787,101.1592613610938,0.8005324196309314,0.7915734029514184,0.6618085828073866,0.53819975186038,-0.11680857158135642,7.03125,4.621483932631555,185.81671829014374,0.15042221457291666,0.0,10.299928843751179,0.8400404290986432,0.0,0.3190565190613315,1.81644623699013,-0.4514795604235786,1.8746758795913803,1.5899269540863403,0.32197761151942805,0.1292517006802721,1,C:\Users\JHASHANK\Desktop\Maj_Proj\DFDC_Dataset\Fake\aslwfdrdsz.mp4,DFDC_Dataset/Fake
154.6875,-2.305621365922132,138.40359661351133,0.8476552472011238,0.7876976010445514,0.6621357286814906,0.5693388852268471,-0.01579513897260884,91.40625,4.0802233299056505,180.19745681543355,2.0240902093543323,33.333333333333336,17.283307205994273,0.3277294779694085,33.333333333333336,0.466828202947799,2.074495153876234,0.8644913837997761,1.5977030866406992,1.1146958864769765,0.3098587983884582,0.1360544217687075,1,C:\Users\JHASHANK\Desktop\Maj_Proj\DFDC_Dataset\Fake\asntcqtqkq.mp4,DFDC_Dataset/Fake
56.25,3.0771511470240265,82.98826628866153,0.8821307826391867,0.7374401994681176,0.6407825860939795,0.692770889515761,0.16687316317444442,63.28125,3.135118185767445,153.37983596000223,-1.3528559451173592,0.0,23.23415084867595,0.700919086294178,0.0,0.6089251042229891,1.8144804921228392,1.1330045229581147,1.5872045590623258,1.2892398793094402,0.24367770533606667,0.14285714285714285,1,C:\Users\JHASHANK\Desktop\Maj_Proj\DFDC_Dataset\Fake\aspxnmdiku.mp4,DFDC_Dataset/Fake
56.25,7.963530983741758,176.1864542655498,0.7194595279165547,0.7716987185849614,0.7930299510343186,0.6088071790877256,0.06071277532938275,63.28125,7.126091939306089,247.24572734587818,0.06769850392454857,33.333333333333336,17.89475126716918,1.248821806339792,66.66666666666667,0.28298260304963146,1.2791274126537249,0.9219894411799294,1.600978655799628,1.5058661755385512,0.3583453307095928,0.06802721088435375,1,C:\Users\JHASHANK\Desktop\Maj_Proj\DFDC_Dataset\Fake\asrolirrqe.mp4,DFDC_Dataset/Fake
140.625,-2.949285973692896,134.98971154211057,0.8792233126710438,0.8321311232307004,0.6434899841527553,0.5875789518477839,0.1435755990593587,35.15625,3.461881406508139,220.28035748700364,1376.4382854732735,0.0,14.200784315762787,0.800639804056536,0.0,0.5374986072299712,1.8625838222771154,-0.4684247623894664,1.5426952033610823,1.3614059788810264,0.289263667590237,0.12244897959183673,1,C:\Users\JHASHANK\Desktop\Maj_Proj\DFDC_Dataset\Fake\assnxglavo.mp4,DFDC_Dataset/Fake
49.21875,-0.8736937135405991,147.15826703096076,0.8954245684009905,0.8059266756315793,0.6160539913981602,0.43153505495561023,-0.4567967447434361,154.6875,2.848052889255719,137.41314285992513,-2.7697036125606243,100.0,17.11154631316039,0.6459313406955655,200.0,0.5609317125174726,1.8859600514893007,-0.11712363943030901,2.119477853610964,1.5437692835888108,0.40745601991290453,0.17687074829931973,1,C:\Users\JHASHANK\Desktop\Maj_Proj\DFDC_Dataset\Fake\asutuywxrs.mp4,DFDC_Dataset/Fake
77.34375,1.8139343868577948,132.4041698645887,0.8209825475750978,0.8185545916572099,0.7141901336339822,0.5897983540888543,-0.15619246193813155,84.375,4.8738644333094685,151.39074120541812,-0.16266768429205972,0.0,21.40153754738578,0.7197399433607675,0.0,0.4066553371755237,1.6904767191020418,-0.3418871262061165,1.8659093722063926,1.0612364265759213,0.3643295211755424,0.10884353741496598,1,C:\Users\JHASHANK\Desktop\Maj_Proj\DFDC_Dataset\Fake\asvroyjehl.mp4,DFDC_Dataset/Fake
63.28125,2.811775585535515,96.87495371603504,0.8041262592307227,0.7413721658777817,0.6729801365770958,0.724261100767279,0.344714869845384,7.03125,4.136646997292638,139.5616777665957,2.433634884294688,16.666666666666668,11.707901854325861,1.3162594110207821,0.0,0.4284609221962544,1.4743329250126838,1.067730109632552,1.2960437983284538,0.7295427685526679,0.24403614294879059,0.11564625850340136,1,C:\Users\JHASHANK\Desktop\Maj_Proj\DFDC_Dataset\Fake\asweglrfni.mp4,DFDC_Dataset/Fake
91.40625,5.892438433854432,196.88939051854834,0.7346436611959201,0.706806678336999,0.7774770066366009,0.6109215873751537,-0.038537600224975266,35.15625,6.082123327498203,219.2690218085699,2.050908378884463,16.666666666666668,20.542729189336182,0.9508079056757236,33.333333333333336,0.33928260160620544,1.743552557410399,1.1768400582935437,1.6621526762976095,1.3120576063998133,0.4120940731783571,0.09523809523809523,1,C:\Users\JHASHANK\Desktop\Maj_Proj\DFDC_Dataset\Fake\atbqpfymgi.mp4,DFDC_Dataset/Fake
84.375,-0.25169485353458665,117.1893055416463,0.8492076781846417,0.8018916953063228,0.6571464216426319,0.7341188366716522,0.29622072930576376,42.1875,3.246216053754123,179.3763919960521,1.2268902195033236,16.666666666666668,16.146135607653534,0.7519628217328251,33.333333333333336,0.4141444965251576,1.5867864082584546,0.02030533596550388,1.3420228261297384,0.9104106137935994,0.30505570788109626,0.11564625850340136,1,C:\Users\JHASHANK\Desktop\Maj_Proj\DFDC_Dataset\Fake\atbtsntowb.mp4,DFDC_Dataset/Fake
56.25,5.8288063304459605,78.32151211039825,0.717834544587435,0.8273926458152493,0.7574577274322556,0.9040051390748798,0.7514465987443104,0.0,5.983421536057899,167.7805437927647,1.0323386012168336,0.0,15.392347952613123,1.5707464631234722,0.0,0.27218208839598435,1.2617169281829235,-0.6982814043381369,0.796009205037353,0.6509781947869024,0.21857166170343692,0.10204081632653061,1,C:\Users\JHASHANK\Desktop\Maj_Proj\DFDC_Dataset\Fake\atcfypvdpu.mp4,DFDC_Dataset/Fake
154.6875,-3.51842095972383,88.76253645985946,0.8843154833177046,0.7594121351561707,0.6415107915610192,0.5342148761555463,-0.08906808059033783,14.0625,3.509799306750814,175.4044077527401,-0.17513401977017473,16.666666666666668,17.83278970271607,0.5374230937591352,33.333333333333336,0.48439832162226676,2.174461858363707,0.4929071712030946,1.7282432321076895,1.632141715794061,0.2737736090752049,0.1360544217687075,1,C:\Users\JHASHANK\Desktop\Maj_Proj\DFDC_Dataset\Fake\atchftsngx.mp4,DFDC_Dataset/Fake
56.25,7.4893642037029355,230.94010767585033,0.8031644991289209,0.5856644843294148,0.6866556724680397,0.48573125584412075,-0.011615475904279129,0.0,4.173205190019778,167.64201907317033,-19.384481578064623,83.33333333333333,9.67027070862661,1.2648927243174348,0.0,0.3700631145676072,1.3770870089904756,4.8153973225839914,1.7076447106646915,0.8533598613326615,0.5009695067209693,0.061224489795918366,1,C:\Users\JHASHANK\Desktop\Maj_Proj\DFDC_Dataset\Fake\atcnenknyb.mp4,DFDC_Dataset/Fake
70.3125,2.1642487971937854,100.88497300281038,0.8297553875258795,0.7178518501005466,0.6564453614826857,0.6923106623925104,0.4488887714204546,42.1875,4.145570103747963,205.47341608437387,2.5917909184443886,0.0,13.517998913591988,0.6385927960103219,0.0,0.3969690240469818,1.679978054970544,2.9740728285832407,1.6426617896092621,1.7660850403028865,0.27712500669332524,0.1292517006802721,1,C:\Users\JHASHANK\Desktop\Maj_Proj\DFDC_Dataset\Fake\atidvosipb.mp4,DFDC_Dataset/Fake
84.375,5.932996840766336,157.90292376436017,0.8017531937624263,0.7902255787451713,0.7275347308083137,0.7129952031729772,0.378508944531673,14.0625,5.568588677563656,144.0963868074133,9.689842380194905,16.666666666666668,18.33461230838385,0.6409379217570607,33.333333333333336,0.4050205186863714,1.8558128697285794,0.43264329869340346,1.6428755706057518,1.544207601544685,0.4010358942462198,0.10204081632653061,1,C:\Users\JHASHANK\Desktop\Maj_Proj\DFDC_Dataset\Fake\atisizneup.mp4,DFDC_Dataset/Fake
49.21875,2.9075999885305364,171.25374846958357,0.7616163628419177,0.7926333599412226,0.7233091273684683,0.7320406866012903,0.40136753028660216,84.375,6.133366276740983,230.80543417919455,3.816107770668017,0.0,14.92381174014509,0.6371298605822848,0.0,0.2484788883891164,1.4887762751074032,0.31084221774539333,1.546047941132443,1.2017527213783075,0.3612383756780279,0.11564625850340136,1,C:\Users\JHASHANK\Desktop\Maj_Proj\DFDC_Dataset\Fake\atlndbikhv.mp4,DFDC_Dataset/Fake
77.34375,4.099368332317573,167.36520280844255,0.7447556121202545,0.8040040965395943,0.7644298650090242,0.6387867840655992,0.1243847309532104,7.03125,6.617128347924543,152.9401873391522,2.2163173309211475,0.0,17.3460037717476,0.7125177297927807,0.0,0.35075597649241713,1.6453816941453163,-0.4225852964346193,1.6605395788473494,1.1639830397549682,0.37751549505663734,0.1292517006802721,1,C:\Users\JHASHANK\Desktop\Maj_Proj\DFDC_Dataset\Fake\atlqijvnzs.mp4,DFDC_Dataset/Fake
98.4375,2.5508929927842745,128.23589374447562,0.8536937446000815,0.8036575559396216,0.6991221198754186,0.7625043731860466,0.40773926090459794,28.125,4.501493745032012,140.79208872439705,2.7833252969014493,0.0,21.874946051774412,0.6110477717338098,0.0,0.5504086084211046,2.2514172241061963,-0.2349306649044327,1.4041278092126344,1.1904100904030388,0.37427940983606905,0.1292517006802721,1,C:\Users\JHASHANK\Desktop\Maj_Proj\DFDC_Dataset\Fake\atmhcvvjfs.mp4,DFDC_Dataset/Fake
84.375,0.5203052376426329,85.89399151150084,0.8630884786054216,0.7018866226681832,0.6757172062183225,0.7250643140398392,0.2854046279755971,63.28125,4.378508535695399,155.4110965237203,8.558441892197067,0.0,16.216987286727022,0.943132841811325,0.0,0.5773752693642501,2.054268400259433,1.4932053789771134,1.3601130113016047,0.9875627742285897,0.2688226645950821,0.14285714285714285,1,C:\Users\JHASHANK\Desktop\Maj_Proj\DFDC_Dataset\Fake\atmpbrgsmp.mp4,DFDC_Dataset/Fake
154.6875,-5.242892740021949,300.9245014211298,0.9274304872543908,0.6366100891617748,0.5917863410208121,0.8489230459742166,0.644272564859269,35.15625,2.193989218525918,177.54600233940909,1.3139318249288192,0.0,12.004959655305285,0.9575752225029179,0.0,0.676039062513864,2.287482453796866,3.418902921219784,1.4730878175078623,1.0405737125546506,0.5824345188796061,0.11564625850340136,1,C:\Users\JHASHANK\Desktop\Maj_Proj\DFDC_Dataset\Fake\atntkkmyft.mp4,DFDC_Dataset/Fake
49.21875,2.361511520649066,152.75252316519465,0.8477727898992616,0.8152221650400777,0.6567147822415458,0.641737623297677,0.02031404961562203,0.0,3.6701185038050417,128.32488263601834,2.357271113976537,16.666666666666668,15.094161383303426,0.9564572066998827,33.333333333333336,0.5163129701075946,1.5315459302054792,-0.5506666424925686,1.661433055575218,1.2636004108725793,0.41010840788161457,0.1564625850340136,1,C:\Users\JHASHANK\Desktop\Maj_Proj\DFDC_Dataset\Fake\atomsspjbl.mp4,DFDC_Dataset/Fake
56.25,9.226057956217073,107.47124539664377,0.6546629411653033,0.7318572044375112,0.8236642798495046,0.6820544924303137,0.30376734498988445,91.40625,7.2947489861818955,195.62990087389758,1.7254787018809599,33.333333333333336,11.915412298581396,1.4983503706875425,66.66666666666667,0.2627487616407822,1.1688511320985244,0.7935142517373266,1.8119229562403814,1.7086437498911435,0.22669715825854544,0.10204081632653061,1,C:\Users\JHASHANK\Desktop\Maj_Proj\DFDC_Dataset\Fake\atpngxfnhr.mp4,DFDC_Dataset/Fake
70.3125,3.1062684341661417,83.86880304907908,0.8522322107395446,0.7051244390102865,0.6694769470509754,0.5424220556980552,-0.019126849010849205,77.34375,3.9141530606127395,149.91639060476962,-3.479637060434025,0.0,21.32106444636827,1.6176903383680243,0.0,0.4859246696360871,1.62061455335498,5.13178324868915,1.8959360193144215,1.4701486899102838,0.2250138618389927,0.10204081632653061,1,C:\Users\JHASHANK\Desktop\Maj_Proj\DFDC_Dataset\Fake\atpwgkaeet.mp4,DFDC_Dataset/Fake
42.1875,1.0927712084536962,74.83314773547883,0.8495221727575982,0.7368316821528557,0.6026230880009306,0.5338785003167936,0.0721725046429747,7.03125,4.350980043708211,124.14683267245283,1.2433549366908656,33.333333333333336,6.556882124206986,1.169263745572007,66.66666666666667,0.4726471243965365,1.7772437590740677,1.2645736934887717,1.7122006908293577,1.4493024552839233,0.2503558720662702,0.11564625850340136,1,C:\Users\JHASHANK\Desktop\Maj_Proj\DFDC_Dataset\Fake\atrmrdhzrk.mp4,DFDC_Dataset/Fake
63.28125,-1.0426146837266315,115.78771620935031,0.9089369948030991,0.6785014176778251,0.6384137332164797,0.8314022719101672,0.5406529572260709,14.0625,4.045395930862671,155.8574703552665,3.408348372557279,0.0,7.55471072132683,1.3631803740283557,0.0,0.7088961454721048,2.0360673622721963,6.738879899896297,1.1022969716827908,0.7960860710261051,0.27890471787653726,0.14965986394557823,1,C:\Users\JHASHANK\Desktop\Maj_Proj\DFDC_Dataset\Fake\atskafotrj.mp4,DFDC_Dataset/Fake
119.53125,-0.7160297015448771,186.01223337239765,0.8824811222504327,0.7476323237769847,0.658723822171956,0.7688047686006232,0.3554227591891951,63.28125,3.45890726296496,141.65744991685472,3.567954926178424,0.0,20.515180268063258,0.8241250859926272,0.0,0.6114206179292945,1.9729623079745768,0.6564707978255142,1.4014185433414095,1.2993374828005695,0.465284648255658,0.1360544217687075,1,C:\Users\JHASHANK\Desktop\Maj_Proj\DFDC_Dataset\Fake\atsvznzksa.mp4,DFDC_Dataset/Fake
84.375,-0.9997784247725751,56.17667256463241,0.9237010964448846,0.8411444426152301,0.6224789843894398,0.6569041132321038,0.19264256350648723,70.3125,2.8973507471849307,168.67306544848475,-0.3713686472356804,0.0,23.851717373093997,1.1624182785657644,0.0,0.7327204346776686,1.9315468957299118,-0.8099926101489778,1.484006254082231,1.1423888153329265,0.16724352900921105,0.14965986394557823,1,C:\Users\JHASHANK\Desktop\Maj_Proj\DFDC_Dataset\Fake\atuvrbyqor.mp4,DFDC_Dataset/Fake
70.3125,4.3803498958160745,282.5218471274539,0.8415895917566303,0.7391503537112473,0.6853072753741801,0.8490233704578596,0.6369758163894398,98.4375,3.852667230158425,215.40415902168002,-0.5856483400990256,16.666666666666668,22.729591767940764,0.7443166117703893,33.333333333333336,0.4741183261501152,1.6469998479404007,1.9344787517057966,0.8567659899376222,0.7892367845353323,0.527481672288764,0.09523809523809523,1,C:\Users\JHASHANK\Desktop\Maj_Proj\DFDC_Dataset\Fake\atuweqcvfa.mp4,DFDC_Dataset/Fake
70.3125,4.280138483271033,136.48537609398724,0.7586184755850187,0.7024654368544968,0.7388124527070866,0.6823731625154927,0.14001520392412722,35.15625,5.158727169604102,171.44743876249203,9.902589979551333,16.666666666666668,17.893026330157532,1.0437107793816927,0.0,0.35547540975743547,1.3765469026079062,0.9392533031933641,1.8923801949423176,0.8976864679929022,0.3676247121645698,0.14965986394557823,1,C:\Users\JHASHANK\Desktop\Maj_Proj\DFDC_Dataset\Fake\atxqvvrthu.mp4,DFDC_Dataset/Fake
77.34375,5.087698175688419,119.99387801953533,0.8010208436483002,0.8343968683558028,0.7169632891255702,0.7984036229836586,0.473714400320892,91.40625,5.034788181615906,159.96440949729492,0.697879067974001,0.0,20.71259172242967,0.7859666744800113,0.0,0.3689896207046401,1.7406589180008312,-0.7535413808959857,1.3936013266311764,1.2010694192362728,0.29116161578269606,0.10204081632653061,1,C:\Users\JHASHANK\Desktop\Maj_Proj\DFDC_Dataset\Fake\atyljnwunq.mp4,DFDC_Dataset/Fake
70.3125,0.9284072356341823,103.4576461632411,0.8812572039500332,0.7556285724794489,0.6620170944540973,0.3628265722983622,-0.5253144183231526,7.03125,4.3481089746823836,162.03415389879913,1.8182651994240808,33.333333333333336,16.30013194915868,0.8955296177987129,33.333333333333336,0.6163566696857923,1.925383550923691,0.9823264938392042,2.20137894427433,1.3615060446465181,0.29451446718002944,0.16326530612244897,1,C:\Users\JHASHANK\Desktop\Maj_Proj\DFDC_Dataset\Fake\augfkhqkbv.mp4,DFDC_Dataset/Fake
77.34375,1.0400288872282422,135.03086067019396,0.8525630726331757,0.8075203422447275,0.6694277520996956,0.6981662357295234,0.20109527632707438,7.03125,4.086053864898179,182.22808154893113,-12.919015356643271,16.666666666666668,9.072605979548808,0.6254895740382181,33.333333333333336,0.5705233968333917,1.6690594599996393,-0.2066452073905527,1.506788371608334,1.1745194775427263,0.3462329760774204,0.11564625850340136,1,C:\Users\JHASHANK\Desktop\Maj_Proj\DFDC_Dataset\Fake\augowetyej.mp4,DFDC_Dataset/Fake
84.375,1.402810722647523,168.2920741515245,0.8178604519842795,0.7876446587159015,0.6908162229395809,0.8035154106831524,0.4005014271808621,0.0,5.8889897843377685,169.10793474605015,2.427382980177746,0.0,16.460494333305043,0.6449141919425183,0.0,0.3495866074374427,2.039816395530161,0.5002646514357809,1.451191644503632,0.9145617113575087,0.4172530764087385,0.12244897959183673,1,C:\Users\JHASHANK\Desktop\Maj_Proj\DFDC_Dataset\Fake\augwyjvlqa.mp4,DFDC_Dataset/Fake
56.25,2.199983429168158,74.90735018081412,0.8084984969189273,0.7666865157875549,0.7220797203343843,0.42871442684054006,-0.005811419271144071,14.0625,5.706228336658687,207.83328209204026,1.5220515711881448,0.0,22.52068788127422,0.774284638762088,0.0,0.510243555002103,1.6737624196988665,-0.13029041022677612,1.74710141850475,1.490602685642983,0.2256704901301017,0.14965986394557823,1,C:\Users\JHASHANK\Desktop\Maj_Proj\DFDC_Dataset\Fake\aunqfjmfqp.mp4,DFDC_Dataset/Fake
70.3125,-0.1236486600901075,152.3478800089121,0.8393582218475057,0.7381281665820715,0.6224022455261989,0.3670714608313458,-0.08793478269219845,14.0625,4.519061115968578,172.39611931254603,1.9489368975866672,16.666666666666668,14.556803858618164,0.7361483723525337,0.0,0.489542454362993,1.5827155944400992,1.0639252221385789,1.8770218367396079,1.6490387359153544,0.36223126226904984,0.1360544217687075,1,C:\Users\JHASHANK\Desktop\Maj_Proj\DFDC_Dataset\Fake\aurgosqhcy.mp4,DFDC_Dataset/Fake
49.21875,0.03893666904842458,108.9852181618121,0.8619383958940757,0.7725125999805531,0.6128126927355436,0.5859176629721724,0.2089549714482581,35.15625,3.3375019435123408,160.78445346682102,23.92152036715987,0.0,12.188235518132359,0.6954369241961288,0.0,0.47203706104609955,1.776011548208583,0.030405316181965514,1.494368562933011,1.7817791482934544,0.29864901146391715,0.11564625850340136,1,C:\Users\JHASHANK\Desktop\Maj_Proj\DFDC_Dataset\Fake\auydsalswy.mp4,DFDC_Dataset/Fake
77.34375,-0.7613564882922507,156.43490431068795,0.7569384512416442,0.8190621872620953,0.6707102853715409,0.8236818190503965,0.5845563866547112,28.125,4.584157257407258,173.90051381107625,1.321671663970711,0.0,26.423221345540156,0.9758148972563119,0.0,0.2683570882002156,1.7030257233859498,-0.16554333162779056,1.2857831178517116,0.8559829866087397,0.42294409896432095,0.10204081632653061,1,C:\Users\JHASHANK\Desktop\Maj_Proj\DFDC_Dataset\Fake\auyzbzzqpt.mp4,DFDC_Dataset/Fake
77.34375,0.005466682479151634,101.95517479551953,0.8662731362331585,0.7732120230695904,0.6731342570513653,0.07945715765696196,-0.2449270465764817,7.03125,4.5474724594942435,147.49605115954512,3.091818369393969,133.33333333333334,18.182189002911706,0.8665059580980857,133.33333333333334,0.5658874833092153,1.7217803989726712,-0.059960951996597345,1.7464716350794476,1.444829056037826,0.2806509671164795,0.1564625850340136,1,C:\Users\JHASHANK\Desktop\Maj_Proj\DFDC_Dataset\Fake\avenlmlmtn.mp4,DFDC_Dataset/Fake
84.375,2.6642441674199113,171.30220210039462,0.8045757295827138,0.8136023889314493,0.70240099925443,0.9164945655365941,0.7669211088822037,7.03125,5.267758909307933,197.21790507045714,1.256179037979142,0.0,17.643261095057948,1.205182733272495,0.0,0.3844515059170853,1.576978028642264,-0.20536376690362967,1.0134753469891273,0.8402964324129081,0.38639594458735627,0.10204081632653061,1,C:\Users\JHASHANK\Desktop\Maj_Proj\DFDC_Dataset\Fake\avfhsplmya.mp4,DFDC_Dataset/Fake
56.25,4.47617449465337,88.8888888888889,0.8453335064854647,0.8357368489912128,0.681675143949238,0.5305998227325457,-0.15983704067526094,21.09375,4.518833393198711,169.9526984308195,1.3236547408210215,0.0,17.253000337135397,0.6472141835030012,0.0,0.46396229937247124,1.6252766473425924,-0.6737036077825138,2.035826098024612,1.8406536140756107,0.24806946917841693,0.11564625850340136,1,C:\Users\JHASHANK\Desktop\Maj_Proj\DFDC_Dataset\Fake\avfvieoaih.mp4,DFDC_Dataset/Fake
84.375,-2.269694614060766,144.5680053560795,0.9151138937544778,0.8196798593234849,0.60969379333359,0.5493530786980303,0.319391980027888,35.15625,3.038388555454843,177.75937389378026,1.9025716807968498,33.333333333333336,16.905292008113598,0.5683711286368976,33.333333333333336,0.6789237226114346,2.070024000193043,-0.534654675815903,1.376392742677684,1.2243060562861259,0.358702569680498,0.1564625850340136,1,C:\Users\JHASHANK\Desktop\Maj_Proj\DFDC_Dataset\Fake\avhnnjtuqw.mp4,DFDC_Dataset/Fake
70.3125,-2.3418065334501947,110.75498483890766,0.9498847988634926,0.7955289062997319,0.6033670348472553,0.35763926465754003,-0.3444415876566896,63.28125,2.3701927671982377,172.6138615675262,1.6245274608404217,83.33333333333333,18.473556639358037,0.7720262034494306,166.66666666666666,0.7931520554030544,1.9867156948200284,-0.03061914798960874,2.142084258344176,2.1413003302045643,0.2864353056178647,0.1292517006802721,1,C:\Users\JHASHANK\Desktop\Maj_Proj\DFDC_Dataset\Fake\avjqdkzjdx.mp4,DFDC_Dataset/Fake
70.3125,0.8058376565643506,114.39589045541109,0.8618191104469968,0.8410712858267315,0.6552360205702947,0.6383416070612502,0.06279785810909291,56.25,3.8770057405973235,162.19472532842946,0.8803963440964063,33.333333333333336,10.23205943542299,0.8845097540252728,33.333333333333336,0.6059879711296224,1.754752798491806,-0.7423848286525034,1.6705242125997468,1.1834599932272643,0.3421693875950368,0.11564625850340136,1,C:\Users\JHASHANK\Desktop\Maj_Proj\DFDC_Dataset\Fake\avlmlshqjh.mp4,DFDC_Dataset/Fake
126.5625,-3.1039347101568486,195.2803900216899,0.9276661610500352,0.7108846933581017,0.6321273367665969,0.4510525938441636,-0.006996463691868016,56.25,2.697069643704206,207.63361500020375,3.7238873096383966,33.333333333333336,19.214785450176638,0.7877175618449785,66.66666666666667,0.7395366379697424,2.256076483756071,0.9003916828285643,1.9267112301112774,1.7459228720558029,0.4442649571981259,0.12244897959183673,1,C:\Users\JHASHANK\Desktop\Maj_Proj\DFDC_Dataset\Fake\avoqheikrk.mp4,DFDC_Dataset/Fake
49.21875,-0.6530483707272626,119.76700631838943,0.9056754768427223,0.7489091465646172,0.654045037184474,0.627697485032793,0.01960622795842321,21.09375,3.4327958447278335,132.37004612302954,-2.3178310790629895,0.0,9.204164383146859,1.0116990075582926,0.0,0.6887558881132714,1.9099430771464339,0.9868841085559126,1.709418768191238,1.4377356458130135,0.3360940101719598,0.1836734693877551,1,C:\Users\JHASHANK\Desktop\Maj_Proj\DFDC_Dataset\Fake\avtfoeadnt.mp4,DFDC_Dataset/Fake
56.25,-2.2449996477446756,158.6400537905439,0.8168083161800866,0.8129943980802118,0.6319117495737173,0.6912223560122053,0.2067583382505833,14.0625,3.7696470842935184,201.156780670289,2.4631528837852925,16.666666666666668,13.215824785565484,0.727907025557735,33.333333333333336,0.37790670672038307,1.8773212571253024,-0.42766100266222473,1.5103819196512955,1.2440889615643038,0.35253345286787535,0.14965986394557823,1,C:\Users\JHASHANK\Desktop\Maj_Proj\DFDC_Dataset\Fake\avznxuwvbx.mp4,DFDC_Dataset/Fake
70.3125,1.9620272646072339,108.78112581387145,0.9046973149474605,0.6899555954437228,0.6295601971145919,0.7041602898860357,0.3131830606627749,14.0625,3.184504195693565,156.61863810601537,1.4135022343492027,0.0,17.912185275652554,0.8664788313116941,0.0,0.6392530947295766,1.803240295198825,1.8892119950265442,1.7887368646812394,1.6124315154285878,0.28116147574193134,0.11564625850340136,1,C:\Users\JHASHANK\Desktop\Maj_Proj\DFDC_Dataset\Fake\aweyorxpto.mp4,DFDC_Dataset/Fake
140.625,-4.732462063667922,105.14866345613622,0.8328674074889005,0.8013177910817564,0.6207658868368336,0.6171772256177431,0.29495701084820874,49.21875,2.9627700068037335,235.37646176406827,1.9358883441320311,33.333333333333336,24.214968715063762,0.41805053866778913,66.66666666666667,0.25422259352588344,1.6877245237264766,-0.2675567150826548,1.2955063650016694,0.8937733205962357,0.22895273494481272,0.11564625850340136,1,C:\Users\JHASHANK\Desktop\Maj_Proj\DFDC_Dataset\Fake\awfddrmdst.mp4,DFDC_Dataset/Fake
70.3125,-0.7953211357004513,140.05681778658544,0.7962427449995251,0.7908046694949892,0.6365199515209805,0.5981119530387401,0.0666298821932635,28.125,4.434957814065673,229.06875532008635,1.3960162639526261,0.0,18.529053730703843,1.038405219607263,0.0,0.34576049073041887,1.7123744260843057,0.13579097181325972,1.8253063374976366,1.5619694725037712,0.36697699985199567,0.1292517006802721,1,C:\Users\JHASHANK\Desktop\Maj_Proj\DFDC_Dataset\Fake\awgnijixvk.mp4,DFDC_Dataset/Fake
63.28125,1.4674511082505028,168.58972854431173,0.8609446048173055,0.8242900078854383,0.6994457478400317,0.6620377166937065,0.2559487024204218,14.0625,4.7754402567737095,246.29403726205692,1.3865217454836405,16.666666666666668,21.548860713668923,0.661580814355545,0.0,0.5843527687265293,1.696323022117691,-0.4349224556959004,1.3631688750550894,1.0587029704546806,0.38631003277078074,0.11564625850340136,1,C:\Users\JHASHANK\Desktop\Maj_Proj\DFDC_Dataset\Fake\awgsrlznew.mp4,DFDC_Dataset/Fake
56.25,1.4484532730642354,142.96488196754652,0.8371852725629495,0.8022007671249675,0.6426454877270589,0.7605637329041308,0.45966378257103757,70.3125,3.7201520205944534,203.4394701039717,2.359003564663593,0.0,22.278147037309637,0.6591644841712792,0.0,0.3973545639821589,1.7601655013022561,-0.2308571467123377,1.3155399901645641,0.9692593109354996,0.29022945963336516,0.1292517006802721,1,C:\Users\JHASHANK\Desktop\Maj_Proj\DFDC_Dataset\Fake\awjywmwplp.mp4,DFDC_Dataset/Fake
77.34375,3.30293960337259,203.06296536107848,0.819328241589828,0.7589279300597555,0.7200792729892986,0.47079005488736736,-0.24342747134774959,35.15625,5.322481477652827,172.4034201862733,-2.4765068037619344,50.0,16.41385990382941,0.7098622577866068,100.0,0.48297160503847797,1.6603537186478565,0.27090771105623324,2.079289980543531,1.8369218246565637,0.4623295981847581,0.10884353741496598,1,C:\Users\JHASHANK\Desktop\Maj_Proj\DFDC_Dataset\Fake\awkknginsz.mp4,DFDC_Dataset/Fake
126.5625,-4.105824847229151,142.0485050177501,0.9090831092711097,0.8257120405994239,0.6249240563242551,0.5697559080073855,0.1373915281563685,7.03125,3.427984475076475,164.84198969024487,6.130849233679461,16.666666666666668,15.11469383146429,0.4906630374574155,33.333333333333336,0.658189896039063,2.0059564387431204,-0.569881782042414,1.7088453910828774,1.5238189605545736,0.3511204127169045,0.1564625850340136,1,C:\Users\JHASHANK\Desktop\Maj_Proj\DFDC_Dataset\Fake\awkzxzryod.mp4,DFDC_Dataset/Fake
91.40625,-0.8245390156372066,183.33333333333334,0.8348230167138857,0.7943663744611762,0.6725991592776658,0.5841224723631478,-0.012466432110784357,7.03125,4.553836441446109,295.13577100658307,2.415317098738532,0.0,16.33790165402679,0.4370163262000481,0.0,0.45289594726062465,1.815303273199462,0.0038006769776326443,1.6163492252458502,1.5089459215879122,0.38742192857082774,0.1292517006802721,1,C:\Users\JHASHANK\Desktop\Maj_Proj\DFDC_Dataset\Fake\awldflynbc.mp4,DFDC_Dataset/Fake
112.5,1.2863892803197654,115.66234381931648,0.8318640867275614,0.782919822671538,0.7136924363578054,0.7504401529919373,0.3947878989460416,49.21875,4.5934406365743925,213.4890714468296,1.7820959419963414,0.0,18.825941512775376,0.7042560795130155,0.0,0.5112284247764879,1.9833303885623996,0.06838856844398045,1.425994758475915,1.0462958029452498,0.2551375231308452,0.12244897959183673,1,C:\Users\JHASHANK\Desktop\Maj_Proj\DFDC_Dataset\Fake\awmatnckri.mp4,DFDC_Dataset/Fake
126.5625,-1.3042324185714351,117.1893055416463,0.8282076343580749,0.7910894672668981,0.675242304057076,0.4176543064945339,-0.21014217376904545,56.25,4.353863793753505,192.9947799967361,3.713011716847101,66.66666666666667,13.666381879062827,0.7636419501108742,133.33333333333334,0.4209558377207977,1.7792529502937882,-0.4909536598424533,1.8346948146468438,1.8202905604341098,0.25475935987314413,0.12244897959183673,1,C:\Users\JHASHANK\Desktop\Maj_Proj\DFDC_Dataset\Fake\awmeoatyyy.mp4,DFDC_Dataset/Fake
91.40625,0.22513549079089548,175.54478694117415,0.8564845519070676,0.8162908430439417,0.6433407272360356,0.41834115046039316,-0.23009057558204288,14.0625,3.9955635171236215,192.541149602143,1.7342785159396654,33.333333333333336,17.07687575078654,0.3610743799607542,33.333333333333336,0.5529568176765217,1.9619545473536364,-0.08663163338599134,2.049720479066542,1.1416606846068016,0.34252641354375446,0.10884353741496598,1,C:\Users\JHASHANK\Desktop\Maj_Proj\DFDC_Dataset\Fake\awnhnhbbxm.mp4,DFDC_Dataset/Fake
56.25,7.949237781317661,162.75407487644938,0.759716953711957,0.6713042907745812,0.6808701170119914,0.6974940429905725,0.14775692993590453,14.0625,5.593820177224118,222.21690817167615,2.467664184151362,16.666666666666668,16.230076670343916,0.7983324821234501,0.0,0.2924665708115999,1.4417731038239516,3.52522542096787,1.51654279686668,1.0805888941117663,0.3905219829201761,0.1292517006802721,1,C:\Users\JHASHANK\Desktop\Maj_Proj\DFDC_Dataset\Fake\awzkdpxorv.mp4,DFDC_Dataset/Fake
63.28125,1.8843138534388748,201.76994600562074,0.8791581491858126,0.7794390008665907,0.6324858017049559,0.7965331398865092,0.5106196084612159,7.03125,3.3214517305824978,183.7248780287074,0.8460921897414977,16.666666666666668,24.374902794969913,1.1706927455749745,33.333333333333336,0.39663382913101713,1.814897336273627,0.986952510684473,1.2858888763307554,0.7402696797033327,0.42035405417837646,0.10884353741496598,1,C:\Users\JHASHANK\Desktop\Maj_Proj\DFDC_Dataset\Fake\axazpptbwz.mp4,DFDC_Dataset/Fake
161.71875,-1.110289265638399,80.40302522073698,0.8476826397643756,0.7440336949100438,0.7010798963426739,0.6174791338438167,0.013942355859133409,56.25,4.96831037731284,162.12281319455002,1.5450819746595221,16.666666666666668,12.21315464258431,1.1044477652441174,33.333333333333336,0.5237977907078254,2.418756046649734,2.0860752317349034,1.763851664906683,1.2763113235948094,0.2010075630518424,0.1360544217687075,1,C:\Users\JHASHANK\Desktop\Maj_Proj\DFDC_Dataset\Fake\axbffpjqpj.mp4,DFDC_Dataset/Fake
49.21875,0.5901208070534659,157.23301886761007,0.8839335235679142,0.8183292497722342,0.6431810308741688,0.8291198461844889,0.5940623582267898,49.21875,3.3157576331662493,175.83820340592098,1.7047959151191385,0.0,8.010456959999777,0.9647052821480036,0.0,0.587815105865486,1.6639750730234393,-0.6137401965038198,1.3038407540944303,1.083219355298431,0.39727607885233013,0.1292517006802721,1,C:\Users\JHASHANK\Desktop\Maj_Proj\DFDC_Dataset\Fake\axbvoepbdc.mp4,DFDC_Dataset/Fake
63.28125,4.881425003731165,123.15302134607444,0.8467762761454106,0.7630540260935192,0.6675224447723452,0.6754883119536946,0.32710269943517717,126.5625,4.454704629123061,195.65821138435987,3.412637711984466,0.0,10.936766663539707,0.8164067492937629,0.0,0.4581440041967277,1.6944203509872948,0.6285409903674837,1.4431455099315582,1.1764897085007604,0.2736733807690543,0.1292517006802721,1,C:\Users\JHASHANK\Desktop\Maj_Proj\DFDC_Dataset\Fake\axcasmwtjb.mp4,DFDC_Dataset/Fake
63.28125,3.408655386756441,130.63105250776587,0.8012204044865048,0.8289083861926467,0.6527998280467361,0.4207958128819299,0.34131994924040393,14.0625,4.296233598665837,171.1004149883966,-11.251637957587572,50.0,16.47228331566725,0.7126358343735657,100.0,0.3646365827068734,1.5753272148272182,-0.8034422461025574,1.2517387346345772,1.4642789030632961,0.3165729699591451,0.08163265306122448,1,C:\Users\JHASHANK\Desktop\Maj_Proj\DFDC_Dataset\Fake\axefxbvfyn.mp4,DFDC_Dataset/Fake
168.75,-3.198027975711581,78.95146188218008,0.8712381998021923,0.7572380798087476,0.653163917698347,0.7674622485991505,0.4217568723748665,7.03125,4.089896447316829,169.36697638623588,2.161916685012482,16.666666666666668,17.303325687982642,0.6852035953938251,33.333333333333336,0.5635593407902219,2.233287294764136,0.6920584096748712,1.5286201300486912,1.1569378020818282,0.25489782987883963,0.16326530612244897,1,C:\Users\JHASHANK\Desktop\Maj_Proj\DFDC_Dataset\Fake\axfhbpkdlc.mp4,DFDC_Dataset/Fake
91.40625,0.8232668235708258,90.14561964742022,0.8837474286405642,0.7521376866696197,0.6385181422173938,0.5180893112989994,-0.1540504037710029,42.1875,2.906175379915734,154.22092373765773,-2.558124406839212,16.666666666666668,22.869654069873626,0.9644169793653163,33.333333333333336,0.5969534568272632,2.1540234386146566,1.080746739497056,1.7380900358861973,1.5090454203291526,0.2604206789814362,0.1564625850340136,1,C:\Users\JHASHANK\Desktop\Maj_Proj\DFDC_Dataset\Fake\axgkbpxjvr.mp4,DFDC_Dataset/Fake
140.625,-2.474300445566851,97.4292328738215,0.8890487971116657,0.7549848819250505,0.6378631784080319,0.6010223757861117,0.01412392090208431,7.03125,3.3418421145511807,190.9412587306273,1.280031822932136,16.666666666666668,20.457837907194737,0.8836480734902864,33.333333333333336,0.5864394951590256,2.035684925914835,1.5186398419699954,1.913122390006788,1.1892044796149388,0.2619941888756148,0.1292517006802721,1,C:\Users\JHASHANK\Desktop\Maj_Proj\DFDC_Dataset\Fake\axidwwmhvb.mp4,DFDC_Dataset/Fake
56.25,-3.202258202350818,124.13150998947904,0.873688773121433,0.7453393597825269,0.6351101899210589,0.4660348921446474,-0.34740046128191904,21.09375,3.130211685571196,156.78794576980692,1.8219534747378383,33.333333333333336,17.634051513602877,1.0188149649128566,66.66666666666667,0.5110542763468781,2.3182770790194525,1.7680448006620857,1.967224622349997,1.7500412442983988,0.33677238286427574,0.1292517006802721,1,C:\Users\JHASHANK\Desktop\Maj_Proj\DFDC_Dataset\Fake\axietspzae.mp4,DFDC_Dataset/Fake
70.3125,5.712158136032388,205.1798368068821,0.7412427070782956,0.6709916412866656,0.7568602689112804,0.7620700122774502,0.3156727741292891,70.3125,6.407848352002666,186.26157041372505,1.884745848219249,0.0,19.2594937219841,0.9268812189607051,0.0,0.31790430518614565,1.4718175417610346,1.34992697512312,1.289879301719479,1.1464276286565305,0.4378881498122914,0.061224489795918366,1,C:\Users\JHASHANK\Desktop\Maj_Proj\DFDC_Dataset\Fake\axiltxiyse.mp4,DFDC_Dataset/Fake
63.28125,3.816952483290461,87.48897637790903,0.8511129372932458,0.6859508640932682,0.6716469618043723,0.6773715878822233,0.1703380788623944,42.1875,3.8122234460610467,155.6240543137983,0.3723540858229691,0.0,13.990459961614155,1.2426590908987223,0.0,0.46179944194452677,1.709155683463322,3.3971354208566913,1.7927947704213734,1.2134945402640471,0.30017848082910115,0.11564625850340136,1,C:\Users\JHASHANK\Desktop\Maj_Proj\DFDC_Dataset\Fake\axjbcvrvje.mp4,DFDC_Dataset/Fake
91.40625,2.572441759906941,112.31981455086515,0.872193995721931,0.6627883267746069,0.6741110922484699,0.5280578717355552,-0.1585286153698411,21.09375,4.0692146276696715,175.476545304136,1.3052425242893881,66.66666666666667,13.471385944443847,2.1639304406450703,133.33333333333334,0.5416927947819594,1.7972826782381612,3.70279583167318,2.073110855432628,1.7379306595403299,0.2995195054689737,0.1292517006802721,1,C:\Users\JHASHANK\Desktop\Maj_Proj\DFDC_Dataset\Fake\axjxsymyhw.mp4,DFDC_Dataset/Fake
133.59375,-4.667260492983102,96.78011771315946,0.9305744388475827,0.7808378785592115,0.6112827092010313,0.5645016089163499,-0.07949756541478256,28.125,2.2276767649950284,162.34871443642632,-0.7153401157591811,16.666666666666668,11.887035333966576,0.8905006051202891,0.0,0.7045336572839509,2.2781569211723376,0.004796381267139882,1.9074315465129739,0.7407244518889299,0.2743073134880406,0.12244897959183673,1,C:\Users\JHASHANK\Desktop\Maj_Proj\DFDC_Dataset\Fake\axklfzdbme.mp4,DFDC_Dataset/Fake
77.34375,4.681208550009433,246.60894594929485,0.7305921630310496,0.8334827369445049,0.7429337039305798,0.7017500463181308,0.2895506510727887,21.09375,5.593845835592665,182.64510326736456,6.592074792656858,33.333333333333336,9.906077737450671,0.8415512211051049,66.66666666666667,0.2695529779210817,1.434018816870151,-0.6768130832638799,1.3407673116823535,1.0612184510030194,0.5711321882677689,0.07482993197278912,1,C:\Users\JHASHANK\Desktop\Maj_Proj\DFDC_Dataset\Fake\axlzaoxpcs.mp4,DFDC_Dataset/Fake
70.3125,7.945575255210028,236.54779878728763,0.6681559156053807,0.8406476211051763,0.8288805382545057,0.6856344069222635,0.42084140763488187,42.1875,8.235649223543536,348.1061568710423,0.5249145730071612,16.666666666666668,17.656856943848037,0.7685319411588917,33.333333333333336,0.24222893607268345,1.4322017479729827,0.09811736103045243,1.3796095085095088,1.3612087379439155,0.5327745485129887,0.08843537414965986,1,C:\Users\JHASHANK\Desktop\Maj_Proj\DFDC_Dataset\Fake\axnsynfgqo.mp4,DFDC_Dataset/Fake
126.5625,-3.9158181478715393,111.60384572829157,0.8909184550426824,0.8050763592069061,0.6246970338234177,0.4899010252167127,0.023052522894515058,105.46875,2.8660691778757075,204.8142611795787,2.0961424334904875,0.0,20.91422202962576,0.48234983528851755,0.0,0.5665904225962065,2.078509330855054,-0.2661735372759435,1.7873708766502767,1.526807058111085,0.24106430677310983,0.1360544217687075,1,C:\Users\JHASHANK\Desktop\Maj_Proj\DFDC_Dataset\Fake\axntzvpfmh.mp4,DFDC_Dataset/Fake
84.375,3.1456024068336443,125.83057392117917,0.8444739895411917,0.795284517698487,0.7073297623397153,0.32390508508050087,-0.18841392832351792,42.1875,5.1342294073512935,192.04195756695626,4.775295266341518,16.666666666666668,24.163501834962275,0.6866398569155198,33.333333333333336,0.5040216793344293,2.012761032888592,-0.1276692066898204,2.050933078700618,1.4798704653781398,0.3461470999631484,0.14285714285714285,1,C:\Users\JHASHANK\Desktop\Maj_Proj\DFDC_Dataset\Fake\axqkzfboii.mp4,DFDC_Dataset/Fake
77.34375,0.7235914025467178,184.84227510682362,0.86473142682582,0.7403429778888929,0.6675970004207118,0.32961250235913275,-0.28351198349601786,98.4375,3.8966141243258514,192.13761334850463,-2.026493168494224,50.0,21.608707450059377,0.7973010488916092,66.66666666666667,0.5146062423615794,1.8507827684496383,1.0402519211429109,2.119259446098908,1.7950615072882088,0.44048819592160315,0.1292517006802721,1,C:\Users\JHASHANK\Desktop\Maj_Proj\DFDC_Dataset\Fake\axrsphinge.mp4,DFDC_Dataset/Fake
70.3125,4.999954988550094,106.57403385139378,0.8299611033358213,0.8240819370735413,0.6750525729130668,0.47048352780213176,-0.2990551367866601,70.3125,4.5283383941685775,152.86057768225402,2.474844701566293,0.0,24.29831188202059,0.8478084506266659,0.0,0.40035976067722173,1.7942069960720326,-0.501617976655683,1.8028653643570705,1.4669986899810976,0.32885885748774984,0.11564625850340136,1,C:\Users\JHASHANK\Desktop\Maj_Proj\DFDC_Dataset\Fake\axtszmzvat.mp4,DFDC_Dataset/Fake
91.40625,2.172768635327216,87.488976377909,0.8970040578706693,0.7606749519453825,0.637419219055641,0.8114715947037524,0.3907716827977541,105.46875,2.7767594954189976,175.01942668734003,1.9238217672640523,0.0,16.662979730052733,0.842753372738526,0.0,0.6567207706365997,2.1637335325236795,0.6404321228325962,1.4302132896465383,0.8222230804840068,0.26531522438141636,0.14965986394557823,1,C:\Users\JHASHANK\Desktop\Maj_Proj\DFDC_Dataset\Fake\axvafppqre.mp4,DFDC_Dataset/Fake
70.3125,3.713385262977218,148.0555266022717,0.8204720413952179,0.743102513610521,0.7266898711788929,0.6015283111291868,-0.028893275971627993,63.28125,5.466888541585583,189.99403412800217,3.4423968132534624,33.333333333333336,17.668787644726635,0.9197919980613649,33.333333333333336,0.49764316124395536,1.6154599751727527,0.636662413513998,1.8745717258357548,1.3412795663985995,0.3509735626809521,0.14285714285714285,1,C:\Users\JHASHANK\Desktop\Maj_Proj\DFDC_Dataset\Fake\axyczuqmyl.mp4,DFDC_Dataset/Fake
56.25,2.18226496425202,164.38771126794185,0.761934290964,0.7487410844650544,0.722431730563432,0.836364084735322,0.559008777636843,0.0,7.750658786993047,162.91609354435036,2.468993477598314,0.0,9.817937764029562,1.1698127153850892,0.0,0.39749230717330775,1.5707122786423895,0.2550786678948187,1.3969956643847448,1.203383683303615,0.3837301531994759,0.11564625850340136,1,C:\Users\JHASHANK\Desktop\Maj_Proj\DFDC_Dataset\Fake\axzjovaktp.mp4,DFDC_Dataset/Fake
112.5,-2.1080798919433135,162.34054831489544,0.8244588552407904,0.6911372683719792,0.6527276605091328,0.6538699523163418,0.12561848510718218,0.0,4.484530365974109,155.36738231883186,-1.5837696069347276,0.0,12.923300487773929,1.3878797461136174,0.0,0.4980337989232098,1.7837119010798763,1.8498847268442447,1.7954323187237833,1.5355681580018599,0.42228412418357875,0.11564625850340136,1,C:\Users\JHASHANK\Desktop\Maj_Proj\DFDC_Dataset\Fake\ayfjanopir.mp4,DFDC_Dataset/Fake
70.3125,1.0054696556382867,97.25337294473462,0.8933604727290915,0.7324483782286743,0.6458874594876655,0.5708490779151595,-0.1169374113717442,49.21875,3.219558215195756,152.91713790444743,2.1677587558262905,0.0,15.961401745915511,0.9418957866080576,0.0,0.5809009004358048,1.889582678109665,2.2395485819431924,1.9936385204535816,1.7549043343668207,0.2710575858047758,0.1292517006802721,1,C:\Users\JHASHANK\Desktop\Maj_Proj\DFDC_Dataset\Fake\aykawoglaw.mp4,DFDC_Dataset/Fake
56.25,3.498524831006401,222.4375374119365,0.8184856292877174,0.728907860004939,0.7089081383894997,0.6510164742115169,0.2819973877075225,14.0625,5.378721552764297,370.20178074972824,1.6827368799038267,16.666666666666668,16.548011776749316,0.6252058047827531,33.333333333333336,0.54442480732016,1.4759192433468828,0.6233042565023168,1.6153664305167,1.637196796257098,0.38288428570907096,0.09523809523809523,1,C:\Users\JHASHANK\Desktop\Maj_Proj\DFDC_Dataset\Fake\aykbmlifdu.mp4,DFDC_Dataset/Fake
56.25,2.8767679808291935,106.92676621563626,0.7865074168992319,0.7679265059515966,0.750777105081136,0.5627879861092883,-0.1426776573809638,7.03125,6.818386914885624,110.06696473347048,0.25531108029116384,100.0,14.919110122500127,0.790909924172028,200.0,0.48041684664299183,1.5100076197620729,0.8424676339251294,1.9034409902426856,1.6579482646116968,0.3170867389217026,0.08843537414965986,1,C:\Users\JHASHANK\Desktop\Maj_Proj\DFDC_Dataset\Fake\aymlynzeni.mp4,DFDC_Dataset/Fake
98.4375,0.1013084425979672,133.12741300452907,0.9069236117584274,0.6807687658566807,0.6177366315512688,0.5722314196722349,-0.16216895784922764,63.28125,2.532794304340417,157.29802570981093,1.3096496605339676,33.333333333333336,23.998027480848826,1.1433162348562171,33.333333333333336,0.6060943863891229,2.069845187059602,3.713098506108107,1.989984603875294,1.4680486350072162,0.31256001314106835,0.10884353741496598,1,C:\Users\JHASHANK\Desktop\Maj_Proj\DFDC_Dataset\Fake\aypkfdynul.mp4,DFDC_Dataset/Fake
49.21875,-0.7207523652752391,123.76107791916446,0.8741801548707516,0.789732539452222,0.6473201129461124,0.6812199472149949,0.27624530518436136,7.03125,3.930490235053141,160.20763508068075,2.8699858170638537,33.333333333333336,10.99167247178409,0.6807038115254298,33.333333333333336,0.5502574284382422,1.8352791088764024,-0.10939481734085232,1.5782389686471434,1.1910442798822372,0.30478474412928563,0.16326530612244897,1,C:\Users\JHASHANK\Desktop\Maj_Proj\DFDC_Dataset\Fake\ayqvfldwuf.mp4,DFDC_Dataset/Fake
112.5,1.1465493259232222,157.22211316141573,0.82631575642335,0.7541272746999161,0.7034659322357744,0.4334599665593069,-0.36171585089431646,14.0625,4.3193058901747845,259.6491421311418,3.159373580926799,66.66666666666667,15.571980130452046,0.8875061115618434,133.33333333333334,0.498780241048713,1.83624862660301,0.3058130478998864,2.2092912828952045,2.090836498767471,0.37889455534418404,0.12244897959183673,1,C:\Users\JHASHANK\Desktop\Maj_Proj\DFDC_Dataset\Fake\ayqywtrjhl.mp4,DFDC_Dataset/Fake
77.34375,0.09901093616290692,91.41379262169076,0.8924336404086977,0.7848483573267732,0.6732407962153403,0.5277388648671657,-0.02861790431903275,21.09375,3.976600509819686,169.18455462688786,0.45012341653196014,33.333333333333336,13.39690410536959,1.228901160619634,66.66666666666667,0.6516989398561263,1.849769280178529,0.6289397953855782,1.6105161338992635,1.5041691988057173,0.2693626335884442,0.10884353741496598,1,C:\Users\JHASHANK\Desktop\Maj_Proj\DFDC_Dataset\Fake\aysrnwnhii.mp4,DFDC_Dataset/Fake
49.21875,1.4549505904202493,138.87654266113094,0.8040128142266316,0.8258859722448735,0.7120316741696391,0.715612446334454,0.3679429220948553,0.0,5.545453524471052,155.21820542588597,70.94840039299811,16.666666666666668,16.437157059853398,0.6129620151304852,33.333333333333336,0.4173421745481958,1.5222155692484087,-0.5279731191916412,0.9092979449745157,0.9466745931869771,0.3073497255615192,0.08843537414965986,1,C:\Users\JHASHANK\Desktop\Maj_Proj\DFDC_Dataset\Fake\ayvkjimrki.mp4,DFDC_Dataset/Fake
154.6875,0.8254513072163292,77.17224601860151,0.7856563234256648,0.811109359869341,0.7364927743432185,0.6309937053308005,0.12806883979305575,7.03125,5.808850420966289,190.82789000433564,2.9581012311008097,0.0,23.982251944662796,0.5247105132032576,0.0,0.3381578081913372,2.2625486808917694,-0.29771496014697574,1.6363152804963634,1.2326579459018487,0.22733144649015788,0.14965986394557823,1,C:\Users\JHASHANK\Desktop\Maj_Proj\DFDC_Dataset\Fake\ayxuxnxwxa.mp4,DFDC_Dataset/Fake
154.6875,-4.9093556198703245,53.575837561071985,0.9114750532297212,0.7322744831375974,0.6096333144197286,0.3649785129837487,-0.35823477540887816,14.0625,2.8531226636591467,138.6710174624909,2.5581862343060604,50.0,13.785060654748037,0.6923978461511616,66.66666666666667,0.6593875086643266,1.9642066853555489,1.3060362185895915,1.8382804871118688,1.3445065653144077,0.13976305450714432,0.17687074829931973,1,C:\Users\JHASHANK\Desktop\Maj_Proj\DFDC_Dataset\Fake\azduhthfhk.mp4,DFDC_Dataset/Fake
56.25,5.982323471102909,89.50404424884869,0.783425670753409,0.7859972085303835,0.7508421263789544,0.6559620375698142,0.2431311308682076,7.03125,6.072531456730495,285.75993209023807,0.795064731285034,16.666666666666668,14.044020589410366,1.2072860442692426,33.333333333333336,0.4011075720433946,1.452325494641304,0.10884868584771334,1.4175691744581345,1.350737434757566,0.24795892128113653,0.08843537414965986,1,C:\Users\JHASHANK\Desktop\Maj_Proj\DFDC_Dataset\Fake\azenhytrlc.mp4,DFDC_Dataset/Fake
63.28125,3.0880928861295494,89.27830219791657,0.8455194736246853,0.7101862641416883,0.6511695433284865,0.6192382925622127,0.14909519588576522,7.03125,3.6894050272685224,150.95347848443907,2.14193059426561,0.0,14.465768559363362,1.333326983893211,0.0,0.4907561790186196,1.716519329623472,2.5720721253251524,1.7954034589714383,1.2252896533082183,0.27541256846635725,0.1564625850340136,1,C:\Users\JHASHANK\Desktop\Maj_Proj\DFDC_Dataset\Fake\azerbqkngz.mp4,DFDC_Dataset/Fake
98.4375,-0.8527612983077713,90.267093384844,0.9028679429851191,0.7593116953092888,0.6192472429903582,0.3504839752338934,-0.3719753095451927,28.125,2.8579368678719463,142.11912645814166,1.7540397399489824,0.0,22.74759596577806,0.861130745052908,0.0,0.6373858396483144,2.0847372980945758,0.7116150667268242,2.041676036532862,1.4087580056462123,0.2629592357193823,0.1292517006802721,1,C:\Users\JHASHANK\Desktop\Maj_Proj\DFDC_Dataset\Fake\azlfodrdst.mp4,DFDC_Dataset/Fake
56.25,3.676357240916418,254.09835147482212,0.818137658640159,0.6809797880775746,0.693270351974065,0.5411167054212386,0.14797982293914683,63.28125,3.9783678688506767,193.35852096816808,1.2113251488851908,16.666666666666668,9.178452053194128,1.2706068963320116,33.333333333333336,0.42151264668906635,1.4829329514518617,3.799129930369353,1.4077353199064826,1.7923663082743715,0.4264587717059951,0.06802721088435375,1,C:\Users\JHASHANK\Desktop\Maj_Proj\DFDC_Dataset\Fake\azppuasxcf.mp4,DFDC_Dataset/Fake
56.25,8.365945498367273,212.10530906019136,0.6468414652373972,0.6305117325772578,0.768259575149963,0.4260450255161658,-0.19520834779638815,0.0,5.710453204595538,344.50676172616045,2.099878249005655,100.0,5.433560343958272,1.2106345323540173,200.0,0.1920644890830044,1.0846392925415496,3.5127315107142607,1.1922322374161505,1.2220260592714394,0.442824076846903,0.061224489795918366,1,C:\Users\JHASHANK\Desktop\Maj_Proj\DFDC_Dataset\Fake\azqvligwls.mp4,DFDC_Dataset/Fake
154.6875,-2.967328149444181,87.488976377909,0.8979905180495033,0.7775559887790052,0.6320897424797411,0.7598030537832607,0.5161044529343444,0.0,3.095606187471187,238.06175827019965,2.0774173475434137,0.0,18.348039328487825,0.8252901576228763,0.0,0.6519409706349464,2.205387452841616,0.6051837754030034,0.915351533743946,0.8204736589943619,0.27731623983279446,0.1292517006802721,1,C:\Users\JHASHANK\Desktop\Maj_Proj\DFDC_Dataset\Fake\azrnasfxsw.mp4,DFDC_Dataset/Fake
56.25,1.2067844771865823,216.46872883262904,0.8091863573473057,0.7906098744782927,0.6920266631914712,0.7624688197692957,0.3497872753646043,14.0625,5.096846313899005,192.90176484669294,1.570092874421397,0.0,11.155429822348243,0.966021463870328,0.0,0.4101125649150947,1.5997212411093682,0.14465544022948817,1.4619243660790224,0.7541348922237749,0.41159547031556226,0.08843537414965986,1,C:\Users\JHASHANK\Desktop\Maj_Proj\DFDC_Dataset\Fake\azxcqazqbs.mp4,DFDC_Dataset/Fake
70.3125,-0.3710185293206272,156.48926125740672,0.8847198784679454,0.7374675524100056,0.6161137536022263,0.6082501513530445,0.002075171186738455,21.09375,3.086137497503726,190.22856313306087,0.5055780291943259,16.666666666666668,15.150918557822305,0.8877691585015463,33.333333333333336,0.5501700092711426,1.8193437190681394,2.2228439852044577,1.6273610206602078,1.4301069410406149,0.37860305142920986,0.08843537414965986,1,C:\Users\JHASHANK\Desktop\Maj_Proj\DFDC_Dataset\Fake\azzumsrvli.mp4,DFDC_Dataset/Fake
161.71875,-1.6271790708418221,118.21068239418452,0.8630049449722401,0.7701620811869756,0.6679547983758194,0.7059368472621647,0.2656020076987496,98.4375,3.562137981034347,165.08752008396345,-120.9254575311978,16.666666666666668,10.264023868375292,0.7409264157910457,33.333333333333336,0.5567774500024624,2.1408837348318106,0.4170387566124565,1.5977636846884837,1.10293140100188,0.324853783678675,0.1292517006802721,1,C:\Users\JHASHANK\Desktop\Maj_Proj\DFDC_Dataset\Fake\babekszsfg.mp4,DFDC_Dataset/Fake
168.75,-3.246908511864715,80.51715306416014,0.8893951593469266,0.721183356575381,0.6402727873037557,0.7472402956780243,0.5553552871222588,126.5625,3.6913847758181957,166.15234601162473,2.178872180146504,16.666666666666668,15.515411626795746,0.9947474916789601,33.333333333333336,0.6108291474921481,2.2496055007049947,1.972641479099666,1.3741639034345765,1.0072324800323473,0.2142795202513939,0.1564625850340136,1,C:\Users\JHASHANK\Desktop\Maj_Proj\DFDC_Dataset\Fake\bacbsuewui.mp4,DFDC_Dataset/Fake
42.1875,2.079055592404712,123.83891479481842,0.7921750155680197,0.8358273739018646,0.6853589499811222,0.5452595092309676,-0.25433309465406156,56.25,5.522029051159924,192.54871882452971,2.7317309880741307,33.333333333333336,10.15995221261883,0.6643438392113133,33.333333333333336,0.4310522341835601,1.5099270285147317,-0.8391665556016501,1.7160970157506068,1.5563303540352367,0.3405796720762267,0.11564625850340136,1,C:\Users\JHASHANK\Desktop\Maj_Proj\DFDC_Dataset\Fake\bagkzlffuh.mp4,DFDC_Dataset/Fake
161.71875,-3.93074435112468,68.63753427324667,0.9077372637719309,0.7807841316744473,0.6257711019052428,0.7816902126168126,0.44049701439953615,63.28125,2.951262092656819,180.27245982049087,1.8987264968657627,16.666666666666668,13.614393056372835,0.585283359771284,33.333333333333336,0.5344682873185621,2.0001714663368926,-0.004128371177200663,1.186030316019028,1.0150966872271072,0.21231789386223354,0.16326530612244897,1,C:\Users\JHASHANK\Desktop\Maj_Proj\DFDC_Dataset\Fake\baklbjkzeq.mp4,DFDC_Dataset/Fake
56.25,5.547492822466982,222.4689987804623,0.7258382756827125,0.8175030945587064,0.7990082008695949,0.511407111235253,-0.04172799203825151,0.0,7.516061802427447,148.02637715524892,2.6097158007688224,16.666666666666668,16.07075235410219,1.074093574372881,33.333333333333336,0.32961704225803584,1.3439016467184972,-0.6153152906966186,1.7140188450070803,1.360858111539632,0.47939275506726775,0.11564625850340136,1,C:\Users\JHASHANK\Desktop\Maj_Proj\DFDC_Dataset\Fake\bamtobqvtx.mp4,DFDC_Dataset/Fake
49.21875,0.9090307887971237,138.9999555910756,0.8655894465321733,0.7296852582295156,0.7103782406294837,0.5882911663109165,-0.11807751380020115,21.09375,4.666062738685924,128.42726649619405,1.052861530834101,0.0,9.72801895104846,0.8960383243618891,0.0,0.6273692438693226,1.8320697940637374,1.4950107178048961,1.9422178850714753,1.2968672937528116,0.4072359898732561,0.10204081632653061,1,C:\Users\JHASHANK\Desktop\Maj_Proj\DFDC_Dataset\Fake\baoyaflncn.mp4,DFDC_Dataset/Fake
98.4375,-0.8208739516816255,186.2561623804468,0.8609754839398027,0.8250734636547818,0.6421582270927615,0.35729522161373006,-0.201897061953364,42.1875,2.873918782594326,153.29179193955838,1.3485907130934436,50.0,13.897290503103545,0.6936222028904765,66.66666666666667,0.4503989953260273,1.9463143465318096,-0.34910505726595487,1.7502832944144109,1.3743328105743313,0.38983847940093513,0.1368421052631579,1,C:\Users\JHASHANK\Desktop\Maj_Proj\DFDC_Dataset\Fake\bateuibxti.mp4,DFDC_Dataset/Fake
70.3125,6.458645783952929,123.3895337666808,0.7590501177483693,0.7930975276145596,0.7637828126727998,0.5425084235432207,-0.11013855753088875,7.03125,6.69481811946823,139.7611070900532,1.5716619731569494,16.666666666666668,17.915160349830046,0.8465320064997213,0.0,0.4454970093401987,1.6154560461784044,-0.1182283566362754,1.7812230007742709,1.239738395225083,0.29721566527740634,0.12244897959183673,1,C:\Users\JHASHANK\Desktop\Maj_Proj\DFDC_Dataset\Fake\batfgxokwg.mp4,DFDC_Dataset/Fake
119.53125,-1.2446086677154176,162.1846320564419,0.8067549195274175,0.6690207958306276,0.6690904071363206,0.806603701609485,0.5439275633996709,0.0,3.693054198930985,401.9740243624015,2.6230375942426702,0.0,17.370996694907642,0.6621154402799496,0.0,0.25237473657420345,1.6846966618076356,1.6153512278670243,1.3823307524052004,1.0807657797842583,0.3617717457494084,0.08163265306122448,1,C:\Users\JHASHANK\Desktop\Maj_Proj\DFDC_Dataset\Fake\bauutjqiow.mp4,DFDC_Dataset/Fake
63.28125,2.014413522347029,127.77531299998797,0.8297600042572207,0.8078566538637179,0.6927970045877296,0.5618217443576846,0.0005353789201985037,28.125,4.658896065778248,286.6085624612798,2.1054209160134265,50.0,25.31720934883426,0.40925556381841216,100.0,0.49042330681999796,1.519546848820471,-0.4218133685016534,1.7676243581792364,1.442927252006967,0.30696960897318104,0.09523809523809523,1,C:\Users\JHASHANK\Desktop\Maj_Proj\DFDC_Dataset\Fake\bavaszoflz.mp4,DFDC_Dataset/Fake
49.21875,0.9521141750422677,77.52936520529369,0.8883667054859217,0.7673364265400615,0.6296709545805448,0.5524178507313614,-0.05639938222104963,77.34375,3.4362436402073686,189.29532702764695,-0.9338748202617979,16.666666666666668,12.01994605409518,0.9088530417473878,33.333333333333336,0.5900410105568917,1.7731665494192472,0.5282988207798422,1.8567558120137921,1.5520856059811352,0.19517882149584428,0.10884353741496598,1,C:\Users\JHASHANK\Desktop\Maj_Proj\DFDC_Dataset\Fake\bbaeewtqei.mp4,DFDC_Dataset/Fake
84.375,0.7993770261204542,96.4950504732767,0.8477897578608488,0.8039880313016244,0.7020666302130577,0.6788778583627464,0.19936694794892992,28.125,4.927843089689564,180.4448193156001,2.3386556244437893,16.666666666666668,13.321994896538566,0.9405119302089054,33.333333333333336,0.4791960082334269,1.8568936731240264,-0.44313738476833153,1.6429678395248029,1.2629983276468828,0.2898550724637681,0.14285714285714285,1,C:\Users\JHASHANK\Desktop\Maj_Proj\DFDC_Dataset\Fake\bbbqniokoa.mp4,DFDC_Dataset/Fake
70.3125,3.6780605098500323,187.03646406219534,0.7943512972347515,0.8177826455165527,0.7041492153969092,0.4163008377311766,-0.1500692796837407,0.0,5.00956695307805,239.38957731307227,2.135969396165523,83.33333333333333,16.27559866684061,0.5663715318484169,166.66666666666666,0.4342600980216869,1.7512877757688508,-0.5194447369441018,1.8175315270225274,1.4510178336053305,0.3375094088340367,0.10204081632653061,1,C:\Users\JHASHANK\Desktop\Maj_Proj\DFDC_Dataset\Fake\bbhkszzsei.mp4,DFDC_Dataset/Fake
70.3125,0.31748038714556137,122.24747213928165,0.8034701833485949,0.7741349936545743,0.6746849453674687,0.6325467608326967,0.3085623973390251,14.0625,5.4810177147944605,243.0373819445156,3.1000109677578243,33.333333333333336,22.0766729469066,1.6037763380549528,66.66666666666667,0.3634980273389486,1.5367051879721123,0.03389348527060054,1.4591264333362883,1.3956184794908055,0.293393933134276,0.11564625850340136,1,C:\Users\JHASHANK\Desktop\Maj_Proj\DFDC_Dataset\Fake\bbhwlztebz.mp4,DFDC_Dataset/Fake
112.5,-2.3955220067121687,181.70270503179918,0.856889573547801,0.8042364950560326,0.6470683933831954,0.4754545658501715,-0.3072731560634247,42.1875,3.4404567887300614,197.70474861888232,2.7260222602798163,66.66666666666667,26.0676873367844,0.623494886430715,0.0,0.4692900424846603,1.9580303343233727,-0.031587622298325346,1.617106527043676,0.7980476051600258,0.46440440756596174,0.11564625850340136,1,C:\Users\JHASHANK\Desktop\Maj_Proj\DFDC_Dataset\Fake\bbisgqelmk.mp4,DFDC_Dataset/Fake
63.28125,5.177478096500156,83.33333333333334,0.7931927265855323,0.8272303370977719,0.7467624183802113,0.4986612026413948,-0.2646050182771369,14.0625,5.838048747076526,185.29709814518992,3.012359746795779,33.333333333333336,14.819167246215535,0.9810984044089485,33.333333333333336,0.4217068325180387,1.466083275797822,-0.7965201619879383,1.9007753173410085,1.0918749237956404,0.2648224794144743,0.11564625850340136,1,C:\Users\JHASHANK\Desktop\Maj_Proj\DFDC_Dataset\Fake\bbqlpkudxs.mp4,DFDC_Dataset/Fake
56.25,2.6091321247228123,106.13873985857113,0.8751153906610852,0.7330373502493901,0.6125369992912322,0.6147741327703057,0.04901215259798958,49.21875,2.612786753415513,163.96294323321027,0.3909607391923826,0.0,17.72804911659145,0.7420619457809096,0.0,0.5017519497227537,1.836096051801537,2.1108729712462715,1.8574600629806561,1.6143196348787652,0.2851488533513851,0.1564625850340136,1,C:\Users\JHASHANK\Desktop\Maj_Proj\DFDC_Dataset\Fake\bbuebaojot.mp4,DFDC_Dataset/Fake
42.1875,0.6251444350910852,147.42229591663985,0.8606357143647272,0.821664338315153,0.656158723303598,0.297643467075773,-0.35074902389770296,42.1875,5.03125605171134,140.6181862951796,2.338432858766506,100.0,8.196528323712217,0.4822947590869039,200.0,0.5702734521280461,1.6640723568171492,-0.4785027150837502,1.789296138257655,1.7661181217456616,0.3748024472456946,0.11564625850340136,1,C:\Users\JHASHANK\Desktop\Maj_Proj\DFDC_Dataset\Fake\bbwbopxbrv.mp4,DFDC_Dataset/Fake
196.875,-3.0944194324419465,81.64965809277261,0.8790755428651517,0.7976067042085564,0.6400989822163078,0.4137274090133716,-0.2149137296000834,91.40625,3.453883558694965,155.99799990899777,2.6668879258531835,16.666666666666668,19.925396635153874,0.6894863526706323,33.333333333333336,0.5364123704528786,2.456584328004304,-0.19468644067629226,2.135057265828144,1.4546263538923294,0.2709654862488374,0.17687074829931973,1,C:\Users\JHASHANK\Desktop\Maj_Proj\DFDC_Dataset\Fake\bbwnmgecdf.mp4,DFDC_Dataset/Fake
77.34375,0.5036260771964571,206.67861375264746,0.8290287768463706,0.8546372098596403,0.6797678135057102,0.7155259225235285,0.12900271014075798,0.0,5.016193165426015,220.79971776690854,1.5344017392642997,16.666666666666668,22.94644249954168,0.6650139578456812,0.0,0.5008141000115648,1.6439936715357866,-0.9057220328712261,1.4708989147874636,0.9838114173264028,0.4043712008203972,0.08843537414965986,1,C:\Users\JHASHANK\Desktop\Maj_Proj\DFDC_Dataset\Fake\bbwwbsccdf.mp4,DFDC_Dataset/Fake
182.8125,-5.537999634510625,56.859693029052,0.928122952173738,0.7275264096702289,0.6005873647805753,0.5785677869475863,-0.18141570850083116,98.4375,2.4901909770589135,153.79737880024274,4.045000690360849,16.666666666666668,21.493687129677564,1.139220794704459,33.333333333333336,0.7221735186356582,2.3405034191104117,1.5384631497890524,1.8951212109381121,1.3468898015110957,0.18463723646899916,0.16326530612244897,1,C:\Users\JHASHANK\Desktop\Maj_Proj\DFDC_Dataset\Fake\bbyosyhxzo.mp4,DFDC_Dataset/Fake
112.5,0.372207179497318,128.13560310221806,0.885581349544882,0.7891899325464072,0.6820722270216704,0.530172608263328,0.04351628144660244,63.28125,3.983170550733098,170.6575323858792,-0.27295742948791746,16.666666666666668,20.292630412662373,1.0543399864181933,33.333333333333336,0.6422430767271209,2.1431089345776515,-0.17706279064096586,1.7158300593886135,1.4132589471115504,0.31091727223332316,0.12244897959183673,1,C:\Users\JHASHANK\Desktop\Maj_Proj\DFDC_Dataset\Fake\bcavrprfct.mp4,DFDC_Dataset/Fake
91.40625,-0.13462935510408697,151.93880165723243,0.8698311669739858,0.7205658701153352,0.6552723926973149,0.5610567651962377,0.06809448733915043,56.25,3.7637311745991995,164.43774520878011,1.7872581608000586,0.0,17.87870133010638,0.9851203535229974,0.0,0.5278455261846876,1.8239104268431556,1.1008199625345565,1.5205626228511926,0.8140991217787389,0.39171722302255235,0.11564625850340136,1,C:\Users\JHASHANK\Desktop\Maj_Proj\DFDC_Dataset\Fake\bcfzwkyukw.mp4,DFDC_Dataset/Fake
77.34375,-0.6274814269164909,259.6821947104904,0.8150944130038221,0.7004252412016424,0.6634559242072271,0.6518691977392064,0.250189559635418,21.09375,4.404228053376812,217.96373499938932,2.683674719800335,16.666666666666668,13.12475527715426,1.522174150371355,33.333333333333336,0.3964433092882171,1.5792195578222905,3.3751425580112278,1.8011660341206572,1.6841443070625572,0.5393399428602492,0.09523809523809523,1,C:\Users\JHASHANK\Desktop\Maj_Proj\DFDC_Dataset\Fake\bcgnzohdlw.mp4,DFDC_Dataset/Fake
91.40625,3.915750556216802,62.27180564089802,0.8066019785095397,0.7173405811293574,0.7341443013484822,0.6887649837992679,0.27838532104996816,0.0,5.707195579868803,200.94600970425205,1.7634955649185378,16.666666666666668,15.454971257245694,0.793838652867252,0.0,0.4769123259505675,1.8700735648822608,2.2071664279134824,1.7503959248315757,0.9895651016323322,0.21981810662454535,0.12244897959183673,1,C:\Users\JHASHANK\Desktop\Maj_Proj\DFDC_Dataset\Fake\bcipimmnmv.mp4,DFDC_Dataset/Fake
133.59375,-2.616678996837076,104.23146132940954,0.8784832613712726,0.7982262062008816,0.6581045342344314,0.5306392992487704,0.03928122368070263,56.25,4.0414812358406556,182.45603477990772,1.8438148024707564,33.333333333333336,14.604826398220345,0.4083652830903656,66.66666666666667,0.5387780325277666,2.2046003027590757,-0.12468548830440529,1.8092904783682358,1.7849965718013017,0.3068664311792638,0.14965986394557823,1,C:\Users\JHASHANK\Desktop\Maj_Proj\DFDC_Dataset\Fake\bcisypwgtf.mp4,DFDC_Dataset/Fake
105.46875,-3.3413510208876045,104.13666234542205,0.8841300091183347,0.7792091625250277,0.6301109066622453,0.590557812456987,0.11397538907785883,42.1875,3.350119166091237,213.0311700022844,-0.11770595550260063,0.0,21.309266150112474,0.8928328348699234,0.0,0.5613154781730386,2.053434570668098,0.030776278955483516,1.6803470220448669,1.4394639744800277,0.27814790156323826,0.12244897959183673,1,C:\Users\JHASHANK\Desktop\Maj_Proj\DFDC_Dataset\Fake\bciuzbjoxq.mp4,DFDC_Dataset/Fake
98.4375,-0.32238851383975076,111.42288673242567,0.908814575783388,0.7429672700054258,0.6458520209237955,0.8165307176269052,0.4229416661108219,35.15625,3.548425678554175,156.8455123705287,2.4546912578336135,0.0,18.14618428301155,0.5359150141266479,0.0,0.5932811523321897,2.087555116466943,1.6301809737542925,1.3879742218215616,1.0090301833597903,0.2589405114204259,0.14285714285714285,1,C:\Users\JHASHANK\Desktop\Maj_Proj\DFDC_Dataset\Fake\bcjuiazvil.mp4,DFDC_Dataset/Fake
56.25,1.1541487584736803,96.68518868814435,0.8738197610087346,0.7347588647377012,0.6767886523836462,0.5137381378179535,-0.12645023850600254,42.1875,4.098938419212519,181.96125032514203,-2.8247524831553443,16.666666666666668,25.447622049478255,1.0791356324913268,33.333333333333336,0.5745692728830145,1.8777084285858694,1.6120073599662792,1.9768363319850475,1.7204486842600861,0.28974144698708293,0.12244897959183673,1,C:\Users\JHASHANK\Desktop\Maj_Proj\DFDC_Dataset\Fake\bckuzhtwyt.mp4,DFDC_Dataset/Fake
63.28125,1.3325950068333745,51.74426669499211,0.82603372951978,0.7783098583415361,0.6692839721570711,0.6695474045340338,0.16684684642058434,42.1875,4.384698812678411,166.18751767098067,3.4915586589707917,0.0,13.250360086664411,0.6290943504158466,0.0,0.4189473114790777,1.9370803883035643,0.5599465670164574,1.691489073567441,1.3463343260674683,0.17142857142857146,0.14285714285714285,1,C:\Users\JHASHANK\Desktop\Maj_Proj\DFDC_Dataset\Fake\bcqeebkqwp.mp4,DFDC_Dataset/Fake
49.21875,2.6012751576938324,87.72190803715229,0.8456187137292788,0.7818605348101263,0.6545572188554815,0.6790697179857559,0.4006615676682389,70.3125,3.5738137775149736,180.5850112347,3.306773290089746,16.666666666666668,12.677893924482962,0.8595848097356182,33.333333333333336,0.47845328198563747,1.7030264761048433,-0.10474330587357228,1.381833645094025,1.2115181530012091,0.2703588131330092,0.1564625850340136,1,C:\Users\JHASHANK\Desktop\Maj_Proj\DFDC_Dataset\Fake\bcrhsbxuwu.mp4,DFDC_Dataset/Fake
91.40625,-3.1482054631473555,98.26268648655783,0.8917215262723627,0.7064302429043434,0.6075835809895688,0.7679200229148568,0.4652710269516702,42.1875,2.379279919285221,167.04978629263204,1.1786821863571257,16.666666666666668,19.402729336052793,0.7703421980734868,33.333333333333336,0.5466600787736136,1.7229728172060885,3.7354198645180476,1.4455000630046861,0.9962570947566683,0.2928503318632711,0.12244897959183673,1,C:\Users\JHASHANK\Desktop\Maj_Proj\DFDC_Dataset\Fake\bcunmpqmwf.mp4,DFDC_Dataset/Fake
63.28125,5.022295362165091,188.19771875425926,0.7683837006392077,0.8295154206083326,0.7560308626374102,0.4659132657562752,-0.29878585169515465,21.09375,5.940178460872254,235.5615471164617,-0.39246744253831806,33.333333333333336,17.64480547919469,0.5519212497597746,66.66666666666667,0.2425409522810883,1.5020141567485976,-0.63591068321045,1.9975486146842434,1.5579164255443452,0.4065070725092,0.10884353741496598,1,C:\Users\JHASHANK\Desktop\Maj_Proj\DFDC_Dataset\Fake\bcvheslzrq.mp4,DFDC_Dataset/Fake
56.25,-1.107407714807356,123.10790208412925,0.8718866380563458,0.8089828344675588,0.6624860697669399,0.8117272546274154,0.46494125779334067,14.0625,4.1836355308323725,173.13528570110915,0.6492640126378878,0.0,22.172769783554337,0.8013024643506798,0.0,0.533567176168216,1.956594575773871,-0.100470390632311,1.3071465710296555,0.8823986809621233,0.30995423238882497,0.12244897959183673,1,C:\Users\JHASHANK\Desktop\Maj_Proj\DFDC_Dataset\Fake\bcvisrvzak.mp4,DFDC_Dataset/Fake
70.3125,1.7074676946316927,105.0793351076541,0.8760866140031607,0.7238120198856343,0.5916572679556339,0.6083101513996083,0.05577301105815296,21.09375,2.3229453496306975,214.6915519302226,2.643233637162801,33.333333333333336,10.807251393595275,0.9937946382718621,33.333333333333336,0.43627248133265245,1.7105472392426582,1.4365588603635997,1.8244594050240501,1.6268396439514203,0.22121965285821915,0.10526315789473684,1,C:\Users\JHASHANK\Desktop\Maj_Proj\DFDC_Dataset\Fake\bcvzgovntj.mp4,DFDC_Dataset/Fake
105.46875,0.6843774572893755,81.92137151629673,0.8267135448399601,0.7228421234808748,0.6802430126409329,0.87861567115103,0.7252395003157286,42.1875,3.5678102683784823,180.81892472098383,0.28533922308248394,0.0,36.8460462333159,1.1784356002500376,0.0,0.38220875585616254,1.9300778169361135,1.3453982285275048,1.0567077856130003,1.0658266077607923,0.23513527475356222,0.12244897959183673,1,C:\Users\JHASHANK\Desktop\Maj_Proj\DFDC_Dataset\Fake\bdcnzxibfz.mp4,DFDC_Dataset/Fake
63.28125,3.095393451290005,187.6462392671676,0.7747114764426061,0.7882757108863142,0.7254039784766435,0.7481842854799134,0.5620666801327839,14.0625,5.188537055083321,174.10060550057457,1.2336645934366048,16.666666666666668,19.681537421033283,1.0308932769733963,33.333333333333336,0.3574860020029149,1.4200446694077982,0.3442700208465461,1.108755542897466,1.1231190376320082,0.4844521416518049,0.11564625850340136,1,C:\Users\JHASHANK\Desktop\Maj_Proj\DFDC_Dataset\Fake\bdeouczrwb.mp4,DFDC_Dataset/Fake
91.40625,-1.1763589116579398,136.1779881054366,0.886864486431369,0.7828652651464801,0.6375512016950466,0.4390528637870348,-0.2551233049046752,49.21875,3.49771147343907,150.57169207431355,2.0704582732617176,100.0,19.766603442007106,0.9502208500789749,200.0,0.5547828240055285,1.8348028789827928,0.2290737954094113,1.8781354323107118,1.6596467165878668,0.382492270816909,0.10884353741496598,1,C:\Users\JHASHANK\Desktop\Maj_Proj\DFDC_Dataset\Fake\bdfswhbxlh.mp4,DFDC_Dataset/Fake
56.25,1.1917965365260375,238.8848513870694,0.8781400748189473,0.754261634716023,0.6437957467588564,0.5093897259976358,-0.26959053399395255,21.09375,3.839532288059624,186.38729667515813,-1.980713854923267,16.666666666666668,13.652727464866794,0.9144525477422903,33.333333333333336,0.5139091755913301,1.7307561005537224,0.30981730449708644,1.9974300359890498,1.7040556233027677,0.45143593962910755,0.08843537414965986,1,C:\Users\JHASHANK\Desktop\Maj_Proj\DFDC_Dataset\Fake\bdhbzwfiov.mp4,DFDC_Dataset/Fake
63.28125,3.847151419692949,84.6317578410239,0.826640195513508,0.7106942154145952,0.7152005858344346,0.7161779781638145,0.1665708703755297,35.15625,4.931120527704935,156.457797273004,2.0493339167531714,16.666666666666668,22.018120561904926,0.8871028616250151,33.333333333333336,0.49305089356012793,1.7342623110265436,3.2521994618368817,1.7295026981549604,1.2177525373401528,0.2748705455529167,0.1564625850340136,1,C:\Users\JHASHANK\Desktop\Maj_Proj\DFDC_Dataset\Fake\bdkihilpyw.mp4,DFDC_Dataset/Fake
63.28125,-1.9763220741753358,108.9852181618121,0.8838280032579094,0.797685696313579,0.5978291800207394,0.6909796091230245,0.060633929856244086,7.03125,3.223858992335262,169.1319385748219,2.297855608876333,0.0,19.283011973485177,0.8635551498245712,0.0,0.5589249641125765,2.0299063204926755,-0.1989826300428259,1.663836753445439,1.1805361886616912,0.2986490114639171,0.14285714285714285,1,C:\Users\JHASHANK\Desktop\Maj_Proj\DFDC_Dataset\Fake\bdnoxibdvz.mp4,DFDC_Dataset/Fake
56.25,4.056337601416608,121.51817422372122,0.7691855800806161,0.793441838428164,0.752223725974146,0.6948749899565902,0.3593504511956682,0.0,6.470247000945472,177.41525183909184,-0.8243611963988828,16.666666666666668,17.899301920893798,0.8501193376686996,33.333333333333336,0.31068570107103793,1.541533951905416,-0.434009667008175,1.5023626470468887,1.3632844451178225,0.2782858951688272,0.11564625850340136,1,C:\Users\JHASHANK\Desktop\Maj_Proj\DFDC_Dataset\Fake\bdnwuzgaew.mp4,DFDC_Dataset/Fake
77.34375,-1.3370132533542376,88.55538906789369,0.9080087731002526,0.7602839156367307,0.6090608656324806,0.7157172525828516,0.20230343254321229,56.25,3.0267217921310863,182.11605039974148,2.4625219713625675,0.0,21.430470366794395,0.7412459978934844,0.0,0.6638784440075006,2.106196882012733,1.0773347045727366,1.5675228378174209,1.2192793404287106,0.25148077630587173,0.16326530612244897,1,C:\Users\JHASHANK\Desktop\Maj_Proj\DFDC_Dataset\Fake\bdpwzkrofr.mp4,DFDC_Dataset/Fake
56.25,0.458295931671501,115.06841765115543,0.8975483273864586,0.6923791555417694,0.6252472549416008,0.47808671360957017,-0.1862770512916555,70.3125,3.215402997988168,159.4841306907616,-3.713792021511885,16.666666666666668,14.513093938076786,1.0698655842554,33.333333333333336,0.5846030392087256,2.043605089370941,2.652543307383434,1.8606097480529509,1.61556540348101,0.3001784808291012,0.1292517006802721,1,C:\Users\JHASHANK\Desktop\Maj_Proj\DFDC_Dataset\Fake\bdqmhkoehe.mp4,DFDC_Dataset/Fake
56.25,0.9685554929385949,108.29771494232182,0.8716186165380688,0.8113747582311537,0.6603943667132155,0.44105636240798884,-0.17256453346041997,28.125,4.012689721993318,189.8000964561661,3.6199041555473843,100.0,13.952439568647781,0.5916991519695657,200.0,0.5076355816939278,1.7347051145660242,-0.5112863411962505,1.8254963445671062,1.8202233313254312,0.28667042190614594,0.14285714285714285,1,C:\Users\JHASHANK\Desktop\Maj_Proj\DFDC_Dataset\Fake\bdqrsasbda.mp4,DFDC_Dataset/Fake
63.28125,3.6318531250255717,189.72219962763998,0.7633519810900454,0.7377625246849272,0.7392750885429623,0.8291151964535564,0.6120859993719586,14.0625,5.980983863625599,156.84666556229004,-0.6404411178043617,16.666666666666668,18.959736136422926,1.2627872218116987,33.333333333333336,0.36074076739198063,1.4468832167390429,1.5554385256820575,1.2795508912058717,1.1207351339297984,0.41310478951179663,0.10204081632653061,1,C:\Users\JHASHANK\Desktop\Maj_Proj\DFDC_Dataset\Fake\bdqshjkpxd.mp4,DFDC_Dataset/Fake
91.40625,-1.023549466479979,63.274584902488186,0.8428719746094543,0.7785012960443746,0.6642088692680793,0.7037936694874609,0.2047120585629543,56.25,4.127128768935813,175.18796297404387,1.3114761488549282,16.666666666666668,18.954440303427578,0.9643703595421709,33.333333333333336,0.47345653383757164,1.7175805416554513,0.018978867269979993,1.677613225563003,1.2726599512304528,0.20015111449076978,0.11564625850340136,1,C:\Users\JHASHANK\Desktop\Maj_Proj\DFDC_Dataset\Fake\bdshuoldwx.mp4,DFDC_Dataset/Fake
63.28125,3.086742196285648,137.37367934862112,0.8690221460167308,0.7961329886298348,0.6763318480791036,0.5204584190097858,-0.2877255614411068,21.09375,4.335912659404475,185.39772774253555,1.339995111560898,0.0,8.405510888797254,0.8503636888450998,0.0,0.5924436434024174,1.8944951507033545,0.7592371413229229,1.910989388114562,1.2400194425258686,0.3891500809989908,0.11564625850340136,1,C:\Users\JHASHANK\Desktop\Maj_Proj\DFDC_Dataset\Fake\bdvqwpqmag.mp4,DFDC_Dataset/Fake
70.3125,4.973077022645755,98.60132971832694,0.79225123137899,0.7946994178058258,0.6828126196504436,0.7200177113760884,0.29684328893654705,56.25,4.287582936816999,166.19530540911614,2.8570393155044425,0.0,13.790817438661243,1.105807865213311,0.0,0.3635080543073693,1.629065581906799,-0.03762841953497276,1.4306966395076282,1.230744956566657,0.2765508642174266,0.11564625850340136,1,C:\Users\JHASHANK\Desktop\Maj_Proj\DFDC_Dataset\Fake\beborlpxuy.mp4,DFDC_Dataset/Fake
126.5625,-0.24855154398827853,93.1096673331595,0.7922577452012494,0.628888307860606,0.6920800122554631,0.29463619977782474,-0.46140753911725996,35.15625,4.030425483263537,161.14992100899258,4.497861780370318,100.0,14.77177841803271,1.350434303231213,200.0,0.26321465810938044,1.7742998076144998,2.802867618646588,1.985573834160526,1.9350132879522093,0.2887939065128582,0.16326530612244897,1,C:\Users\JHASHANK\Desktop\Maj_Proj\DFDC_Dataset\Fake\bebrgwqbot.mp4,DFDC_Dataset/Fake
84.375,2.239584896307529,150.8655582519306,0.8196369670949666,0.8203246138220777,0.7199350397468359,0.7152551468043877,0.2593101909885812,28.125,5.82026047711756,204.12341353423545,1.1775595050323437,16.666666666666668,25.103526081457986,0.6684760827822533,33.333333333333336,0.4438170312396199,2.1004333809623357,-0.80890413455037,1.4950054286074994,0.8928219915256213,0.41177137353451365,0.11564625850340136,1,C:\Users\JHASHANK\Desktop\Maj_Proj\DFDC_Dataset\Fake\bednaxvzbt.mp4,DFDC_Dataset/Fake
84.375,-1.4395138310441336,95.15344526125807,0.9296846896071822,0.7275046966433274,0.6097254444538562,0.4084194581833286,-0.5285046655160902,21.09375,2.38326104702292,211.2657970580924,2.4588947985645437,33.333333333333336,23.859152507344987,0.5867062426362217,33.333333333333336,0.7287267182076931,2.0350167608944902,1.2409612491565643,2.1389228904545172,1.5793021445476856,0.2662983408314555,0.14285714285714285,1,C:\Users\JHASHANK\Desktop\Maj_Proj\DFDC_Dataset\Fake\beeelfonyn.mp4,DFDC_Dataset/Fake
77.34375,3.1216675183292835,156.3471919941143,0.8258386312531789,0.7596598271565594,0.7090010037639745,0.7570585433042056,0.26996674476577837,0.0,5.47195489316026,257.00333136951747,1.7987390985370908,0.0,17.4579756594733,0.7490495835868692,0.0,0.44857101735617055,1.6786413618196518,0.783691918534688,1.4515767281433614,0.8022996504944836,0.36035913054296964,0.10204081632653061,1,C:\Users\JHASHANK\Desktop\Maj_Proj\DFDC_Dataset\Fake\befkxqjbox.mp4,DFDC_Dataset/Fake
189.84375,-2.4545915308925395,109.25912955951483,0.8572556641384322,0.7742555592600422,0.6580942328696968,0.6752790631249709,0.303864808417046,42.1875,3.3798962301452264,150.48846219842886,7.683747827328388,16.666666666666668,7.572315383693267,0.8918696295332726,33.333333333333336,0.48637653809462356,2.2607974171387903,0.08704934123043984,1.630527481532228,1.454147794052204,0.31900522758050925,0.1360544217687075,1,C:\Users\JHASHANK\Desktop\Maj_Proj\DFDC_Dataset\Fake\begolhmsru.mp4,DFDC_Dataset/Fake
70.3125,-1.4029977727016185,86.56276883082242,0.9178677545024194,0.7482321894279719,0.6179908365277418,0.4716751063461895,-0.0968623960353183,77.34375,2.79586915605261,150.03994706011667,0.7174546415002884,66.66666666666667,17.234121359638163,0.8044295845601408,133.33333333333334,0.7062241531727367,2.308429307894316,1.2034900729638203,1.8517244495966363,1.804577285514011,0.2521396116780725,0.1564625850340136,1,C:\Users\JHASHANK\Desktop\Maj_Proj\DFDC_Dataset\Fake\benxwujzwl.mp4,DFDC_Dataset/Fake
84.375,0.5178600861764935,89.89331499509896,0.8438993010693255,0.7235430005640487,0.6754095697917286,0.6110869672443132,0.25975938106272967,14.0625,4.303060720965707,181.64737762907706,3.4699200843341513,16.666666666666668,14.016147729356291,0.9836032846871312,33.333333333333336,0.5122900743464462,1.566057062191162,1.5992932608156254,1.585299944557659,1.4268298894081604,0.2247332874877474,0.1292517006802721,1,C:\Users\JHASHANK\Desktop\Maj_Proj\DFDC_Dataset\Fake\beoobdybbw.mp4,DFDC_Dataset/Fake
91.40625,3.6132316723122617,141.1756195508118,0.7629160232857461,0.7645089861935478,0.7692115712858028,0.6781543906176919,0.47774823456761867,14.0625,6.809873763862256,200.79643264819205,2.7590815186241175,16.666666666666668,15.663694815772772,0.7905618909260218,33.333333333333336,0.3501897661252282,1.6765280887035539,1.4667077274884894,1.567421020332344,1.4724434376846196,0.2528518559119017,0.12244897959183673,1,C:\Users\JHASHANK\Desktop\Maj_Proj\DFDC_Dataset\Fake\betxlrlfsv.mp4,DFDC_Dataset/Fake
112.5,-1.3771812189466854,128.08604789474506,0.8881344329435867,0.7198446569038585,0.6506930690714023,0.7802935391706785,0.38601210759642646,28.125,3.9141747417745485,192.45218763313736,1.3615442514272262,0.0,12.721378050769413,0.9790644843242887,0.0,0.6198285991901145,2.1880608675963833,0.8370652523592961,1.5230221240058857,1.1547378105598547,0.3152046579394459,0.11564625850340136,1,C:\Users\JHASHANK\Desktop\Maj_Proj\DFDC_Dataset\Fake\bevijjvici.mp4,DFDC_Dataset/Fake
70.3125,3.5326465804172935,110.00000000000001,0.8706380005081463,0.7717093372185354,0.683568231657825,0.7293922643011989,0.2559708651815257,63.28125,4.930313699829611,163.3747295133001,-0.21688590287317117,0.0,12.522480122952949,1.0068443315066702,0.0,0.6323016765238829,1.9370309442155385,-0.05078792135359311,1.6496767140933284,1.1785789648834546,0.29831067331307476,0.10204081632653061,1,C:\Users\JHASHANK\Desktop\Maj_Proj\DFDC_Dataset\Fake\bewbohouqa.mp4,DFDC_Dataset/Fake
70.3125,2.754640752806201,191.4400834610024,0.7676036509503433,0.7366368150885981,0.7241051534971055,0.47652114734607187,-0.25007186335923876,28.125,4.693666895963772,299.26099146748015,-0.497343176099601,66.66666666666667,14.81363789706931,1.169733507544417,100.0,0.32289812199398193,1.4035257655369695,0.5219647125852624,1.5877099911134849,1.2255409496060807,0.34545578970406443,0.10884353741496598,1,C:\Users\JHASHANK\Desktop\Maj_Proj\DFDC_Dataset\Fake\beyrhsvlrt.mp4,DFDC_Dataset/Fake
49.21875,0.6977263888044665,88.67160944173537,0.8969611315529963,0.8238414932283514,0.6406985689436961,0.3574749974000842,-0.5722058224556041,77.34375,3.724719768945355,154.5070482712279,0.5402455925325305,100.0,19.3491810919014,1.1501429644046983,200.0,0.6548237039926887,1.7658087796003283,-0.5018942633182184,1.9437919073858005,1.609998795127162,0.2540186271968317,0.11564625850340136,1,C:\Users\JHASHANK\Desktop\Maj_Proj\DFDC_Dataset\Fake\bfajryuvdg.mp4,DFDC_Dataset/Fake
77.34375,0.7544522815179039,98.5621944400565,0.881914829625575,0.7865612934110542,0.6623019903198673,0.634090776219841,0.14069791914259633,7.03125,4.998326293697315,156.9782506652956,2.634489556606645,0.0,14.909112190781673,1.044343895134739,0.0,0.5884468805412016,1.8218405452391422,-0.1921211603757258,1.699001735871056,1.2745926688413753,0.27085793891923926,0.1292517006802721,1,C:\Users\JHASHANK\Desktop\Maj_Proj\DFDC_Dataset\Fake\bfbpgqcfwi.mp4,DFDC_Dataset/Fake
42.1875,-0.795896140444673,37.118429085533485,0.8029965089066234,0.7740287465823619,0.5983186697128957,0.6610792821298863,0.02372511807740157,91.40625,4.0005478641709376,171.93672229566585,16.107750589130855,16.666666666666668,10.472855602629012,1.2895146223790133,33.333333333333336,0.3247095556203339,1.5652755901821123,0.44335586644937,1.7280244057726177,1.2908245196354502,0.08187888768867681,0.10884353741496598,1,C:\Users\JHASHANK\Desktop\Maj_Proj\DFDC_Dataset\Fake\bfdlyfihvy.mp4,DFDC_Dataset/Fake
63.28125,1.3303100002506905,127.758452644912,0.8817983075793644,0.8163069149364135,0.6440291149955419,0.872033929486312,0.6573105031166416,56.25,3.297395462926881,154.6156300566338,2.33907023815147,0.0,16.192158983708616,0.7535796863046613,0.0,0.5144166081260215,1.734218846861315,-0.5760472464800004,1.0237791328281007,0.7857139034115638,0.2971126805695628,0.12244897959183673,1,C:\Users\JHASHANK\Desktop\Maj_Proj\DFDC_Dataset\Fake\bffavsfxqi.mp4,DFDC_Dataset/Fake
77.34375,3.20222858711929,139.66450099973926,0.8683878555357657,0.8207539317929726,0.6944505333002552,0.5753415185649468,0.1486118246382697,7.03125,4.985690495676794,209.81251432138492,3.0165820615887537,0.0,13.501721051688197,0.5827372906005293,0.0,0.6106714114823342,1.8212864457225921,-0.6069532225760534,1.6875243037039473,1.5489342635818912,0.3572886995242527,0.11564625850340136,1,C:\Users\JHASHANK\Desktop\Maj_Proj\DFDC_Dataset\Fake\bfhgudaysl.mp4,DFDC_Dataset/Fake
70.3125,2.1749414426528517,214.3386178081314,0.828749614618341,0.7689154301061161,0.7299780122412023,0.3881767917978649,0.07739803901923836,56.25,6.044228589974155,220.85574226062738,2.615968557926089,100.0,9.945415874064278,0.5272730662402481,200.0,0.5350969754428266,1.7834707945228143,1.9160798222386557,1.588495889925985,1.444682387575512,0.5144399260360728,0.10204081632653061,1,C:\Users\JHASHANK\Desktop\Maj_Proj\DFDC_Dataset\Fake\bfjwtlumpn.mp4,DFDC_Dataset/Fake
63.28125,1.1199629243267402,90.1992488856801,0.8841922026559649,0.7770552296904886,0.6545582177125575,0.693332663903058,0.32073943001710814,28.125,3.401140321227245,152.66812410414087,-1.6807160107577948,16.666666666666668,19.23379441155195,0.7377604364023774,33.333333333333336,0.5821095384162954,1.8119449560024408,0.6774526540908941,1.6104515386250362,1.388338823499362,0.27455758717771733,0.16326530612244897,1,C:\Users\JHASHANK\Desktop\Maj_Proj\DFDC_Dataset\Fake\bfmvjimrqn.mp4,DFDC_Dataset/Fake
49.21875,-1.6223787496334547,134.16407864998737,0.8434717885532318,0.7193858587219201,0.6368317021582853,0.3034058033890573,-0.4196089318300559,91.40625,3.8174473984836883,188.92338757433436,1.6149208692568675,100.0,9.122873090250089,0.8869118575323442,200.0,0.5149383201784946,1.8411697300269132,2.4362918760910564,2.094393772502693,1.7343748988476821,0.36893155505397834,0.10204081632653061,1,C:\Users\JHASHANK\Desktop\Maj_Proj\DFDC_Dataset\Fake\bfowhabcyv.mp4,DFDC_Dataset/Fake
56.25,3.4323209097869882,94.5726456625893,0.7903725875516846,0.7926470298822359,0.7436286747834165,0.35862960413618705,-0.10333398900740769,21.09375,6.024643490407476,143.0437348328932,-1.7119014916681425,83.33333333333334,18.028658741924183,0.9859455871426926,133.33333333333334,0.41567128757085203,1.5983674759405218,-0.1847191646658186,1.9292509948256058,1.8716152651325753,0.27019021969889406,0.12244897959183673,1,C:\Users\JHASHANK\Desktop\Maj_Proj\DFDC_Dataset\Fake\bfrwghgtrn.mp4,DFDC_Dataset/Fake
49.21875,2.7430037618899563,62.415924245750816,0.8482877413118473,0.8351467421672341,0.6789720304238419,0.6575494593815128,0.12814042975549236,49.21875,4.108650037038244,224.74877376888608,1.9543344545191024,33.333333333333336,11.806965128680986,0.9199319724838492,33.333333333333336,0.4991050733164523,1.5172429804054375,-0.9020769120511893,1.5373230699657374,1.0854204256715732,0.2334534649375828,0.1292517006802721,1,C:\Users\JHASHANK\Desktop\Maj_Proj\DFDC_Dataset\Fake\bfsjasmdpd.mp4,DFDC_Dataset/Fake
56.25,0.5766254079617692,87.62116830881946,0.902983009779338,0.7547391520517395,0.6388378604668286,0.797554318260586,0.46357369068683496,35.15625,3.2650781612619784,163.91483575569623,1.2926103356756389,0.0,25.907858770064433,1.0476550247221723,0.0,0.6468304609887177,1.7809298172608348,1.1830345333063903,1.1878577745345142,1.0610574694148396,0.23024540577500008,0.1360544217687075,1,C:\Users\JHASHANK\Desktop\Maj_Proj\DFDC_Dataset\Fake\bftgduqoct.mp4,DFDC_Dataset/Fake
105.46875,-0.360272101073253,144.9658206724513,0.8286685735293728,0.7748790781769651,0.6764007359488767,0.6144477933973532,0.06525469373441647,35.15625,4.104668413354561,220.2958845700626,3.3025502680260983,0.0,21.28251423879435,0.6915633707357579,0.0,0.5196915409173853,1.882177789049242,-0.1289617568844399,1.8114763274072647,1.4612922621212232,0.3543068180473314,0.14285714285714285,1,C:\Users\JHASHANK\Desktop\Maj_Proj\DFDC_Dataset\Fake\bftztxnheg.mp4,DFDC_Dataset/Fake
77.34375,-0.1332493671381511,96.87495371603504,0.9427448507351719,0.7017279762232038,0.6087660956407935,0.4886315509706781,-0.18493534565314307,28.125,2.522234449452829,139.55228927132262,0.8570480710818871,16.666666666666668,21.327163641339922,1.9971883762760734,33.333333333333336,0.801356466535364,2.001119795076813,4.905406987235062,2.1004676339974804,1.366491683177535,0.24403614294879059,0.10884353741496598,1,C:\Users\JHASHANK\Desktop\Maj_Proj\DFDC_Dataset\Fake\bgatyjdowa.mp4,DFDC_Dataset/Fake
112.5,-3.5878086323069835,109.59521481849063,0.8998197775476554,0.684303133938209,0.6260018053381939,0.5088003401502987,0.06848515384877404,42.1875,3.229429293565457,198.454470696718,2.4625620086008153,33.333333333333336,21.1032655419297,1.172721317991353,66.66666666666667,0.6445062263925432,2.0656434371096295,3.172116837030245,1.717799269647169,1.63453229723492,0.2472072514702797,0.09523809523809523,1,C:\Users\JHASHANK\Desktop\Maj_Proj\DFDC_Dataset\Fake\bgcuvhbfkz.mp4,DFDC_Dataset/Fake
63.28125,5.751886322558385,152.97686243009915,0.7626178336752152,0.7076241395852473,0.7373801499861348,0.7129132996773722,0.5607847627315207,161.71875,5.2315238896511564,160.2222115921259,0.7673540092478911,16.666666666666668,15.345105479504584,1.054653285057486,33.333333333333336,0.3102918169766959,1.3347053616847746,0.6868692794293576,1.4441131412600496,1.439203710186214,0.4093089529177264,0.12244897959183673,1,C:\Users\JHASHANK\Desktop\Maj_Proj\DFDC_Dataset\Fake\bgdhmiplel.mp4,DFDC_Dataset/Fake
49.21875,-1.767064264370367,74.4739741057243,0.9059900270034087,0.769652596718392,0.6042748115420302,0.6520046085452347,0.2533345966638316,56.25,3.0265618885950087,174.32008747296356,2.1950245364115757,0.0,20.533332110614783,1.0623627966884737,0.0,0.615689292564142,1.984333117385899,0.77418463819598,1.585405647340722,1.3504065022525398,0.25304344361576275,0.14285714285714285,1,C:\Users\JHASHANK\Desktop\Maj_Proj\DFDC_Dataset\Fake\bgdokxsepy.mp4,DFDC_Dataset/Fake
77.34375,-0.9803750794052284,106.4495034560624,0.8615271525192901,0.7900671562135418,0.6370324496113094,0.6819237119613063,0.3100336170225583,14.0625,3.9387982089828735,199.40805055510498,0.7531569129355875,16.666666666666668,11.951334988351348,0.8881118086644114,33.333333333333336,0.4689452431016004,1.6462173246284202,-0.03585430477470908,1.3569663619524215,1.0145970298001556,0.2602098973370414,0.11564625850340136,1,C:\Users\JHASHANK\Desktop\Maj_Proj\DFDC_Dataset\Fake\bgduhdhubv.mp4,DFDC_Dataset/Fake
91.40625,-2.285536176047499,99.93138935727438,0.8588740543266354,0.7896298507055998,0.6262130869351745,0.7135448616797222,0.15116320870704095,21.09375,3.5265991116814925,273.5741466795228,-4.581352753623129,16.666666666666668,22.77317319535184,0.7461559745278832,0.0,0.48013318032726066,1.6815361263932986,-0.1755296496746328,1.5183257356932498,0.7145769956281025,0.24753646905012924,0.10204081632653061,1,C:\Users\JHASHANK\Desktop\Maj_Proj\DFDC_Dataset\Fake\bgeeccvcjv.mp4,DFDC_Dataset/Fake
56.25,-3.2816486036094243,110.17975128907783,0.8999709349223791,0.7946772325578516,0.6246475282512818,0.7052322454601446,0.27727515147557086,7.03125,3.511451022326129,156.11974719304555,1.3763494868528685,0.0,19.990690386944124,0.8228381852279893,0.0,0.6057778942492036,2.1569715846985766,0.20037030375911247,1.4184612315090377,1.254426657031946,0.30941936182459917,0.1292517006802721,1,C:\Users\JHASHANK\Desktop\Maj_Proj\DFDC_Dataset\Fake\bghgqeswsj.mp4,DFDC_Dataset/Fake
133.59375,-0.7124873341349094,82.16777476527245,0.836871343681356,0.7932973569031977,0.6808883008637601,0.5480541570098001,-0.1067626729729917,84.375,4.20939544601118,178.98605674852232,-0.49866997076869235,16.666666666666668,21.499237431225957,0.8683848406484225,0.0,0.4845709439944796,1.9701888293858567,-0.1474371883917036,1.658123690341758,1.3508843958876666,0.21591532055108092,0.1292517006802721,1,C:\Users\JHASHANK\Desktop\Maj_Proj\DFDC_Dataset\Fake\bgnxtocxqo.mp4,DFDC_Dataset/Fake
56.25,4.834230630116265,185.99821525169955,0.7320706623742613,0.7502708424006188,0.7362561290441211,0.7704770594532853,0.35062519739162545,21.09375,5.530119439538939,199.54227701621238,-0.6496558175587914,0.0,14.964783454959534,0.9436116118634886,0.0,0.2659949834617837,1.2386044670763527,0.8278287386018719,1.5974597041070204,1.0646766787293465,0.4193746692619919,0.08843537414965986,1,C:\Users\JHASHANK\Desktop\Maj_Proj\DFDC_Dataset\Fake\bgpwqfqnbi.mp4,DFDC_Dataset/Fake
63.28125,4.281771303947716,139.8411797560202,0.8020521486364175,0.7261692529979308,0.7382107632815058,0.5140684534492399,0.15621599614994866,7.03125,6.473516655459447,153.15948437997733,1.4985993995939173,33.333333333333336,17.774202302396457,1.4776743258732925,66.66666666666667,0.43176710600090984,1.6117771496538063,0.5782248992629047,1.6053507000287948,1.540373146075303,0.32271041482158513,0.10884353741496598,1,C:\Users\JHASHANK\Desktop\Maj_Proj\DFDC_Dataset\Fake\bgpzkygcea.mp4,DFDC_Dataset/Fake
49.21875,0.972638918830831,198.32633040858022,0.8276544906456472,0.7715316380092981,0.6974127282100628,0.410557481606323,-0.25056552046120056,98.4375,4.392207116793551,211.53334005948685,1.6746748651461225,16.666666666666668,9.696748069501393,0.6358942718417655,33.333333333333336,0.4643939586784351,1.7260023573493524,0.45278464035246824,2.0591299611557177,2.004785217324103,0.424984993732672,0.1360544217687075,1,C:\Users\JHASHANK\Desktop\Maj_Proj\DFDC_Dataset\Fake\bgqvaldacu.mp4,DFDC_Dataset/Fake
77.34375,-1.5602108719722603,114.91203167186994,0.9234765204527969,0.7507566769196057,0.6184441861033985,0.6095377697110532,-0.006662366835366275,7.03125,2.7888472769011794,135.24729691731258,1.003556215095249,0.0,17.411550665556128,0.8672434282229491,0.0,0.7171085996767841,2.0646690580394167,0.11973549007040551,1.7642783554064774,0.9365269498645253,0.31626298657338947,0.17006802721088435,1,C:\Users\JHASHANK\Desktop\Maj_Proj\DFDC_Dataset\Fake\bgrdfeoydq.mp4,DFDC_Dataset/Fake
119.53125,-1.972429091956149,139.20408678547398,0.8425956913187063,0.8039419618540482,0.6573382607820599,0.5778247816221785,0.08541788222387041,21.09375,4.232419228252113,237.12022750913917,1.6610800181368592,0.0,15.45757080246414,0.7997309555305426,0.0,0.32910571696207075,2.1138733572761494,-0.043917326021118086,1.7582775940899522,1.4447378725982667,0.33678408093259843,0.14965986394557823,1,C:\Users\JHASHANK\Desktop\Maj_Proj\DFDC_Dataset\Fake\bgswtwkxvc.mp4,DFDC_Dataset/Fake
84.375,1.3698056390603774,150.88627063675034,0.8970825094506567,0.6624871669334125,0.6720378234068968,0.6348074105581549,-0.1310244999145593,42.1875,4.068100871460234,190.6292488322793,0.47432704122304853,33.333333333333336,18.383058708090573,1.620023649664019,33.333333333333336,0.6941524620255994,1.8702670576891367,6.625323854869777,1.5904002260911008,0.894836934143335,0.35089830380639625,0.08163265306122448,1,C:\Users\JHASHANK\Desktop\Maj_Proj\DFDC_Dataset\Fake\bgtgxubqmy.mp4,DFDC_Dataset/Fake
70.3125,-0.20616676932555505,62.360956446232365,0.8930264096698273,0.7822312160197209,0.6125717170772018,0.6186042749027513,-0.0005426408238902616,14.0625,2.795325186169497,170.67727634890036,0.29985664962985176,16.666666666666668,20.855564775810773,1.0268279583217312,33.333333333333336,0.5645596053174827,2.229385478813804,0.5004944876044686,1.8487866511080515,1.4519950894382871,0.17007533576245193,0.1360544217687075,1,C:\Users\JHASHANK\Desktop\Maj_Proj\DFDC_Dataset\Fake\bgvjvvuvgb.mp4,DFDC_Dataset/Fake
84.375,4.141487428773409,179.6964366030845,0.8260334016290136,0.7794393684060922,0.680642039704614,0.791130342950545,0.5142552692094149,84.375,3.738706162369253,237.30302207888704,1.8903948151340806,0.0,16.832553281908325,1.0965986572768196,0.0,0.341904146896256,1.7651417295040595,0.6312689965226439,1.4343987553950308,1.1003118933517793,0.44949579481609386,0.11564625850340136,1,C:\Users\JHASHANK\Desktop\Maj_Proj\DFDC_Dataset\Fake\bgwmmwgmgk.mp4,DFDC_Dataset/Fake
91.40625,-1.0014186751160765,110.35296904831233,0.8375949871719339,0.818938630147963,0.6496764202621091,0.5098082198330545,0.12951407875935667,14.0625,4.824228646617752,173.8747666947656,3.6997177922567173,33.333333333333336,10.715690817361205,0.716991069967778,33.333333333333336,0.46843638314446706,1.6616640335380117,-0.6656521367629273,1.6094775670629353,1.2426099402927961,0.3167744004196767,0.1360544217687075,1,C:\Users\JHASHANK\Desktop\Maj_Proj\DFDC_Dataset\Fake\bgyaqospgo.mp4,DFDC_Dataset/Fake
63.28125,0.8502328903288537,174.28853144907157,0.8188311958882176,0.8187400300687228,0.6743270233059162,0.43121569675385196,0.04772117668382522,28.125,4.415423483073019,152.81741840144673,2.696462697691237,100.0,14.062291664104533,1.148501674115051,200.0,0.3992843024556838,1.661175629673545,-0.5063259329113392,1.5404477802577548,1.5430987604052953,0.4167769230303886,0.14285714285714285,1,C:\Users\JHASHANK\Desktop\Maj_Proj\DFDC_Dataset\Fake\bhbbqmdjkv.mp4,DFDC_Dataset/Fake
98.4375,-1.6661956198865155,115.70838237598052,0.8984808170749904,0.7475610437357123,0.608768846390689,0.6450739119941684,0.19487331017021545,35.15625,2.908196315792117,178.8508142414006,3.1816433887068793,16.666666666666668,13.831241930832338,1.0427089240245697,33.333333333333336,0.5821833333383829,1.8537792588631559,1.1166422080825589,1.7442058227018937,1.5496672583734998,0.2747033538422559,0.10884353741496598,1,C:\Users\JHASHANK\Desktop\Maj_Proj\DFDC_Dataset\Fake\bhfxttitcb.mp4,DFDC_Dataset/Fake
70.3125,2.0739885891722145,107.75486583496408,0.8802626939035465,0.8301270580463176,0.6315389810567372,0.5902645942421321,0.3800212251665387,21.09375,3.372029189231354,163.8528679152668,2.4212721339840453,0.0,18.14489022102372,0.46887959926951,0.0,0.566980635952442,1.9189387494879635,-0.5858479406056212,1.4217818845283845,1.1142521359125575,0.31018793003323886,0.14965986394557823,1,C:\Users\JHASHANK\Desktop\Maj_Proj\DFDC_Dataset\Fake\bhhyypufqy.mp4,DFDC_Dataset/Fake
105.46875,-3.8436819567096587,143.75905768565218,0.9196199748742416,0.7866491660749225,0.6025135969370236,0.6265184900564262,0.1339548038063586,49.21875,2.553035789728437,163.38856233504205,1.460512622638513,16.666666666666668,22.286458163249417,0.993402285658046,33.333333333333336,0.6826163736368097,1.9855148551256974,0.010573764727541235,1.568418780353308,1.1804424510105789,0.39006371180214866,0.14285714285714285,1,C:\Users\JHASHANK\Desktop\Maj_Proj\DFDC_Dataset\Fake\bhidtfximd.mp4,DFDC_Dataset/Fake
112.5,-0.5519164271417902,126.86114456365274,0.7746686111263972,0.7497174127723112,0.692577735959316,0.7134046566211154,0.1516851800866466,70.3125,4.510207767352284,201.547872158374,1.46841316571951,16.666666666666668,19.55133005668274,0.8738601060647212,0.0,0.3322927002814159,1.6381678376229347,0.7865923403922053,1.5859661890762347,0.748571744032692,0.37057941330098193,0.1292517006802721,1,C:\Users\JHASHANK\Desktop\Maj_Proj\DFDC_Dataset\Fake\bhsmpxgdia.mp4,DFDC_Dataset/Fake
84.375,2.688521206001433,260.1044424604361,0.8254402538108611,0.6330973954575009,0.7112374151919096,0.5893968786931114,-0.06823736428242984,28.125,4.491967623932872,175.26527370952843,1.9238610157857843,0.0,18.37758332518249,1.4397775380403193,0.0,0.4566863973546903,1.6499051051765898,2.585330222514046,1.615399872272115,1.0477212287518802,0.498072336626367,0.10204081632653061,1,C:\Users\JHASHANK\Desktop\Maj_Proj\DFDC_Dataset\Fake\bhtoxwgarp.mp4,DFDC_Dataset/Fake
77.34375,5.654936257798118,183.92161508052055,0.7048883752995273,0.8006566550070038,0.7547318239108185,0.4118264092571523,-0.4823079551848511,14.0625,6.986119951116775,210.7503519800744,2.2320913985402395,66.66666666666667,17.376924018949033,0.6320698884726389,100.0,0.23958616626347456,1.3069807821210595,-0.6358149068311558,2.1445946603090387,1.5557567058310886,0.4548458811840336,0.10884353741496598,1,C:\Users\JHASHANK\Desktop\Maj_Proj\DFDC_Dataset\Fake\bhtrhmtfvu.mp4,DFDC_Dataset/Fake
189.84375,-2.9429527486233233,210.68833560485766,0.889812973107721,0.8124940749550913,0.64499787872086,0.6923477582133922,0.23551904115841565,14.0625,3.206140461369172,153.1782316097034,6.3762673549682924,0.0,18.512944686776493,0.5053574009281515,0.0,0.625729525289736,2.2325045440353506,-0.46052262546574285,1.4832561390838135,1.1669112911263133,0.5011014962208832,0.14965986394557823,1,C:\Users\JHASHANK\Desktop\Maj_Proj\DFDC_Dataset\Fake\bhumkuzoeo.mp4,DFDC_Dataset/Fake
56.25,3.3425169147822764,146.58650451451905,0.8244373522485055,0.8214432520602387,0.7071003329049007,0.7649706524693101,0.5745454879115788,56.25,5.0670720390971224,235.6427769340494,1.9914332040639842,0.0,17.81110362013586,0.9515596729754291,0.0,0.45626855346220585,1.6506308704284687,-0.4392981507545999,1.0747931182909205,0.8423084256118255,0.35309158021745474,0.1292517006802721,1,C:\Users\JHASHANK\Desktop\Maj_Proj\DFDC_Dataset\Fake\bhwdqztgmq.mp4,DFDC_Dataset/Fake
42.1875,-0.41966508755086235,81.98635914223443,0.8852962580955064,0.6992398775347523,0.5899538136767284,0.6928648082379361,0.17423311644378353,168.75,3.36449348974735,120.46248963277648,5.958383491028682,0.0,10.491015982414018,1.5298186164864267,0.0,0.5225398863328254,1.770560864578683,3.0409550040363227,1.508327977939112,1.2469973190040124,0.25954198473282447,0.14965986394557823,1,C:\Users\JHASHANK\Desktop\Maj_Proj\DFDC_Dataset\Fake\bhxvkeygvv.mp4,DFDC_Dataset/Fake
77.34375,-1.2073138140353916,115.47005383792514,0.7879225961627091,0.7391693526948767,0.6686611565535546,0.6981831569972266,0.26398517257805854,28.125,4.8600996904017695,147.72907539749292,1.3050370031648315,33.333333333333336,10.304662333513528,0.9591246930526672,33.333333333333336,0.38135147405095854,1.4568157887074369,0.7602247369764759,1.4859033026687807,1.1150793226704987,0.34415461830113353,0.12244897959183673,1,C:\Users\JHASHANK\Desktop\Maj_Proj\DFDC_Dataset\Fake\bhzhtdtuvz.mp4,DFDC_Dataset/Fake
63.28125,3.2633302046446264,183.1817555204545,0.7952816926441368,0.7990153944879815,0.7144752007912185,0.660538347352132,0.25163203658225375,56.25,6.27561048081694,113.94932035593683,-1.8960098900982523,16.666666666666668,18.31704411064915,0.916951821142841,33.333333333333336,0.3965443337390281,1.9395853624447503,-0.3026021476908576,1.5165082130041148,0.8310743082140335,0.5064618860679865,0.10884353741496598,1,C:\Users\JHASHANK\Desktop\Maj_Proj\DFDC_Dataset\Fake\bhzmcktrkb.mp4,DFDC_Dataset/Fake
49.21875,6.2164888280643735,239.34065809486682,0.7717804937911171,0.7140440376851713,0.7119435036347767,0.7815104449744368,0.3835512022766366,7.03125,4.791638288468923,222.36986677933942,2.2855072889326546,16.666666666666668,10.899284663634035,1.0143973719071229,33.333333333333336,0.38229248775873564,1.2957284418558377,2.0759370534639823,1.5996447636278464,1.3506160133968776,0.5526374609681344,0.11564625850340136,1,C:\Users\JHASHANK\Desktop\Maj_Proj\DFDC_Dataset\Fake\biamfehslm.mp4,DFDC_Dataset/Fake
63.28125,0.10819005572327095,165.35945694153693,0.8956232601372477,0.6995906585980208,0.6633078522540595,0.42617892522933354,-0.2788667663428898,84.375,3.6847862259767417,201.38422350623148,2.650142512648982,16.666666666666668,17.15298502596505,0.6285840406089831,33.333333333333336,0.6814962640142276,2.0005830394912936,1.5760136429772933,1.8902568632701726,1.793369954691575,0.3575339609546744,0.11564625850340136,1,C:\Users\JHASHANK\Desktop\Maj_Proj\DFDC_Dataset\Fake\biatmogsbv.mp4,DFDC_Dataset/Fake
84.375,3.387941071626276,213.14806770278756,0.807089975524713,0.8060619058421842,0.7477143754595617,0.6903785506311026,0.1512674580816927,14.0625,5.933333290440687,224.96340691423467,2.4953700811720134,33.333333333333336,25.820471861205586,0.5960481930365812,33.333333333333336,0.4808852532728072,1.902641685521524,-0.3824210088809834,1.358181219991108,0.9652360098745283,0.43598468393752,0.1360544217687075,1,C:\Users\JHASHANK\Desktop\Maj_Proj\DFDC_Dataset\Fake\bickzzulsq.mp4,DFDC_Dataset/Fake
91.40625,2.1234274768820183,100.3208809530112,0.8467832563197618,0.7920404321755435,0.7044427577737441,0.4854993480521749,0.08185211471810797,28.125,5.039900093825628,158.70407478880284,2.0768531198509526,16.666666666666668,14.818090303007523,1.0092039662454324,33.333333333333336,0.5039142906480061,1.8930310729363442,0.0044022841974928895,1.513623044950093,1.4654062403983499,0.2780437511641009,0.1360544217687075,1,C:\Users\JHASHANK\Desktop\Maj_Proj\DFDC_Dataset\Fake\bidlydtbkf.mp4,DFDC_Dataset/Fake
91.40625,0.2095596853971023,97.182531580755,0.770887171956842,0.7739268399912612,0.7013331885295944,0.7995748830456209,0.49101464411940327,7.03125,5.404579848966706,217.65231675233588,5.119257875731801,0.0,10.664561191166403,0.7854975526534916,0.0,0.18631580324729524,1.4223746885836577,0.25605932298806255,1.3864724763012923,1.0557037184564337,0.32980018345054607,0.11564625850340136,1,C:\Users\JHASHANK\Desktop\Maj_Proj\DFDC_Dataset\Fake\bijnzrftzz.mp4,DFDC_Dataset/Fake
49.21875,-0.47512201921469993,113.41364256996445,0.8966424898577071,0.7525601932346426,0.6073141997775676,0.8549015384428216,0.7412093023389209,63.28125,2.81829681505363,168.7350936240929,1.1462802101303347,0.0,17.16738235827591,1.140495243113626,0.0,0.6526220070001587,1.9567528197393704,1.9841141911097369,1.0778144656398139,0.9469516641831259,0.32325663801732557,0.1360544217687075,1,C:\Users\JHASHANK\Desktop\Maj_Proj\DFDC_Dataset\Fake\bilwtjqxak.mp4,DFDC_Dataset/Fake
77.34375,0.980307068611105,258.54292572887084,0.8356673049150212,0.6263932081418485,0.646199613308208,0.6855447090295097,0.2582286530934701,7.03125,3.4624839900092765,241.0253689149421,3.87604387477688,33.333333333333336,17.273329216694474,1.0384612069401367,33.333333333333336,0.4306434458773773,1.547495186864107,4.4021486012439945,1.4120368630191171,1.3421499448371936,0.5520524474738835,0.10204081632653061,1,C:\Users\JHASHANK\Desktop\Maj_Proj\DFDC_Dataset\Fake\binribybof.mp4,DFDC_Dataset/Fake
98.4375,-2.910052365025658,272.3355773061365,0.8685536636142546,0.7655939991773161,0.6338807414853087,0.6389895203111957,0.22554107101672277,35.15625,3.4244479627758007,202.07430564819663,0.834655318197131,33.333333333333336,21.826389632320154,0.8427689405861247,66.66666666666667,0.5551537550754254,1.8468674599642263,0.28290887225634753,1.5687153903705926,1.571213942363505,0.547045938892941,0.08843537414965986,1,C:\Users\JHASHANK\Desktop\Maj_Proj\DFDC_Dataset\Fake\birmbtezni.mp4,DFDC_Dataset/Fake
105.46875,3.3498337422537627,145.05745987941006,0.7639755694593442,0.690862104244993,0.7579273434138193,0.8162994203979129,0.48714209737026376,21.09375,5.708955060266886,198.4429002306631,3.0504108619717862,0.0,18.79138062160481,0.9111066224891347,0.0,0.2841777298859718,1.9853621804249477,2.883474531193264,1.7495405188497233,1.535758767373417,0.37521620065214917,0.14285714285714285,1,C:\Users\JHASHANK\Desktop\Maj_Proj\DFDC_Dataset\Fake\bisoehzztd.mp4,DFDC_Dataset/Fake
70.3125,5.002765710290458,178.80936529065323,0.810947583643948,0.6881119392525814,0.7168458295029989,0.5951935142908603,0.10086563338472958,0.0,6.115332218051589,256.6923246345209,1.94123438284611,16.666666666666668,15.963886798279386,0.7680330178864034,33.333333333333336,0.3657956904632378,1.6043792836909099,2.5442054872580684,1.5472063351769034,1.8540363491318201,0.4251361437713109,0.10204081632653061,1,C:\Users\JHASHANK\Desktop\Maj_Proj\DFDC_Dataset\Fake\bithritjse.mp4,DFDC_Dataset/Fake
49.21875,-1.1169832229831416,68.05526632360215,0.8345065711105856,0.7738940080294946,0.6545866675166425,0.5787408404888968,-0.24737443618000596,7.03125,3.9844060791930542,148.76298679979587,2.016710791174118,16.666666666666668,14.996642324250999,1.1872039319013952,0.0,0.430429853108071,1.7908475438445117,0.164873469554089,1.7716119222228135,1.2816542102741182,0.19988260039099934,0.14285714285714285,1,C:\Users\JHASHANK\Desktop\Maj_Proj\DFDC_Dataset\Fake\bitlskxuct.mp4,DFDC_Dataset/Fake
168.75,-2.1669903564936224,77.77308147745181,0.8779542740575874,0.7264221754552066,0.6630384336112404,0.791597977562288,0.560555686346038,35.15625,3.583927721541309,146.7558813293155,0.9588287691074642,16.666666666666668,20.32997451364585,0.9396167595958957,33.333333333333336,0.5380148664493746,2.2357778975978135,2.004662279254709,1.5748673736654322,1.3267284593133795,0.21821224299428926,0.14965986394557823,1,C:\Users\JHASHANK\Desktop\Maj_Proj\DFDC_Dataset\Fake\bittxslmgp.mp4,DFDC_Dataset/Fake
63.28125,2.6434584799173106,159.08369392008103,0.8397540704497951,0.7769324260936661,0.695692746053921,0.5457134552219284,-0.04859140354113238,63.28125,4.922906145062716,153.68319273836806,1.4942448755077842,16.666666666666668,17.371320189158542,0.8614910455309377,33.333333333333336,0.4581201271599418,1.7348958358034146,0.5926794630835999,1.825428104834714,1.5782302079869404,0.4031151619953102,0.14965986394557823,1,C:\Users\JHASHANK\Desktop\Maj_Proj\DFDC_Dataset\Fake\biyummatiu.mp4,DFDC_Dataset/Fake
161.71875,-1.981370940090526,84.80187512485415,0.8735594522439137,0.7670065256932297,0.6703106170270574,0.6607199175994721,0.03667395290052518,147.65625,3.8826802242532716,146.43191219649577,0.6161501845948625,16.666666666666668,18.992219484208334,0.7688018356832437,33.333333333333336,0.5691503983740926,2.4906098608205722,0.9152353050891651,1.900129662452622,1.4253382811582556,0.23483596188421152,0.1360544217687075,1,C:\Users\JHASHANK\Desktop\Maj_Proj\DFDC_Dataset\Fake\bjaejffikm.mp4,DFDC_Dataset/Fake
112.5,1.2615219893126925,182.5266342817459,0.7883861343013228,0.7862740843492702,0.7417847215985744,0.7661308570128973,0.3505554285305951,7.03125,6.2688485408693735,203.2172826930823,34.57510787664062,0.0,12.870971553168296,0.7647488358757955,0.0,0.37330038877476873,2.0198703522735166,-0.31192068680412754,1.3569934896158917,0.7648702937327542,0.4602447683536353,0.14285714285714285,1,C:\Users\JHASHANK\Desktop\Maj_Proj\DFDC_Dataset\Fake\bjaubcuqcl.mp4,DFDC_Dataset/Fake
98.4375,0.6151558763931633,113.31154474650633,0.8126889188197186,0.6833376146944484,0.6910627218724421,0.5798917811472987,0.40116897990436196,14.0625,4.091014391731152,208.5233567852795,2.0382360260563948,50.0,15.751791423258235,0.8584583536268258,100.0,0.34147117317796166,1.5493406953957682,3.6991009823202843,1.6101117702531142,1.6331505838353226,0.29137254363387344,0.14285714285714285,1,C:\Users\JHASHANK\Desktop\Maj_Proj\DFDC_Dataset\Fake\bjcesbmllx.mp4,DFDC_Dataset/Fake
49.21875,4.72017907524683,104.88526242349565,0.7999558729768764,0.8003525929113414,0.7208547970264276,0.7699730278888512,0.5474562439567995,14.0625,4.662435622602882,169.88334909855865,1.3153658610261332,16.666666666666668,10.175109625792267,1.2680945782178616,33.333333333333336,0.4344968314846524,1.3673651850646076,-0.0899019187559178,1.1073859447082024,0.8852031352358329,0.2642147832042257,0.09523809523809523,1,C:\Users\JHASHANK\Desktop\Maj_Proj\DFDC_Dataset\Fake\bjhlloopdo.mp4,DFDC_Dataset/Fake
77.34375,-0.3430068255733159,159.8957994028194,0.8748605818334161,0.7469302939102881,0.6554155102052253,0.6656238187822741,0.20224578811719074,7.03125,3.8602379730753644,185.32523012966308,2.1237347725035223,16.666666666666668,12.74219640309851,0.6321129625123448,0.0,0.5397325074014514,1.8622193955311526,1.220726171433884,1.627069229075035,0.7543731907176834,0.43202330372003117,0.10884353741496598,1,C:\Users\JHASHANK\Desktop\Maj_Proj\DFDC_Dataset\Fake\bjkdnhyjoj.mp4,DFDC_Dataset/Fake
63.28125,1.460424604419603,143.75905768565215,0.8365040913042867,0.8139109417573359,0.6781333480289755,0.6118070424743772,0.05878107685947048,70.3125,4.843073411759522,197.93369359816649,1.981000148586576,0.0,13.44182617320142,0.680651042119087,0.0,0.42936583227597414,1.6841082004539474,-0.47827567045401764,1.7025926094175503,1.4136956219461927,0.35803645163301373,0.11564625850340136,1,C:\Users\JHASHANK\Desktop\Maj_Proj\DFDC_Dataset\Fake\bjnvgindid.mp4,DFDC_Dataset/Fake
119.53125,-0.40647071480900765,82.58927081843615,0.8112910672563264,0.8025149703324121,0.6658380801188211,0.6733129749973199,0.675900671259385,21.09375,3.7091825771689364,208.87070276957735,1.1191994409199046,33.333333333333336,25.531254624516592,0.8823965868517301,33.333333333333336,0.37034179236419096,1.9414767889883409,0.17888180501063689,0.9504668173542337,0.9331964960909254,0.22188162309430612,0.10884353741496598,1,C:\Users\JHASHANK\Desktop\Maj_Proj\DFDC_Dataset\Fake\bjqjyplccn.mp4,DFDC_Dataset/Fake
49.21875,-1.976447411538834,80.85857008561415,0.8760848211394944,0.7867277971979205,0.6188143635816574,0.6812396252586495,0.40022090060621246,70.3125,2.725699537754595,194.65180680124092,4.717907013701566,0.0,8.77610718302438,0.5992880061183256,0.0,0.49193534166259695,1.905149861625946,-0.09476756816632204,1.470119224090972,0.9132311667219831,0.19476881845439906,0.1564625850340136,1,C:\Users\JHASHANK\Desktop\Maj_Proj\DFDC_Dataset\Fake\bjtdbxvwfp.mp4,DFDC_Dataset/Fake
56.25,1.4074211802325856,104.2706092974864,0.8623722879867923,0.7984612220714159,0.6360965004929757,0.6201302629463759,0.14942364654119916,7.03125,3.8330899368056106,207.75101511084085,1.242358699562883,33.333333333333336,12.184654602043546,1.0282198933045537,66.66666666666667,0.50318367477859,1.7277061360787616,0.16850401352623523,1.556598698590152,1.3899041379554167,0.25678582886694407,0.10884353741496598,1,C:\Users\JHASHANK\Desktop\Maj_Proj\DFDC_Dataset\Fake\bjuhnomrsu.mp4,DFDC_Dataset/Fake
119.53125,-4.2752190511697075,92.41182231501156,0.9168691516440036,0.7652827431065246,0.6110214303918502,0.6308553510320074,-0.027142218265842122,42.1875,2.676356645312029,165.92629406981092,2.2132379076926143,0.0,21.371219071518283,0.8613582820520366,0.0,0.6520326175443261,2.4323539655637103,0.36365536940691046,1.8570426132213218,1.4852933068474383,0.26199613605670213,0.1564625850340136,1,C:\Users\JHASHANK\Desktop\Maj_Proj\DFDC_Dataset\Fake\bjwvvwewcc.mp4,DFDC_Dataset/Fake
84.375,-1.3276160170475984,153.15609724544692,0.8638740720891522,0.8013507652575131,0.6273712393583885,0.6866966213332529,0.23690074374159176,21.09375,3.019458624851043,274.8714742662476,1.8971231792873136,16.666666666666668,15.032731505655663,0.5796397065876155,33.333333333333336,0.5058876929548837,1.6524654892232364,-0.2222457231076378,1.5905946353922245,1.4111838821734437,0.3205592733044238,0.10884353741496598,1,C:\Users\JHASHANK\Desktop\Maj_Proj\DFDC_Dataset\Fake\bjxasekfcx.mp4,DFDC_Dataset/Fake
49.21875,-0.9415889583659659,141.03122761478906,0.8787790250992068,0.7495390370942914,0.641728593710617,0.7948632738977579,0.434318416272853,14.0625,4.400042871021542,159.58365537315115,-4.653175940807124,0.0,10.616810331845821,1.0498344009314322,0.0,0.5148410405065003,2.015625391308998,1.1976609434472003,1.4497640186355192,0.9154018343604703,0.3912233451455982,0.1360544217687075,1,C:\Users\JHASHANK\Desktop\Maj_Proj\DFDC_Dataset\Fake\bjxmsrkhyf.mp4,DFDC_Dataset/Fake
84.375,0.058174748808142565,170.09801096230765,0.7800637284118086,0.7839111211584576,0.7059755076911836,0.6987410695934264,0.3098135050591181,35.15625,5.078691876291326,186.36351551778745,2.9459852980406,16.666666666666668,11.062396055156594,1.1124721123519077,0.0,0.28832626231461866,1.5497484948932354,-0.18155722460151313,1.6864601710619687,0.9186637079674215,0.40580764541616926,0.11564625850340136,1,C:\Users\JHASHANK\Desktop\Maj_Proj\DFDC_Dataset\Fake\bjxxsvwlzm.mp4,DFDC_Dataset/Fake
126.5625,-1.3165753388242216,92.1284663987611,0.8444185237346489,0.7900257927518327,0.6862219306894063,0.8431956946882491,0.6022366837874845,14.0625,4.6169423088933055,185.50910783697128,2.318014183811819,16.666666666666668,18.2359832776203,0.7888891851595847,33.333333333333336,0.5272175198036867,1.8901644065453846,-0.5896322135010106,1.0286533592084726,0.8015620380819034,0.24750931271308954,0.1292517006802721,1,C:\Users\JHASHANK\Desktop\Maj_Proj\DFDC_Dataset\Fake\bjylmnvggi.mp4,DFDC_Dataset/Fake
91.40625,0.2879662921800964,135.19533193782163,0.842576586511461,0.8046944262189749,0.6757877254610923,0.41746027840742106,0.02968077100194094,21.09375,4.266488926407171,158.56355523070852,-1.667636985490596,33.333333333333336,12.013781717681304,0.8375967467430324,66.66666666666667,0.3760052100523409,1.668957312187252,0.05850203230777007,1.625131475612976,1.5140159685318701,0.3676665818361607,0.08843537414965986,1,C:\Users\JHASHANK\Desktop\Maj_Proj\DFDC_Dataset\Fake\bkbnfigppd.mp4,DFDC_Dataset/Fake
70.3125,-4.514719093898653,96.3452510890257,0.8803500336468556,0.820251770479789,0.585774246339858,0.7007522156606348,0.154988710995411,133.59375,2.869137862823802,129.63934480406465,2.385868020284455,0.0,13.942302917135645,0.7919074352263685,0.0,0.591222833139043,1.9835069697808323,-0.4634089732874016,1.6198994625918348,1.2142521208796433,0.2745575871777174,0.14285714285714285,1,C:\Users\JHASHANK\Desktop\Maj_Proj\DFDC_Dataset\Fake\bkbupkvksa.mp4,DFDC_Dataset/Fake
70.3125,1.2099188351879249,134.1572340677494,0.8738187404340049,0.8221937077446166,0.6561031457045933,0.7585191885144253,0.5467982235645127,14.0625,4.218607321015591,175.32597412811953,1.8694645617586418,16.666666666666668,14.980704598907868,0.8378122088594481,33.333333333333336,0.5902528062522581,1.7811410004864072,-0.4497350796256048,1.2141482669140746,0.8865005410846811,0.327939905498943,0.1360544217687075,1,C:\Users\JHASHANK\Desktop\Maj_Proj\DFDC_Dataset\Fake\bkfkiejtle.mp4,DFDC_Dataset/Fake
56.25,-3.1869139148291965,126.18583523428494,0.9430734794654441,0.7235444684447679,0.6022799882734298,0.6519213336676443,0.27169092843968407,7.03125,2.5539287680688583,160.7411811127444,3.1109266284591452,16.666666666666668,20.94859685196182,0.9471692086699115,0.0,0.8064644289334472,2.286005620828118,1.6715563685061587,1.2439788344353475,1.1930863787864088,0.3511603757081024,0.14285714285714285,1,C:\Users\JHASHANK\Desktop\Maj_Proj\DFDC_Dataset\Fake\bkjqhzjyti.mp4,DFDC_Dataset/Fake
56.25,2.518206514739994,206.55911179772892,0.8012249981604784,0.7831504791961248,0.6759063355468233,0.4693739715756121,-0.35096930785501884,21.09375,4.580963901497741,164.2822303116181,1.0993429975930302,33.333333333333336,17.215436800599207,0.9265623541583463,0.0,0.34862279732384865,1.6087621210558034,0.21525942089894112,1.9645849444997365,1.0857268804457294,0.4426266681379905,0.10884353741496598,1,C:\Users\JHASHANK\Desktop\Maj_Proj\DFDC_Dataset\Fake\bkkdcgdoya.mp4,DFDC_Dataset/Fake
77.34375,3.040822616297825,108.32051206181279,0.8135488000787654,0.8078776660031863,0.7284070355060537,0.7023370674680378,0.27680027490834314,84.375,4.745851563831708,150.3618144486732,-2.2345386305419255,0.0,18.40378894180936,0.621805765167668,0.0,0.44362501365832324,1.7840887090642321,-0.07135760718571982,1.5399618372563884,1.3720551289641778,0.2984761296988421,0.11564625850340136,1,C:\Users\JHASHANK\Desktop\Maj_Proj\DFDC_Dataset\Fake\bkmtxhrlsl.mp4,DFDC_Dataset/Fake
105.46875,-3.119384030186923,149.96295838935987,0.8786079839660245,0.8118873387792302,0.6321614697585491,0.7543856432062837,0.38754843057896965,49.21875,2.615940050007914,177.471693583342,2.050761328921922,0.0,18.112995631483017,0.6909267804679089,0.0,0.3343166978886605,1.806831900214698,-0.18864187429138024,1.1506079690793243,0.9246356229691689,0.33080064350594096,0.12244897959183673,1,C:\Users\JHASHANK\Desktop\Maj_Proj\DFDC_Dataset\Fake\bknjyvqoec.mp4,DFDC_Dataset/Fake
98.4375,-0.6159764975037255,127.58439472669757,0.8736993014246867,0.7763068646927025,0.6625261812820817,0.8302553867632689,0.5267291007839717,21.09375,3.966465830433829,126.13239287908537,2.9947911355651926,16.666666666666668,18.13455867650908,1.0110178123220073,33.333333333333336,0.6233205438257174,1.7087148126734766,0.8605215814469007,1.1839150666062794,0.9222492988165791,0.34971725475501103,0.11564625850340136,1,C:\Users\JHASHANK\Desktop\Maj_Proj\DFDC_Dataset\Fake\bkvujfissu.mp4,DFDC_Dataset/Fake
105.46875,-0.7752609741783522,134.90805630031554,0.886667528495776,0.7949368952357698,0.6616474477294945,0.5749555190171564,0.5076391901854299,70.3125,4.103005679931894,160.20651709818998,2.2170757615373793,0.0,17.646916835900683,0.5015839922305084,0.0,0.6304723972215485,2.230210520936698,-0.06607391118852135,1.2947125305585805,1.3317805705914003,0.34985189713730197,0.19047619047619047,1,C:\Users\JHASHANK\Desktop\Maj_Proj\DFDC_Dataset\Fake\bkwqojntbf.mp4,DFDC_Dataset/Fake
98.4375,-1.8393610190554541,95.34625892455922,0.8615454122980374,0.7423300987500454,0.6297684833851244,0.7859239197106345,0.4449577104091395,77.34375,3.6280833566294772,156.71377834287483,1.776795263304333,0.0,8.193787858564562,0.7744694010611586,0.0,0.5163096207928822,1.6371943712625383,3.206187082237461,1.5164652896428883,1.0582969376059217,0.2768757054167086,0.11564625850340136,1,C:\Users\JHASHANK\Desktop\Maj_Proj\DFDC_Dataset\Fake\bkxxbtsvkz.mp4,DFDC_Dataset/Fake
63.28125,6.708263825624472,152.08304212067915,0.7792052700320008,0.7507336940292592,0.7409986205026238,0.5194392986186009,0.3350744630847117,28.125,6.024032495955258,302.0740219609355,1.879622299708215,33.333333333333336,14.491533440538593,0.5608279870424012,33.333333333333336,0.3643384630515437,1.4233915497972043,0.5544463868877694,1.7959968072991477,1.028557620358698,0.3402915359325266,0.07692307692307693,1,C:\Users\JHASHANK\Desktop\Maj_Proj\DFDC_Dataset\Fake\bkyqaqhdra.mp4,DFDC_Dataset/Fake
56.25,5.821860288493369,179.50549357115014,0.8039499353737495,0.7140393677176222,0.7164396193342879,0.46043151104590163,-0.3274592556679311,14.0625,4.725925355194038,217.06413407171516,2.1895895166778225,100.0,19.200869345897683,0.7092671817539871,200.0,0.3514343585231699,1.4014249619508006,1.3831537955757067,1.8923073601465217,1.539091605559924,0.3713906763541037,0.09523809523809523,1,C:\Users\JHASHANK\Desktop\Maj_Proj\DFDC_Dataset\Fake\bkzcioseyf.mp4,DFDC_Dataset/Fake
56.25,-0.6542419906331453,103.91774666352877,0.8722864495015146,0.7657162200119434,0.6673275945383409,0.7405429300130741,0.441323454773881,28.125,4.070427805285328,177.50664260542925,2.488594210532212,16.666666666666668,20.071391741801467,0.748418804369762,33.333333333333336,0.5326455227688792,1.9128908497034771,0.5849570632551666,1.4981192600514897,1.3966247835580763,0.25784102555612404,0.14965986394557823,1,C:\Users\JHASHANK\Desktop\Maj_Proj\DFDC_Dataset\Fake\bkzjlbokrx.mp4,DFDC_Dataset/Fake
63.28125,4.487916045693681,336.3291303925625,0.835594508926408,0.5853760866743842,0.6937630380330103,0.6398015885546443,0.09816875758069102,7.03125,4.100986004074366,162.62831256231038,2.345695444902735,33.333333333333336,11.807683825688944,1.1940789823141151,33.333333333333336,0.49195350272517147,1.592797764972329,2.080360831534751,1.3979773828220052,0.7966062110345091,0.599398450204567,0.061224489795918366,1,C:\Users\JHASHANK\Desktop\Maj_Proj\DFDC_Dataset\Fake\bkzrsfcrcr.mp4,DFDC_Dataset/Fake
112.5,-0.9893115504575224,106.51030205780305,0.8521432232605229,0.7379427882724718,0.6704914955481578,0.5710804368122713,-0.09805335371432324,49.21875,3.800348626714216,185.9978929775541,2.776750142721653,16.666666666666668,21.597615268376153,0.56301371034881,0.0,0.39490860073331285,2.0369259136384064,0.7185838596512939,2.1006649151816514,1.1458895311825765,0.2515991387192198,0.11564625850340136,1,C:\Users\JHASHANK\Desktop\Maj_Proj\DFDC_Dataset\Fake\bldglrgkgy.mp4,DFDC_Dataset/Fake
91.40625,-0.653606015202688,199.5550606279435,0.8302847899732202,0.6605360708865361,0.6915990053791439,0.5753671239087563,0.11987843992457532,21.09375,5.0914888887174365,192.83145598992945,2.669242296061365,16.666666666666668,12.78742719904131,1.1127283143034887,0.0,0.5053013841574588,2.0024885529436856,2.7331413219235206,1.5412679808176926,1.1970431869519134,0.44676506110733627,0.11564625850340136,1,C:\Users\JHASHANK\Desktop\Maj_Proj\DFDC_Dataset\Fake\blhgbioprk.mp4,DFDC_Dataset/Fake
147.65625,-3.7563966405417224,122.94219863697448,0.8965781809874895,0.7491101961042076,0.634732699683434,0.44619976456846533,-0.27072537060710933,77.34375,3.208655870838982,169.79895681496328,1.3353498818696488,0.0,19.86294760332585,1.0807927276266347,0.0,0.6306462724336421,2.191059240254503,1.475330097466955,2.0574915593130703,1.5639756622184229,0.3027681011209074,0.1360544217687075,1,C:\Users\JHASHANK\Desktop\Maj_Proj\DFDC_Dataset\Fake\bljlskjwsg.mp4,DFDC_Dataset/Fake
133.59375,-1.2613108983329926,140.18836534383934,0.7993100257424673,0.8250423280994166,0.6740587168719514,0.5695917994163346,0.301750658453069,21.09375,3.5969561406402795,194.63639845595762,1.9265746639026133,0.0,13.91157473191228,0.5824451085617776,0.0,0.31248043190888986,1.9380542190977248,-0.3460771130851885,1.410936231375504,1.4094057077630224,0.34591634777518054,0.14285714285714285,1,C:\Users\JHASHANK\Desktop\Maj_Proj\DFDC_Dataset\Fake\blklnegyki.mp4,DFDC_Dataset/Fake
77.34375,3.32260188486565,102.49414863810765,0.8225910456656687,0.7926712607000572,0.6996597123896532,0.8179717405387235,0.43989240811251346,14.0625,4.727900622811063,173.77345868552777,1.6884441863162678,0.0,18.024988867944458,0.7533390393922196,0.0,0.3815796070692647,1.7859321398874684,-0.1558167011400542,1.4901095419096113,0.9416852072639018,0.2562353715952691,0.1292517006802721,1,C:\Users\JHASHANK\Desktop\Maj_Proj\DFDC_Dataset\Fake\blncrpznaa.mp4,DFDC_Dataset/Fake
84.375,3.2420573036361464,137.47727084867518,0.7994971987656715,0.7871322546000775,0.7048493417829158,0.9095793268197327,0.8733111352341847,28.125,4.646996247825266,185.7022903257267,1.4743044183232183,33.333333333333336,16.42516065800657,1.1176965552258071,33.333333333333336,0.4736076979070993,1.7997113738725374,0.32859018022174036,0.7645840273324005,0.5588705125657025,0.31009910717746275,0.10884353741496598,1,C:\Users\JHASHANK\Desktop\Maj_Proj\DFDC_Dataset\Fake\blnvojesru.mp4,DFDC_Dataset/Fake
105.46875,-0.16668875091096522,124.9444320932754,0.844587008168396,0.8237485787625382,0.6796735903007097,0.62538620433113,0.06397215312415082,35.15625,3.762302051634413,167.31485264750143,0.7443751166228357,33.333333333333336,17.1803831126936,0.8236296374718641,66.66666666666667,0.515126770188084,1.705647724974953,-0.5411997070592212,1.736798153706221,1.5294790949245642,0.3124094790537864,0.12244897959183673,1,C:\Users\JHASHANK\Desktop\Maj_Proj\DFDC_Dataset\Fake\blpboxhdvz.mp4,DFDC_Dataset/Fake
56.25,-1.70936678443698,184.77395417486238,0.8950793943933113,0.7316696888125376,0.6188589594657092,0.6587314201137482,0.45576274510424886,84.375,3.759290060383169,170.49686882777235,0.3209007077129375,16.666666666666668,16.529269649775387,1.2566881457073815,33.333333333333336,0.6408496455058847,2.0186490996562596,3.189503067513148,1.4501538080067793,1.2984047014064277,0.4619348854371561,0.12244897959183673,1,C:\Users\JHASHANK\Desktop\Maj_Proj\DFDC_Dataset\Fake\blplivuqcr.mp4,DFDC_Dataset/Fake
119.53125,0.11214313333252704,87.24168218868267,0.8029223329293776,0.7201755861107326,0.6826860473762209,0.6939600513661968,0.11953666931005162,42.1875,3.9399778136588743,199.6910755284959,2.360295370325522,0.0,12.664456756175628,0.8715516829478673,0.0,0.31187171561526184,1.8645838190551651,1.7059832929182104,1.8063125593286629,1.4089687753866726,0.24618298195866545,0.1292517006802721,1,C:\Users\JHASHANK\Desktop\Maj_Proj\DFDC_Dataset\Fake\blprrfobos.mp4,DFDC_Dataset/Fake
98.4375,0.48537486271491126,128.45232578665127,0.8011974397302047,0.8145942824037106,0.7175390262552435,0.7555810653266574,0.3256301634989924,14.0625,5.295787659783754,194.41747388501653,1.1939636138476304,0.0,15.655846453574686,0.807121025152253,0.0,0.4455410780043029,1.763308095343456,-0.011041507895804159,1.4271373357481707,1.1041881945210692,0.3082855818879632,0.11564625850340136,1,C:\Users\JHASHANK\Desktop\Maj_Proj\DFDC_Dataset\Fake\blpsprzbrp.mp4,DFDC_Dataset/Fake
112.5,-3.3887104014204006,93.20337272260426,0.9277620339658896,0.6609704950519248,0.6111308036173918,0.5041083218928211,-0.13120097769319494,91.40625,2.75488080441729,154.5053778376913,1.1236387515481072,16.666666666666668,18.134595947009082,1.4109679520040126,33.333333333333336,0.7218988314026052,2.12636763331588,2.226307149876501,1.9177451288548555,1.3157013969172002,0.2715335499528557,0.10204081632653061,1,C:\Users\JHASHANK\Desktop\Maj_Proj\DFDC_Dataset\Fake\blswnkmgtn.mp4,DFDC_Dataset/Fake
63.28125,7.782044228336639,91.91364174607939,0.7237651964611644,0.7612117024198324,0.7660831487580066,0.4781989956629582,-0.37097000492628757,14.0625,5.566447384183089,152.07216496096217,1.1584363107218005,66.66666666666667,11.247610769566318,1.9094220090814777,133.33333333333334,0.264618000223687,1.3362154034786133,0.7686396532649735,1.9586944015504006,1.2368898650961113,0.22635449086721046,0.10204081632653061,1,C:\Users\JHASHANK\Desktop\Maj_Proj\DFDC_Dataset\Fake\blvpaewknn.mp4,DFDC_Dataset/Fake
56.25,1.7877807235929684,161.37430609197574,0.813796534471417,0.681862223974717,0.6650429483259319,0.726328774029608,0.18397039862473408,42.1875,4.803553147667703,201.07799583922508,1.4324425128298612,33.333333333333336,16.251477627239005,1.2454763754519464,33.333333333333336,0.31304947749257234,1.6613734538554745,3.282640484105487,1.5430631690541192,1.0952646324944901,0.3282189276446964,0.08843537414965986,1,C:\Users\JHASHANK\Desktop\Maj_Proj\DFDC_Dataset\Fake\blykqbluyb.mp4,DFDC_Dataset/Fake
63.28125,7.180544094610588,108.01234497346434,0.760509416974584,0.7789918442685739,0.7586879689715661,0.4823262612294221,0.013461755605021579,56.25,6.593911054589401,187.3921873675531,1.8733659706482595,33.333333333333336,18.94924647592515,0.7452212554617269,66.66666666666667,0.3588230316170387,1.510988026016277,0.04938664903147094,1.5194350843676285,1.256929957021962,0.28472393858987255,0.09523809523809523,1,C:\Users\JHASHANK\Desktop\Maj_Proj\DFDC_Dataset\Fake\bmacjazhyt.mp4,DFDC_Dataset/Fake
70.3125,-0.004504209089535577,216.05040564131738,0.8736960774739306,0.644884713968494,0.6541349982959278,0.5051502221975595,-0.2439558428063337,14.0625,4.130987704407729,170.06786659851434,0.47373039448453047,50.0,16.297971061323466,1.0582001554409857,66.66666666666667,0.5889271341577424,1.7588436918286843,1.6895791273122738,1.520363734683111,1.1123735701955684,0.5269522088812619,0.08843537414965986,1,C:\Users\JHASHANK\Desktop\Maj_Proj\DFDC_Dataset\Fake\bmcpsjkjqv.mp4,DFDC_Dataset/Fake
91.40625,-1.666560722004984,172.8518954995223,0.8902879295359653,0.7722229168042176,0.634988581997863,0.712552004280784,0.15682800573486264,56.25,3.3631988029227156,217.98649788869017,3.620225940433309,0.0,11.518642967134195,0.9834564638162023,0.0,0.6329529748499658,1.780120610119759,0.5047662554934975,1.6903290607471273,1.1791625817770024,0.3730616449629979,0.11564625850340136,1,C:\Users\JHASHANK\Desktop\Maj_Proj\DFDC_Dataset\Fake\bmdrytwxjp.mp4,DFDC_Dataset/Fake
56.25,1.03534886325374,81.92137151629673,0.8442398650400763,0.7881562974644439,0.6139126905167013,0.5035309131268639,-0.2343280975551576,49.21875,3.384629117872731,200.58031119156112,0.7261744883086771,0.0,7.61783275246072,0.8946872041365167,0.0,0.4741832194561427,1.629296220868088,0.39627610552519466,2.0718877256469934,1.4116724535209546,0.24062843230810968,0.11564625850340136,1,C:\Users\JHASHANK\Desktop\Maj_Proj\DFDC_Dataset\Fake\bmewfssalv.mp4,DFDC_Dataset/Fake
112.5,-2.0888321686561486,110.34631185474622,0.8738188478682513,0.7424155004774906,0.6563667530209515,0.4057576884877674,0.4304414404461979,42.1875,3.571548172572006,151.15261133531064,0.3902772585550935,0.0,15.304220541409459,0.7955807492129803,0.0,0.5385119040184285,1.9682155850355512,0.6990818151911609,1.557681316102168,1.413331264495622,0.31807295184890744,0.17006802721088435,1,C:\Users\JHASHANK\Desktop\Maj_Proj\DFDC_Dataset\Fake\bmffrysoii.mp4,DFDC_Dataset/Fake
70.3125,-2.911946566065323,185.33327412143413,0.926532029458858,0.8130914972927477,0.6135511321933403,0.8580462442695429,0.6679913625089207,56.25,2.389854167288833,182.4267053915026,1.8021716887454193,0.0,20.73014229554286,0.7512587286036724,0.0,0.6262420198343882,1.9832110405994439,-0.39147800773222263,1.025439710512201,0.8594575530758014,0.43638660294690146,0.11564625850340136,1,C:\Users\JHASHANK\Desktop\Maj_Proj\DFDC_Dataset\Fake\bmfkkzheii.mp4,DFDC_Dataset/Fake
77.34375,0.0977211946187718,120.18504251546631,0.8360944193339123,0.7127883681231298,0.6773477101969512,0.6186824602520667,0.3563715490028013,77.34375,4.428703548499185,192.11396499143697,2.6453448727391295,16.666666666666668,8.862616914973113,1.0539249261845751,33.333333333333336,0.4934861546753765,1.5702338985653335,2.9884996683636293,1.48875928129917,1.2646485260533664,0.25753937681885636,0.1292517006802721,1,C:\Users\JHASHANK\Desktop\Maj_Proj\DFDC_Dataset\Fake\bmgcyjggxe.mp4,DFDC_Dataset/Fake
91.40625,4.4134318608972505,155.09853498842455,0.7685477106524233,0.7617128194060289,0.7382362362169508,0.2876992281571378,-0.4887212574538824,0.0,5.704633573545889,232.6986663238415,1.9697583043043791,100.0,21.0197248455575,1.0174193676111258,200.0,0.1941022920394796,1.7079308274763014,0.22361684758698086,1.6703322045588134,1.8750247226963808,0.3729071068978514,0.11564625850340136,1,C:\Users\JHASHANK\Desktop\Maj_Proj\DFDC_Dataset\Fake\bmgnopxcdf.mp4,DFDC_Dataset/Fake
70.3125,-2.858552450982623,73.07192465536615,0.8766741370715829,0.7402954221368424,0.6304243359338088,0.7567443232247213,0.27982520628435037,28.125,3.1618907270666443,155.63832625370324,2.2244424890364467,0.0,18.212655927441272,1.2064018708750688,0.0,0.5102529843092167,1.9054632270482723,1.2351688615841372,1.8079775542869188,1.673552958309616,0.2286493209884128,0.11564625850340136,1,C:\Users\JHASHANK\Desktop\Maj_Proj\DFDC_Dataset\Fake\bmjjhpgnra.mp4,DFDC_Dataset/Fake
49.21875,2.681882059197067,139.8411797560202,0.8219478774012073,0.8298132156053842,0.6939885015792706,0.5778664904589664,0.09089321361902415,28.125,4.695044775462866,250.57270471668147,11.971156731731417,0.0,14.685249437051418,0.8334713156647526,0.0,0.5241219521593473,1.525208313484478,-0.6762484286290911,1.7634195378542323,1.3541705711417782,0.3814009653486758,0.11564625850340136,1,C:\Users\JHASHANK\Desktop\Maj_Proj\DFDC_Dataset\Fake\bmjwoqldhv.mp4,DFDC_Dataset/Fake
161.71875,-1.6116932873489054,107.56508696544756,0.8642979518651398,0.7689288128831467,0.6845069065386081,0.5169075717793081,-0.05139517300925685,14.0625,4.469968451644169,179.58327003959707,1.987989457298738,33.333333333333336,19.295248265313717,0.9152106375677411,66.66666666666667,0.49124838938074017,2.2705157435152716,0.45183694171034805,1.62630718668036,1.5154221128674727,0.27731623983279446,0.14285714285714285,1,C:\Users\JHASHANK\Desktop\Maj_Proj\DFDC_Dataset\Fake\bmkqvrbwal.mp4,DFDC_Dataset/Fake
70.3125,6.159294626147835,141.42135623730954,0.755220722859504,0.724173319622653,0.7737277689935289,0.7191507503343306,0.20778713662798357,7.03125,7.759779430360398,222.69900150085724,1.5250680317837984,16.666666666666668,19.627747311125724,1.1831983620918092,33.333333333333336,0.3357589120660477,1.5288449440157097,1.4661764815837817,1.6998991129124548,1.1554463026136224,0.32635697593225277,0.10204081632653061,1,C:\Users\JHASHANK\Desktop\Maj_Proj\DFDC_Dataset\Fake\bmnolajvus.mp4,DFDC_Dataset/Fake
42.1875,5.800207722784682,197.90570145063197,0.6528613691487446,0.7520236001765837,0.7927778277916009,0.5947106563308397,0.2405477489473135,21.09375,8.62792075868803,222.41687836435347,-0.9612336909862144,16.666666666666668,7.151843348154849,0.8720831157236496,0.0,0.2674706199759066,1.1711902505801655,0.2201460335687888,1.5361931592587845,0.6180263446369921,0.39581140290126393,0.061224489795918366,1,C:\Users\JHASHANK\Desktop\Maj_Proj\DFDC_Dataset\Fake\bmowylfixf.mp4,DFDC_Dataset/Fake
112.5,-2.1658185796478366,192.8856166517118,0.847277902146055,0.8476160294491377,0.6265724599900175,0.6506515806435103,0.3732534755687841,63.28125,3.296103692868214,288.7452878696655,2.2802132533667185,0.0,17.326712376791985,0.2831553762935023,0.0,0.5015921824062114,2.057882203751076,-0.3819439149676813,1.2084100838499707,1.2244178453769938,0.37034038397128666,0.12244897959183673,1,C:\Users\JHASHANK\Desktop\Maj_Proj\DFDC_Dataset\Fake\bmtvkrvubb.mp4,DFDC_Dataset/Fake
70.3125,3.6336570078353754,88.01655287641589,0.8913089695319161,0.7724250448711302,0.6455237653277132,0.6609339764340108,0.41355552633439613,7.03125,3.658804564994586,129.70829314194768,2.6845298340301507,0.0,18.38157954989091,1.1231516749115935,0.0,0.6056012002493572,1.7927198828003945,0.8225640990172174,1.4170232198515202,0.94365149355407,0.25531914893617025,0.11564625850340136,1,C:\Users\JHASHANK\Desktop\Maj_Proj\DFDC_Dataset\Fake\bmvjqkjtnf.mp4,DFDC_Dataset/Fake
63.28125,8.376045871721354,187.49814813900312,0.6412401980922143,0.7741617296136373,0.8568134320908837,0.5453085466156975,-0.009491324965606814,0.0,9.743122875820475,211.08943732180495,0.8033148512119868,33.333333333333336,11.979823143078502,0.8980543899759962,66.66666666666667,0.2907492122548691,1.3314920729026771,0.8471588273664716,1.5820111156183114,1.2609631199057667,0.41359885618897757,0.07482993197278912,1,C:\Users\JHASHANK\Desktop\Maj_Proj\DFDC_Dataset\Fake\bneqwtomed.mp4,DFDC_Dataset/Fake
84.375,3.973298752923704,143.13940369055925,0.7493433185850803,0.7618811378404281,0.7607991168711806,0.748194129593517,0.3229713676207341,21.09375,6.345564612808703,160.94152620690826,16.3951310230231,0.0,13.855648131952753,1.077216939985751,0.0,0.3323741129859614,1.7371985160799914,-0.15073368330509318,1.6312028835306986,1.2646526145957995,0.36386627466354476,0.1564625850340136,1,C:\Users\JHASHANK\Desktop\Maj_Proj\DFDC_Dataset\Fake\bnivhzpecz.mp4,DFDC_Dataset/Fake
133.59375,-5.049359295138648,67.35753140545634,0.9064554842912258,0.7921194851566075,0.6055018524494674,0.7491544948356718,0.3698277066250777,77.34375,2.9210798733994063,151.3209995686919,2.659527942837713,0.0,11.917809891839147,1.0202139019822798,0.0,0.703046717180291,2.099063458085679,0.3709998369265519,1.3777069522362875,0.9826251220463711,0.1757152993185818,0.14285714285714285,1,C:\Users\JHASHANK\Desktop\Maj_Proj\DFDC_Dataset\Fake\bnjnsrammj.mp4,DFDC_Dataset/Fake
63.28125,6.929098122692912,163.33333333333334,0.7434790664827813,0.7758844150521609,0.7541917880941835,0.7401893820734539,0.32274918001750175,7.03125,6.2023103265844215,164.40528293621864,-2.7620551429652793,0.0,14.297280706713142,1.0216136264203906,0.0,0.3309932469778776,1.3278220323185403,0.10479581520126402,1.436087677123801,0.8091837536704035,0.368421052631579,0.11564625850340136,1,C:\Users\JHASHANK\Desktop\Maj_Proj\DFDC_Dataset\Fake\bnjpqypcmg.mp4,DFDC_Dataset/Fake
63.28125,0.7854842524655848,83.86880304907908,0.8810842759074883,0.6884816603011772,0.6356813263658434,0.5973670513363426,0.027921191027727443,49.21875,2.861683971803462,197.55555576715454,1.7068871662838412,16.666666666666668,7.802569536624607,1.0336605190635941,0.0,0.5062560461988793,1.7581467255905725,2.6709741245800913,1.779982340257879,0.8498212422906664,0.2250138618389927,0.1292517006802721,1,C:\Users\JHASHANK\Desktop\Maj_Proj\DFDC_Dataset\Fake\bnknqangbc.mp4,DFDC_Dataset/Fake
189.84375,-4.069393068940583,90.73601650589485,0.8764731061108071,0.759858515051481,0.6330790703750178,0.41893343412729916,-0.25571600564037933,35.15625,3.3531980277643245,164.12875603712322,3.417689073131102,16.666666666666668,10.175754294317134,0.6032027487248763,33.333333333333336,0.5703180277340714,2.283469062425933,0.9504142168508594,1.7698688405739735,1.4987506187496353,0.25720445623718224,0.19047619047619047,1,C:\Users\JHASHANK\Desktop\Maj_Proj\DFDC_Dataset\Fake\bnmkwtjris.mp4,DFDC_Dataset/Fake
70.3125,2.711367347194875,98.93881386437221,0.8410126585700527,0.7773622411415329,0.6603030606966561,0.6836155860993667,0.15722599159182837,0.0,4.484744332869848,123.3257983834644,-1.3593094357999354,0.0,23.846504556657568,1.2816652897793712,0.0,0.4171841071997113,1.7343904915351547,0.421521674221768,1.3393620734831064,1.048006027572638,0.2955490180550525,0.09523809523809523,1,C:\Users\JHASHANK\Desktop\Maj_Proj\DFDC_Dataset\Fake\bnthvgevmy.mp4,DFDC_Dataset/Fake
161.71875,-3.9570506764325204,105.2627517860912,0.8530420698927894,0.7907109405479468,0.6243372344984327,0.551543000839805,-0.1434609997447108,119.53125,3.458411202505015,146.94024535099544,3.8570602433706997,0.0,13.109302353247575,0.9175304352342976,0.0,0.46349080623169303,2.0691525572851517,0.1316538961072955,1.9643123699391298,1.2213994017687606,0.29787234042553196,0.1360544217687075,1,C:\Users\JHASHANK\Desktop\Maj_Proj\DFDC_Dataset\Fake\bnwetzchfg.mp4,DFDC_Dataset/Fake
49.21875,-0.45814317555607437,97.97958971132714,0.8906462331034458,0.6966700384188113,0.5975422909155376,0.4649347639741918,-0.3075230433398556,21.09375,2.4521051447540314,164.0731015394086,2.1427101124909873,16.666666666666668,14.996569789200198,1.2975206071976861,33.333333333333336,0.49666291112729016,1.8797966409877003,2.055151130649115,2.203892250664735,1.6967229659364305,0.30577433245259694,0.1292517006802721,1,C:\Users\JHASHANK\Desktop\Maj_Proj\DFDC_Dataset\Fake\bnwlsejuna.mp4,DFDC_Dataset/Fake
63.28125,0.1802217261505334,112.73124382057235,0.84640632517168,0.7733925051492481,0.6459968977354682,0.4410054254781487,0.3569438038232538,7.03125,4.921104138063673,292.5890002892744,1.6922557206210307,83.33333333333333,10.95360235968916,0.6574467064777254,166.66666666666666,0.5251262382505951,1.6385681582404326,0.21814815160445855,1.5230495931140593,1.7329968171169199,0.29827078843102156,0.09523809523809523,1,C:\Users\JHASHANK\Desktop\Maj_Proj\DFDC_Dataset\Fake\bnynincvkz.mp4,DFDC_Dataset/Fake
112.5,-0.1824605934289531,126.00705447623865,0.8399273835408435,0.8039354338939163,0.6755389631774761,0.731684507827274,0.3495712555214044,14.0625,4.4540801144840785,246.73016780415446,2.184326793417968,0.0,14.598061680753426,0.4986512779887305,0.0,0.4671508926242634,1.817481659593225,-0.4546255945840647,1.4198997546102767,1.049013310617271,0.3194986621021536,0.14965986394557823,1,C:\Users\JHASHANK\Desktop\Maj_Proj\DFDC_Dataset\Fake\bnywsgghdq.mp4,DFDC_Dataset/Fake
56.25,6.394935239328729,99.38079899999065,0.7263782178108481,0.804791307905006,0.8026585685512757,0.4956831570143345,0.06198788112150524,7.03125,7.562062842973948,126.69815735180853,4.656119276472419,33.333333333333336,18.842436112221638,0.9364388012053503,66.66666666666667,0.3541973422418136,1.3509428294128005,-0.26889536882780574,1.714141543392731,1.6920392427445388,0.3149183286488868,0.1292517006802721,1,C:\Users\JHASHANK\Desktop\Maj_Proj\DFDC_Dataset\Fake\boamzvextx.mp4,DFDC_Dataset/Fake
91.40625,1.1571690294748853,130.94570021973098,0.8797502250135218,0.8088709209400159,0.664763752786359,0.7278492492877631,0.28798471203919324,42.1875,3.856456740149425,235.5935527009569,1.9513303996664169,16.666666666666668,12.371367409297038,0.4865718369986986,0.0,0.612241736209262,1.825376643064612,-0.34442067268046994,1.4292785863270674,1.0656831466041992,0.35018516015967394,0.11564625850340136,1,C:\Users\JHASHANK\Desktop\Maj_Proj\DFDC_Dataset\Fake\bocdttfbsu.mp4,DFDC_Dataset/Fake
196.875,-4.286179386021055,63.996097218008714,0.895769752396483,0.7686927965375947,0.6136940584525441,0.8329383770957388,0.5877217034729777,14.0625,2.360730831905776,161.87637086439062,1.9800605500303199,0.0,24.064549913500212,1.1287801748334403,0.0,0.5454391737016939,2.4269085053060606,1.2103238285685514,1.3032936287647585,0.9986977284541328,0.22229282225973393,0.14285714285714285,1,C:\Users\JHASHANK\Desktop\Maj_Proj\DFDC_Dataset\Fake\bofqrylfpr.mp4,DFDC_Dataset/Fake
63.28125,-2.7802294025109893,141.77446878757826,0.9146005438360933,0.7866890171709632,0.6060857981141647,0.7241928925994638,0.34474593154182875,28.125,2.7087962079996104,144.86131386425913,1.1777661320154038,0.0,20.603799626257278,0.6428260207759545,0.0,0.7007259891471829,2.101097952583801,-0.05020159421620507,1.5541348457144128,1.2019757035651943,0.35217689507892364,0.14965986394557823,1,C:\Users\JHASHANK\Desktop\Maj_Proj\DFDC_Dataset\Fake\bofrwgeyjo.mp4,DFDC_Dataset/Fake
126.5625,-3.4879602995845405,132.03534880225573,0.878924207784602,0.7352187033232805,0.6344793012738426,0.6806337580449522,0.09135173448287791,56.25,2.8653558018096703,177.8886335878056,5.2342072151343695,33.333333333333336,15.346025964201203,0.8675236670804152,33.333333333333336,0.5563409341745517,1.8242321012309572,0.4368685580218026,1.5483065620061147,0.9998003544107091,0.3481606242993311,0.14965986394557823,1,C:\Users\JHASHANK\Desktop\Maj_Proj\DFDC_Dataset\Fake\bokwfrmeyv.mp4,DFDC_Dataset/Fake
77.34375,-0.23547057172908636,128.7403358472941,0.8566187599991533,0.7809146404727864,0.6778139562644356,0.5723567241301329,0.036042123174341606,0.0,4.537319743924581,183.22821468918232,2.7896964055070215,0.0,20.071568291903983,0.7158988121818155,0.0,0.5166754660655304,1.844488882093796,0.7332380541239321,1.9580339307576515,1.7377304333064085,0.3678295309922688,0.1292517006802721,1,C:\Users\JHASHANK\Desktop\Maj_Proj\DFDC_Dataset\Fake\bomcfegdpt.mp4,DFDC_Dataset/Fake
119.53125,2.626504193224873,85.95864638818419,0.8287059355199433,0.8247578356184656,0.7205954041126075,0.47178478798413065,-0.23712619119013298,35.15625,5.442609467138392,169.4725920093584,2.028169959585633,16.666666666666668,25.838205666240924,0.510809625833691,33.333333333333336,0.49750793671195737,2.320817020638724,-0.6539812943196255,1.8455491352356435,1.465025194299194,0.271390844738742,0.16326530612244897,1,C:\Users\JHASHANK\Desktop\Maj_Proj\DFDC_Dataset\Fake\bopzdqqfqi.mp4,DFDC_Dataset/Fake
56.25,5.171978008877069,319.17863337009265,0.6862620924347149,0.7608045133580174,0.7031895055594085,0.6841366021486592,0.09591450053979997,21.09375,4.581469231286473,379.3758288546755,2.005120490641368,16.666666666666668,21.55181715301296,0.5669024594114245,33.333333333333336,0.09317924468435551,1.1972568958177376,0.27460321866930704,1.6081219774000648,1.26830815305578,0.35795734583561784,0.07482993197278912,1,C:\Users\JHASHANK\Desktop\Maj_Proj\DFDC_Dataset\Fake\borwxlaoje.mp4,DFDC_Dataset/Fake
98.4375,-2.012443331043431,110.4294979290218,0.8797960615431859,0.7967993663608685,0.6180808516806777,0.5095217094316605,0.01011543457419936,63.28125,3.0215394589804245,161.08788552632473,23.92230802688988,100.0,18.891715565809427,0.9556678658622257,200.0,0.5369447115526138,1.8318777209737778,0.9394135196597428,1.545188543708004,1.557359546825197,0.26599806070494303,0.14285714285714285,1,C:\Users\JHASHANK\Desktop\Maj_Proj\DFDC_Dataset\Fake\boydzhuebj.mp4,DFDC_Dataset/Fake
70.3125,6.919775526376192,119.44315244779278,0.7426455357543037,0.8216296167650047,0.7541236764508625,-0.03613564282978386,0.6457133134760004,0.0,6.083671543848902,167.4854736599272,1.2360839655007818,66.66666666666667,21.380896508101586,1.2462355659250781,100.0,0.30962430541308517,1.5381153186558634,-0.4348021194838618,0.8481723977700905,1.6857890910213857,0.2634775421642488,0.10884353741496598,1,C:\Users\JHASHANK\Desktop\Maj_Proj\DFDC_Dataset\Fake\bpartnwakp.mp4,DFDC_Dataset/Fake
91.40625,-0.8491748214243028,88.0353881595997,0.8653126224895307,0.8037996166353458,0.6395402530403131,0.562785729705729,-0.25828117868877876,14.0625,3.357998953184084,145.62961088566695,-8.81374801520199,0.0,11.972843339661237,1.2540537335769106,0.0,0.536847573922584,1.8681614849520567,0.17866454499460227,2.051538747181766,1.3729839418955723,0.2537524365516723,0.10204081632653061,1,C:\Users\JHASHANK\Desktop\Maj_Proj\DFDC_Dataset\Fake\bpijdklhxj.mp4,DFDC_Dataset/Fake
140.625,-4.23052083716016,103.33333333333333,0.9229770971162354,0.8302270203680495,0.6238903360446078,0.7520504623479536,0.3776201799888222,77.34375,3.134102095481246,148.72792768719876,2.816210877052316,16.666666666666668,14.41376642643235,0.48048266265126655,33.333333333333336,0.7181535013013918,2.177062199005321,-0.6678059718216356,1.1633526033473442,0.8501821131450237,0.23308270676691728,0.12244897959183673,1,C:\Users\JHASHANK\Desktop\Maj_Proj\DFDC_Dataset\Fake\bpmqlfquqd.mp4,DFDC_Dataset/Fake
161.71875,-1.2813076735191156,92.11323729436768,0.8302800063859478,0.7657980776016216,0.6942929765370619,0.8701265567372096,0.6239266048340285,91.40625,4.493626000500529,192.20579369018935,-6.630912103154046,0.0,25.58586832409878,0.7235423791459814,0.0,0.44408782516478273,2.3252297221439284,0.5106346638740318,1.1191800689475049,0.8233910755966818,0.2302830932359192,0.11564625850340136,1,C:\Users\JHASHANK\Desktop\Maj_Proj\DFDC_Dataset\Fake\bpogbhuwvd.mp4,DFDC_Dataset/Fake
112.5,-1.388506756240149,152.66232385224242,0.8187400291355812,0.7805760331225976,0.669668834942339,0.618201659183937,0.4617256454416414,49.21875,4.254609104531729,159.07543438276784,83.84107677073862,0.0,17.63485773855734,1.0132716910703066,0.0,0.4075516840116858,1.83281890812005,0.7253037581660098,1.355284640627174,1.4693183272341988,0.3966816289074016,0.1360544217687075,1,C:\Users\JHASHANK\Desktop\Maj_Proj\DFDC_Dataset\Fake\bppvyenwri.mp4,DFDC_Dataset/Fake
77.34375,-0.9608893634066096,130.1281419729542,0.8540441439000337,0.7803358214909639,0.6721102302684803,0.6777424332339197,0.10360851171643938,7.03125,4.328030704248849,138.2983951903782,2.0033157234179413,16.666666666666668,21.59376136700605,1.4643387580536495,33.333333333333336,0.48167656104457,1.8438180100119281,-0.24597549667986485,1.8594228425349817,1.6053880811360375,0.38431024446518597,0.1360544217687075,1,C:\Users\JHASHANK\Desktop\Maj_Proj\DFDC_Dataset\Fake\bpqrwvichd.mp4,DFDC_Dataset/Fake
49.21875,-1.4876355427278316,113.31154474650631,0.8902680748322581,0.8188224924152809,0.6495950209205066,0.5154865773355735,0.25442202001606856,56.25,3.6507879778567407,166.5487996391609,1.7618061144020292,16.666666666666668,14.650513820930973,1.1797768922503602,33.333333333333336,0.6270710925314694,1.9282776734558662,-0.38099682730130713,1.6957835564313284,1.6310904430573443,0.29137254363387344,0.12244897959183673,1,C:\Users\JHASHANK\Desktop\Maj_Proj\DFDC_Dataset\Fake\bpteuesxca.mp4,DFDC_Dataset/Fake
91.40625,-1.6854268306430389,75.21014330903552,0.8347099640190729,0.7179827952313399,0.6592059542949058,0.6187421472667464,0.25275984324619133,84.375,3.931617320231251,207.53133510761626,3.0282040124537954,66.66666666666667,11.958677272211332,1.378288306944736,133.33333333333334,0.46260635992939375,1.6292496447549347,0.9046487901472555,1.448820275947119,1.38676218981455,0.1880253582725888,0.14965986394557823,1,C:\Users\JHASHANK\Desktop\Maj_Proj\DFDC_Dataset\Fake\bptrqltmsx.mp4,DFDC_Dataset/Fake
112.5,-1.3917225317738282,154.77582354991867,0.83566771197616,0.814113581338565,0.6539748079137065,0.7621389632209813,0.46089412828958304,14.0625,4.559952638852475,226.8839180086502,1.6569428947636005,0.0,17.262425461114837,0.5684037572356772,0.0,0.5255956766786202,1.9181835664678089,0.034201724700712255,1.3191782963114016,1.1080660963161115,0.336469181630258,0.12244897959183673,1,C:\Users\JHASHANK\Desktop\Maj_Proj\DFDC_Dataset\Fake\bpttffvedn.mp4,DFDC_Dataset/Fake
105.46875,-2.6875252898172235,52.704627669473005,0.8436968506269047,0.7682789930634926,0.6429399438348753,0.7313417844091025,0.18883629578262967,49.21875,3.089667067473717,168.25860740075527,3.019544596884526,0.0,14.780660527458105,0.972226321137648,0.0,0.39186611622613604,1.973090346520271,0.566755854821138,1.5802882727533472,1.2349679902702553,0.14373989364401724,0.14285714285714285,1,C:\Users\JHASHANK\Desktop\Maj_Proj\DFDC_Dataset\Fake\bptuspvmzq.mp4,DFDC_Dataset/Fake
119.53125,-0.2561588571398461,83.33333333333334,0.8178465196982664,0.8058160520557794,0.6916614141547607,0.7600667515248631,0.4259194336714551,21.09375,5.7151595746339625,174.07724182268373,1.622660001839217,0.0,15.128768752646572,0.727812849568798,0.0,0.40278971314328543,1.8597959101411283,-0.3226475811023981,1.4044402483381337,1.2445526513471044,0.24453170311764422,0.14285714285714285,1,C:\Users\JHASHANK\Desktop\Maj_Proj\DFDC_Dataset\Fake\bpurwdafcq.mp4,DFDC_Dataset/Fake
77.34375,1.6821017295869058,168.65480854231356,0.8667692922767727,0.7940022992715668,0.6779566737628555,0.6936480383811172,0.2352875712705288,21.09375,4.669029071407105,155.33615827544457,-3.264079820377866,0.0,11.899256495713724,0.9819531471022068,0.0,0.5417103903940609,1.9272277478386808,-0.20838670079894417,1.6482364359169368,0.8721275583755097,0.36140316116210053,0.08843537414965986,1,C:\Users\JHASHANK\Desktop\Maj_Proj\DFDC_Dataset\Fake\bpuzvrjihz.mp4,DFDC_Dataset/Fake
105.46875,-0.6208343182205773,91.31223741405675,0.8646873372184424,0.8368946293743085,0.6839468164454823,0.3161357611438872,0.15552900642978415,63.28125,4.24306427804412,170.93012038922842,2.1742826782094764,50.0,17.12425526267687,0.552600164702768,100.0,0.5862954836800501,1.709986996454027,-0.6713673914152736,1.4706760461024373,1.2051296731609877,0.22156645843116712,0.14965986394557823,1,C:\Users\JHASHANK\Desktop\Maj_Proj\DFDC_Dataset\Fake\bpwgtgahcv.mp4,DFDC_Dataset/Fake
56.25,0.4651209407378934,143.0229196861662,0.860076132322812,0.8138674298912253,0.6546040988376796,0.7639756052577379,0.5537151752802943,35.15625,3.695960219333575,199.77158736271244,-1.0410203300187957,16.666666666666668,17.96570355779981,0.6661437412472548,33.333333333333336,0.4563450873528868,1.9135701129937772,-0.49968034206948575,1.2800730538422955,0.9968731440984688,0.3226080895176683,0.10884353741496598,1,C:\Users\JHASHANK\Desktop\Maj_Proj\DFDC_Dataset\Fake\bpwucdibhz.mp4,DFDC_Dataset/Fake
112.5,-3.215134598344184,102.25241100118646,0.866544567205268,0.7468080834646795,0.6332450308336478,0.519985349804534,-0.06927415103374603,14.0625,3.705587087974897,242.30650159773575,1.5721616984987004,50.0,8.846636304368818,0.8476718805276099,100.0,0.5209056280872061,1.7055438358295392,0.9383032089798471,1.874109799636115,1.7265617670988904,0.23064453609290178,0.12244897959183673,1,C:\Users\JHASHANK\Desktop\Maj_Proj\DFDC_Dataset\Fake\bpwudenryg.mp4,DFDC_Dataset/Fake
56.25,5.877970694595102,104.13666234542207,0.7800337028021075,0.7559663506854175,0.7142555555398422,0.667157480976184,0.1786241540496112,119.53125,5.8568477343946395,152.3690602262427,-0.8751902601375878,0.0,11.34955308364912,1.1318595312128357,0.0,0.3547554068156082,1.5579019634204574,1.0593583577673344,1.602372485288871,1.2379993779831222,0.2781479015632383,0.12244897959183673,1,C:\Users\JHASHANK\Desktop\Maj_Proj\DFDC_Dataset\Fake\bpxitgkwkm.mp4,DFDC_Dataset/Fake
49.21875,-3.2110086759847434,142.82856857085702,0.8900643348891752,0.6943262566950352,0.6260151142785307,0.3322445514095946,-0.4096025623247116,7.03125,2.705757735043726,162.672657745172,4.918763299411908,83.33333333333333,12.170734973659718,1.0539871117829036,166.66666666666666,0.5973095503984334,2.0932935985092582,3.9010561853827657,2.13096141870093,2.0107533631894974,0.37096080973660145,0.14285714285714285,1,C:\Users\JHASHANK\Desktop\Maj_Proj\DFDC_Dataset\Fake\bpykroksyw.mp4,DFDC_Dataset/Fake
77.34375,1.5221016287277096,146.93951425835093,0.8127570081561577,0.6395312394911373,0.6906183422738831,0.6667061705678896,0.2234567078959072,21.09375,4.055053913596852,125.40129858467583,1.3586798969781657,16.666666666666668,19.254289319248134,1.558905820354294,33.333333333333336,0.3374868111419665,1.5283272922625817,2.7991367279731474,1.8144789355567672,1.5533371691602549,0.41468251858602684,0.1360544217687075,1,C:\Users\JHASHANK\Desktop\Maj_Proj\DFDC_Dataset\Fake\bpzmcgorle.mp4,DFDC_Dataset/Fake
63.28125,2.342123573221489,118.06521053804943,0.8438709950779151,0.7961008146445737,0.673146569575587,0.7327332134840855,0.4717330371879516,42.1875,4.301228657796735,179.77742087584357,41.92803944287156,16.666666666666668,15.719714957259786,1.3821394009567967,33.333333333333336,0.4756904018638878,1.835482268362977,-0.41279700606867564,1.4507784118118598,1.4105734690431995,0.3161377344276235,0.11564625850340136,1,C:\Users\JHASHANK\Desktop\Maj_Proj\DFDC_Dataset\Fake\bqfyfhzjxk.mp4,DFDC_Dataset/Fake
70.3125,1.9004362152955987,86.06629658238705,0.8485147710271906,0.769568074933004,0.6950809586039531,0.7391339184416414,0.20037725212272897,56.25,4.812421515584458,149.70226664998486,0.6099515413457228,0.0,26.00433185242094,1.2094928271287975,0.0,0.5191277522613716,1.867664100631265,0.7654071003410463,1.6372009066436144,1.178437889730519,0.2525169607882625,0.12244897959183673,1,C:\Users\JHASHANK\Desktop\Maj_Proj\DFDC_Dataset\Fake\bqgwnuocdo.mp4,DFDC_Dataset/Fake
91.40625,-0.8212604890427526,144.56832294800958,0.9359091817813827,0.7852385827875139,0.6287627459936038,0.5795630333746187,0.32146952641134574,42.1875,3.1864002306638692,160.79204018689427,1.9247881008524201,16.666666666666668,13.671265863294773,0.6960966203018564,0.0,0.7527241770711067,2.0673941473472723,0.03318398586622884,1.4494442853346674,1.2575127054110566,0.3651382036634348,0.14285714285714285,1,C:\Users\JHASHANK\Desktop\Maj_Proj\DFDC_Dataset\Fake\bqiivuyign.mp4,DFDC_Dataset/Fake
84.375,0.7451149200668872,87.6456264162906,0.8008041677313847,0.7243493142141413,0.6792127764661067,0.6873110269504459,0.09071796430729841,42.1875,4.33860897024514,238.94178218797583,1.5763820337427723,16.666666666666668,21.211824922628963,1.1472845566978636,33.333333333333336,0.371767967912524,1.615471578234756,1.7489656975910197,1.8401876904819632,0.9501372026144717,0.16903085094570328,0.08163265306122448,1,C:\Users\JHASHANK\Desktop\Maj_Proj\DFDC_Dataset\Fake\bqkjvmuhkq.mp4,DFDC_Dataset/Fake
126.5625,-1.118279668964059,99.77753031397178,0.8465078835951327,0.790840409119988,0.6886883433752493,0.6211128502332722,-0.05037751090339417,28.125,4.414598982611036,154.18890762523225,2.348443602191582,16.666666666666668,21.73493310671082,0.7785060129109808,33.333333333333336,0.5438921741319594,1.922219054262692,-0.346051976784401,1.901300853315044,1.350992305783748,0.2955845770917909,0.1564625850340136,1,C:\Users\JHASHANK\Desktop\Maj_Proj\DFDC_Dataset\Fake\bqlgvoexky.mp4,DFDC_Dataset/Fake
70.3125,2.3864113153512054,149.98110236212975,0.7497805167009807,0.6447768835310943,0.7077211135378835,0.4358074954819094,0.8716885494894909,7.03125,5.220397496476169,258.4256677901158,2.012698317488448,16.666666666666668,19.552809953978677,1.223441601700706,33.333333333333336,0.2679942356931166,1.4054195608306355,2.343678358226713,1.4469619340456674,1.4495076837958027,0.34996177810662826,0.09523809523809523,1,C:\Users\JHASHANK\Desktop\Maj_Proj\DFDC_Dataset\Fake\bqqaetrjss.mp4,DFDC_Dataset/Fake
56.25,-0.8616028230931044,176.55831757856342,0.8856614016497115,0.6938562333184823,0.6447277448991859,0.43334228512054224,-0.2597733094094564,126.5625,3.1845156533921095,135.47595304986325,10.1586755910232,100.0,16.542515366558593,1.2255582618591911,200.0,0.5572238382614875,1.9189579223757864,1.5520245360318778,1.9585881883623395,1.6522928368164311,0.4743919050670386,0.16326530612244897,1,C:\Users\JHASHANK\Desktop\Maj_Proj\DFDC_Dataset\Fake\bqqnhlcjwm.mp4,DFDC_Dataset/Fake
154.6875,-1.6935997254018573,145.44949486180954,0.8750019071136508,0.8196939844149593,0.6664958060832304,0.7088522515443685,0.24332454360502687,0.0,3.723916306297169,184.5120080841582,1.8777044748965521,33.333333333333336,19.205076794605265,0.7315863298555457,33.333333333333336,0.5652841645491988,2.290225951342093,-0.6030253259485114,1.4665016027675606,1.259320788949889,0.3728755646357195,0.1360544217687075,1,C:\Users\JHASHANK\Desktop\Maj_Proj\DFDC_Dataset\Fake\bqrcgzqhnm.mp4,DFDC_Dataset/Fake
175.78125,-1.290304214857581,102.43581720737527,0.8648766614049828,0.8051649350381064,0.681996384677062,0.6757173638315719,0.016394357011296358,84.375,4.621830258733259,164.47561758873448,1.7630941147176282,0.0,14.677544845996204,0.943146435604207,0.0,0.5305137341107425,2.5236012387673683,0.12039512939638453,1.6207307428716469,0.9303090285300165,0.28740984684083715,0.16326530612244897,1,C:\Users\JHASHANK\Desktop\Maj_Proj\DFDC_Dataset\Fake\bqrqgidhyk.mp4,DFDC_Dataset/Fake
154.6875,-2.6655756096658187,63.70847285342012,0.865332496480854,0.7946027885733395,0.646057827380609,0.35385055713746383,-0.08730577274135229,28.125,2.931779804865057,162.56425636644303,1.9265415144404932,0.0,16.85696221237951,0.5937664852619502,0.0,0.4437254720849633,2.16541947733341,0.7202528019453305,2.071214451102673,1.3315870686782563,0.16954674227119873,0.1360544217687075,1,C:\Users\JHASHANK\Desktop\Maj_Proj\DFDC_Dataset\Fake\bqxafndwgr.mp4,DFDC_Dataset/Fake
84.375,-0.5463938239758462,114.91203167186994,0.809544199014626,0.7120916993947229,0.648386621121688,0.4962679376926208,-0.1471910735181693,28.125,4.924881746175274,186.08325242267603,-0.5383488938870148,83.33333333333334,10.758656660793719,1.3703353949466794,33.333333333333336,0.4546025610426641,1.6128929421909755,1.8524610781179218,1.6244159172107668,1.0182786806168649,0.27478964095447167,0.09523809523809523,1,C:\Users\JHASHANK\Desktop\Maj_Proj\DFDC_Dataset\Fake\bqzlymwvak.mp4,DFDC_Dataset/Fake
126.5625,3.4214806742656094,77.68954430890011,0.7090209311546378,0.8425445715978219,0.7924151084588549,0.5135486096884165,-0.15945763622461942,70.3125,6.924053224441823,237.899953595731,2.273610868872801,0.0,17.70110811309259,0.41108833440423337,0.0,0.2731317693736086,2.0117182124708117,-0.8940814597227233,1.8806810231931503,1.5886324304191495,0.22928402955184177,0.1360544217687075,1,C:\Users\JHASHANK\Desktop\Maj_Proj\DFDC_Dataset\Fake\bqzsitzzze.mp4,DFDC_Dataset/Fake
77.34375,3.087742615190077,120.07038034035725,0.8175825670495257,0.711131307671572,0.697994390420286,0.5879027923503236,-0.011006748756168475,7.03125,4.292659607830568,230.19205421650435,0.4405514268141208,16.666666666666668,19.495174572424055,0.9920663970066824,33.333333333333336,0.3603055108355906,1.7695723911455379,1.338058495333474,1.996971768010778,1.5069182488259634,0.3286972469484364,0.12244897959183673,1,C:\Users\JHASHANK\Desktop\Maj_Proj\DFDC_Dataset\Fake\brdrapqoos.mp4,DFDC_Dataset/Fake
91.40625,-0.573950454328907,132.7461026839499,0.7956694933527841,0.784748713110866,0.6628130199432687,0.48233706875848753,0.02218734236370112,7.03125,3.977556888952559,246.51843703493861,1.1805072076295193,50.0,10.506626009804755,1.0516818929508416,100.0,0.3617877974259811,1.4476836191805378,-0.03612396166162668,1.771735805415716,1.608841030830885,0.3810538284836149,0.11564625850340136,1,C:\Users\JHASHANK\Desktop\Maj_Proj\DFDC_Dataset\Fake\brftztqwxi.mp4,DFDC_Dataset/Fake
70.3125,7.279987328898216,164.89802310728703,0.7705577718361424,0.7877363854993312,0.7496433703497533,0.5053802983782693,0.03636721223337881,77.34375,5.397724342907832,169.8231138561498,2.3355101401174037,16.666666666666668,20.653503237490618,0.4830387436386282,33.333333333333336,0.37376331098074916,1.6031495518077161,-0.15922453438184636,1.5485855281504612,1.46539018779534,0.45992164460836404,0.10884353741496598,1,C:\Users\JHASHANK\Desktop\Maj_Proj\DFDC_Dataset\Fake\brpkkgdggv.mp4,DFDC_Dataset/Fake
56.25,4.583719073039304,142.38802064252656,0.7927781831182432,0.7623783684831152,0.7523835778845294,0.6191769735413347,0.5850116897276718,63.28125,6.224891038775339,206.1800638038214,6.5574348687768795,16.666666666666668,11.611152809207631,0.7029283320957775,0.0,0.4466263485137222,1.4941851534056136,0.34516139783990685,0.9565936384510236,1.05661346623759,0.3826804056763108,0.10884353741496598,1,C:\Users\JHASHANK\Desktop\Maj_Proj\DFDC_Dataset\Fake\brrdxgrikt.mp4,DFDC_Dataset/Fake
70.3125,3.887737972618144,123.8726945070803,0.7695563645133106,0.8282845898053305,0.7554214995163394,0.8426274679412299,0.5092198108390612,77.34375,5.933450701709677,161.40900608262996,1.491615502418968,0.0,13.533946317979673,0.7025405536960396,0.0,0.3556124477989832,1.5470153744147,-0.44356002197588484,1.156367231677313,0.6045458723046035,0.32635697593225266,0.11564625850340136,1,C:\Users\JHASHANK\Desktop\Maj_Proj\DFDC_Dataset\Fake\brrspejlrg.mp4,DFDC_Dataset/Fake
84.375,3.383296662748302,200.47953485517567,0.7404234470802357,0.7812904982442559,0.7887431229541545,0.6081540065623835,0.18805790752928592,7.03125,8.14411363018673,239.08906973620296,1.7548071468441773,33.333333333333336,9.055367275723864,0.8211600850484027,66.66666666666667,0.4285554849909902,1.6725352972730883,0.3832952508614835,1.5543904274894111,1.4548682360064862,0.40698852940524394,0.12244897959183673,1,C:\Users\JHASHANK\Desktop\Maj_Proj\DFDC_Dataset\Fake\brvyquicjc.mp4,DFDC_Dataset/Fake
77.34375,6.17080624415438,159.30231976004868,0.7562542278352609,0.7333777046734936,0.7487132362543614,0.5289457146055359,-0.1894983989280184,28.125,5.688596401387845,172.2926402957858,-1.1124054649713109,16.666666666666668,13.607134922482228,1.0671760187091883,33.333333333333336,0.31209761078774223,1.5609968835956558,0.5096014006453102,1.708255472228221,1.5549712692326623,0.37221761559707006,0.10884353741496598,1,C:\Users\JHASHANK\Desktop\Maj_Proj\DFDC_Dataset\Fake\brzfxbzteo.mp4,DFDC_Dataset/Fake
77.34375,3.549758814924955,115.47005383792515,0.7651535091522941,0.7765156414367892,0.7651020286681041,0.7568230173169042,0.416509385032002,14.0625,7.171996388763309,152.37569507841684,9.744180618868029,0.0,7.8279906765717255,0.9390717716438731,0.0,0.363868214115984,1.5690627111063218,-0.1648595274910747,1.2942611032076108,1.0399087855816773,0.34086850611908986,0.14285714285714285,1,C:\Users\JHASHANK\Desktop\Maj_Proj\DFDC_Dataset\Fake\bsbyvsgodg.mp4,DFDC_Dataset/Fake
63.28125,7.399874554108282,113.43253948973005,0.6705067244538858,0.7983158353379263,0.8263363161313673,0.718994767954577,0.2858564936640693,0.0,7.9930119437102345,142.91795485676397,3.6100934551429575,16.666666666666668,21.172722744062714,1.4080528859316968,33.333333333333336,0.2546447758195782,1.3339185733888295,-0.18597590738456837,1.4046847693022964,1.234597560728126,0.34051103381125564,0.10884353741496598,1,C:\Users\JHASHANK\Desktop\Maj_Proj\DFDC_Dataset\Fake\bseaalaspv.mp4,DFDC_Dataset/Fake
70.3125,-1.638449547586508,91.6515138991168,0.8506683337739729,0.8129209581627043,0.6394722689757584,0.4552509168151939,-0.18435145802182856,56.25,3.834254163082701,211.7422101241587,2.6642025537095404,0.0,18.90814284076208,0.5975741951238509,0.0,0.4208613540007628,1.8815995204424691,-0.2919677943586989,1.8458559467372748,1.476521068717557,0.21480823570105503,0.1292517006802721,1,C:\Users\JHASHANK\Desktop\Maj_Proj\DFDC_Dataset\Fake\bserejknun.mp4,DFDC_Dataset/Fake
84.375,-1.5095081273254314,91.22621455602673,0.8631367178422001,0.7697397779825335,0.6291370469387568,0.8663601736660056,0.7043204240581271,35.15625,3.2150741514881274,204.07263627594668,0.9767866677099472,0.0,10.130871689011705,1.3683443658899352,0.0,0.365286363388531,1.6724211195225853,0.4852119440045404,0.8903386454289102,0.6815303891410277,0.2790341955827758,0.14285714285714285,1,C:\Users\JHASHANK\Desktop\Maj_Proj\DFDC_Dataset\Fake\bsghddlheb.mp4,DFDC_Dataset/Fake
196.875,-2.4956461592750707,116.18357280412613,0.8731674394088745,0.7863635012552611,0.656376339125962,0.705088888332147,0.23738413379806814,63.28125,3.695396788405281,176.692936203435,3.135635753590183,0.0,21.13897602438189,0.5670721230369734,0.0,0.5035590801776988,2.398410588384468,-0.36711396622486037,1.5734102101617558,1.0503374010075248,0.3147162209826292,0.16326530612244897,1,C:\Users\JHASHANK\Desktop\Maj_Proj\DFDC_Dataset\Fake\bsijbywcuc.mp4,DFDC_Dataset/Fake
56.25,4.655420654062078,100.49875621120893,0.8051427432793379,0.7889367964188999,0.7037692148801268,0.7996592367096,0.5009045302950076,56.25,4.5001109358732325,190.26047508924978,1.8069986928557054,0.0,21.521358152644495,0.7541709322519102,0.0,0.40291488193588687,1.482434160536482,0.043170122051896076,1.0458120203270342,0.8599483780046364,0.24917046994514605,0.1292517006802721,1,C:\Users\JHASHANK\Desktop\Maj_Proj\DFDC_Dataset\Fake\bsmjyfctpp.mp4,DFDC_Dataset/Fake
84.375,0.3534961719508325,137.07144212750362,0.8938586152018936,0.7947322743328796,0.6665733874964768,0.4024966921255784,-0.06333895544547107,49.21875,4.063804150986937,152.70405200370288,4.580431691109619,16.666666666666668,18.486234482762743,1.1071924843069463,33.333333333333336,0.5959890395482011,1.8646590603433753,0.024400779763403158,1.7513449655698314,1.7151628308779776,0.36018773113796576,0.1292517006802721,1,C:\Users\JHASHANK\Desktop\Maj_Proj\DFDC_Dataset\Fake\bsnxoayogp.mp4,DFDC_Dataset/Fake
56.25,1.6256313972838763,121.15187896924168,0.7956207634073211,0.6905371540855744,0.6986500188881152,0.4943643843243486,0.5371374081764811,98.4375,5.036774243496369,181.81527853594054,1.6987866247359225,16.666666666666668,16.876685959347512,1.2712156483933656,0.0,0.28319894064296386,1.672775367271843,1.3538259936286847,1.3946607620474256,1.3723430232533353,0.31467415884041816,0.11564625850340136,1,C:\Users\JHASHANK\Desktop\Maj_Proj\DFDC_Dataset\Fake\bspvtixfud.mp4,DFDC_Dataset/Fake
105.46875,-2.038411462076495,123.46393204523253,0.8959174809093345,0.7067170657554221,0.6244124512883645,0.5661610382074662,-0.06144391443357095,7.03125,2.77995379732393,173.462756618065,3.8728293207562117,33.333333333333336,10.308059996772398,1.45965568110075,66.66666666666667,0.6167717827222227,1.9106961225195054,2.6285192797823234,1.7514119085877122,1.5897324679328861,0.3063390795107272,0.11564625850340136,1,C:\Users\JHASHANK\Desktop\Maj_Proj\DFDC_Dataset\Fake\bsqnzpidrn.mp4,DFDC_Dataset/Fake
63.28125,-0.8855946011340871,190.348729675007,0.8715439891697847,0.8316139882903018,0.6477691508195969,0.33405143726695374,-0.3955348412134353,28.125,4.017512600485219,244.60611488270806,2.448006549766156,100.0,13.691937730137893,0.4905363120414112,200.0,0.44758853668823245,1.8517322077138623,-0.7339716841604647,1.9537154584847705,1.8910606765865037,0.4042804878053246,0.1292517006802721,1,C:\Users\JHASHANK\Desktop\Maj_Proj\DFDC_Dataset\Fake\bstbbiefie.mp4,DFDC_Dataset/Fake
119.53125,-2.13261696328042,130.6310525077659,0.8997602592124143,0.8112058929636461,0.6356880553551155,0.7484444790386557,0.46460861332606185,7.03125,3.1832646877847304,185.05119717695985,3.0001569942152297,0.0,29.130448266219528,0.7457416299721161,0.0,0.6858189992951919,2.132023451529836,-0.4607354586128265,1.2704618497909415,1.1258024312105617,0.3527668414752787,0.1292517006802721,1,C:\Users\JHASHANK\Desktop\Maj_Proj\DFDC_Dataset\Fake\bsuhgbshgt.mp4,DFDC_Dataset/Fake
56.25,5.670463111369855,264.8749330509215,0.7211534809166011,0.6229064799542164,0.7834861509473698,0.7087645167368934,0.6180224023534493,14.0625,6.704212399176011,342.40804943933273,1.4955136391375816,16.666666666666668,12.864182418281175,1.1629754272032669,0.0,0.27269867969390976,1.2747281752542672,2.0752387887098225,1.3651012450858917,1.2168711432836563,0.46742635244280273,0.07482993197278912,1,C:\Users\JHASHANK\Desktop\Maj_Proj\DFDC_Dataset\Fake\bsvwmqamfn.mp4,DFDC_Dataset/Fake
77.34375,1.355844712070681,121.71612389003691,0.7983651212077839,0.8345235305094815,0.725099604534654,0.6561812759815466,0.10900533144067119,49.21875,5.870720948988424,189.37387014562694,-19.559763030498512,0.0,11.50447962163653,0.5436184119896641,0.0,0.46170669555182087,1.6487158156488775,-0.7846554253152869,1.610977739253746,1.2336063018119232,0.3148261499345667,0.12244897959183673,1,C:\Users\JHASHANK\Desktop\Maj_Proj\DFDC_Dataset\Fake\bswrobxrrf.mp4,DFDC_Dataset/Fake
63.28125,0.5447792226580993,112.74356350191842,0.8479417557302593,0.7803371436695461,0.6958280438073849,0.7004855333408508,0.21211118857761846,7.03125,4.9837968303025075,138.62852433532188,9.246393300067735,0.0,14.392866825383406,1.2081409426292429,0.0,0.550841390944433,1.683910059229662,0.024011932265292302,1.6771095161835756,0.8601890230483916,0.3204832519926954,0.1564625850340136,1,C:\Users\JHASHANK\Desktop\Maj_Proj\DFDC_Dataset\Fake\bsxznrgkpz.mp4,DFDC_Dataset/Fake
91.40625,2.433964156216493,144.56832294800958,0.775875737386351,0.7612788757199396,0.7180981519659027,0.6860684895053576,0.4527601099910232,63.28125,4.587265315904765,210.3291405872776,7.222010529051015,0.0,19.572269142241037,0.9508149190774431,0.0,0.3428349780626114,1.5698068188830927,0.6208843448890295,1.4655181367033336,1.0384342872065058,0.3651382036634348,0.14285714285714285,1,C:\Users\JHASHANK\Desktop\Maj_Proj\DFDC_Dataset\Fake\btdjfsvmvz.mp4,DFDC_Dataset/Fake
49.21875,4.86717721718345,125.65384549980509,0.7766334659340997,0.7574407596815764,0.7608519566757443,0.8115420300750469,0.5966293067491023,35.15625,6.351146817616049,147.59855558720477,-2.284370493504753,0.0,9.745132075736002,1.0592666709569059,0.0,0.37775367719758624,1.4287775646851972,0.41615683589387675,1.49135449975761,1.2604236676423817,0.3303217008243675,0.10204081632653061,1,C:\Users\JHASHANK\Desktop\Maj_Proj\DFDC_Dataset\Fake\btfsgaxvym.mp4,DFDC_Dataset/Fake
49.21875,0.7492683513894791,111.35528725660043,0.8586390657788145,0.8186970154630376,0.6422337649658304,0.5183535021052863,0.012964847962843964,77.34375,3.705503082217346,172.14037683236683,1.4611642859995055,0.0,12.968779369621902,0.7448569563133395,0.0,0.5407420561093925,1.811487851715184,0.505347327077263,1.8208335048948958,1.554193196947919,0.2352576491336629,0.11564625850340136,1,C:\Users\JHASHANK\Desktop\Maj_Proj\DFDC_Dataset\Fake\btlojvpizg.mp4,DFDC_Dataset/Fake
98.4375,0.2629495700740337,152.16949614017767,0.808045892931154,0.795450898243223,0.6849274276170975,0.7530661312084909,0.49938881105904853,28.125,4.627764139272809,218.6196915251213,5.23389175740245,0.0,12.440634799140799,0.7080819903137586,0.0,0.3272018753899578,1.670032283220318,-0.41758013030160335,1.2837799281632911,1.0009643765193845,0.33566800619156845,0.1292517006802721,1,C:\Users\JHASHANK\Desktop\Maj_Proj\DFDC_Dataset\Fake\btmstjvczd.mp4,DFDC_Dataset/Fake
105.46875,-3.7894612700687986,161.93277068654828,0.8800648912808238,0.7839822482540703,0.6153628216593998,0.38070629356014873,-0.3725272432211472,0.0,3.1537714859162302,184.1889126366875,2.190753967941719,100.0,18.02160055870884,0.8170756691923986,200.0,0.5905165293058099,1.8055250118016042,-0.2940152359083079,2.1943481467662367,1.9613560305473212,0.3968548093158594,0.1360544217687075,1,C:\Users\JHASHANK\Desktop\Maj_Proj\DFDC_Dataset\Fake\btodwmstfj.mp4,DFDC_Dataset/Fake
42.1875,-1.2890300355007258,119.30314960623956,0.8761311495622752,0.8385844431951804,0.5982074233814834,0.5066086016917327,-0.34498485375349414,70.3125,4.1784565504651905,205.87051492300833,1.5601298156982097,33.333333333333336,7.472628639486725,0.8432963446849535,66.66666666666667,0.5731606577709023,1.7277244410192283,-0.7543879972298124,1.7217751145989038,1.2585531772142353,0.2960153336094665,0.11564625850340136,1,C:\Users\JHASHANK\Desktop\Maj_Proj\DFDC_Dataset\Fake\btqmbxcpsc.mp4,DFDC_Dataset/Fake
161.71875,-2.005235960660346,85.11974136691424,0.8970974460844071,0.7298171226374839,0.659502962957264,0.7638037351851124,0.5782300327029589,28.125,3.502837811954602,156.00411066551393,1.1917751181838208,16.666666666666668,15.314314625723453,0.9495945692651642,33.333333333333336,0.6350383159927548,2.3799819895501066,0.7568831175628667,1.2940776973198966,0.8470416404868549,0.226985976978438,0.14285714285714285,1,C:\Users\JHASHANK\Desktop\Maj_Proj\DFDC_Dataset\Fake\bttkvdunwu.mp4,DFDC_Dataset/Fake
140.625,-4.52285055558182,75.10281019219876,0.8966583358022141,0.7846907002590623,0.6044923304046315,0.5341435708123682,-0.19276183151074847,63.28125,2.408132459818267,158.52657222604591,1.6698941066597601,16.666666666666668,26.281580385278577,0.5928949095326449,0.0,0.5429504287152638,2.1519139808727346,-0.047167498664155705,1.8389719166954897,1.1875922412494335,0.23127784124960227,0.16326530612244897,1,C:\Users\JHASHANK\Desktop\Maj_Proj\DFDC_Dataset\Fake\btxbhzzeim.mp4,DFDC_Dataset/Fake
56.25,2.458033336042455,164.9579070887816,0.8583752713517605,0.8093955646582177,0.6904122724783404,0.5313574370001057,-0.24554799651049652,14.0625,5.050351976267533,141.92362697716638,7.150879090175029,0.0,11.074891885175955,1.111185203135506,0.0,0.6137566864873042,1.5898256627840741,-0.5046352998546642,2.0201000322713902,1.610944363158628,0.4356538060009663,0.08843537414965986,1,C:\Users\JHASHANK\Desktop\Maj_Proj\DFDC_Dataset\Fake\btyxvpjgcc.mp4,DFDC_Dataset/Fake
63.28125,0.17967423716177827,129.36480886350355,0.8464267970813703,0.7487614490888173,0.6372591445057973,0.563429108988108,-0.09495930742089562,35.15625,3.18885273729926,181.06030541722288,3.318900450637303,33.333333333333336,10.86972229368072,0.726023033522277,66.66666666666667,0.4076873473632713,1.656435625021072,1.0095225268594046,1.901898509730157,1.6459188159915468,0.32106474572233723,0.11564625850340136,1,C:\Users\JHASHANK\Desktop\Maj_Proj\DFDC_Dataset\Fake\buabafojmo.mp4,DFDC_Dataset/Fake
133.59375,-4.066239589925851,138.44373104863456,0.9095853213439933,0.8024927392256803,0.61553317411405,0.5869019880395825,0.4131941048058479,28.125,2.8174601107065995,190.96725106998406,4.088777782289949,16.666666666666668,21.60965887739546,0.8874536760881478,33.333333333333336,0.5855385368131781,2.055391958924007,-0.3910672900747518,1.3385584212305057,1.3885543687041804,0.35533452725935083,0.14965986394557823,1,C:\Users\JHASHANK\Desktop\Maj_Proj\DFDC_Dataset\Fake\buavuaumij.mp4,DFDC_Dataset/Fake
91.40625,1.598647322219667,152.0233900132184,0.8221003505474369,0.7855550237746288,0.7040063361720326,0.7536719472779785,0.2788208544579474,70.3125,5.342014390012461,159.8997090021717,1.8807704427419971,16.666666666666668,22.45414257967116,0.3899360485655397,33.333333333333336,0.473717234982453,1.9758058645225076,0.43415407942171447,1.607812428834365,1.3902139967756117,0.35082320772281167,0.13793103448275862,1,C:\Users\JHASHANK\Desktop\Maj_Proj\DFDC_Dataset\Fake\bucyxkdorm.mp4,DFDC_Dataset/Fake
70.3125,2.588672010135326,146.85593847940459,0.8254774811168937,0.7468779659208764,0.6958042267484508,0.6231380555779028,0.0707114479860597,28.125,4.660584421590685,224.35830094191266,1.3275883164872104,16.666666666666668,14.88543063486166,0.6414282472453209,33.333333333333336,0.4644613830340027,1.7224333221740096,3.2202322480203547,1.6748031845023217,1.3475595287567355,0.3469037916836329,0.10884353741496598,1,C:\Users\JHASHANK\Desktop\Maj_Proj\DFDC_Dataset\Fake\buhvwnaupu.mp4,DFDC_Dataset/Fake
91.40625,-2.868727254112306,91.41274623635368,0.9193994451260473,0.833367697106867,0.6094484655600813,0.7732004640861669,0.33687351809573113,77.34375,2.734468984319199,192.5489742581038,1.178051765319389,0.0,16.32817997590438,0.7796565691860449,0.0,0.6658865954689249,1.9303789075660354,-0.5973682048961808,1.264688214226337,0.979366863624336,0.2616498141549672,0.11564625850340136,1,C:\Users\JHASHANK\Desktop\Maj_Proj\DFDC_Dataset\Fake\bujwlvyzkr.mp4,DFDC_Dataset/Fake
84.375,0.8659451619667737,129.78614889287854,0.8900015014024371,0.7743040364911232,0.639025084050115,0.5606806947235126,0.2589359450567668,126.5625,3.0349360211592638,175.05064741718547,2.6783863706885507,33.333333333333336,10.708660153005685,0.8552999746371981,0.0,0.621855168175846,1.8958162182063596,-0.10065177047247609,1.428452025006033,1.0386775033583124,0.34852833457267135,0.12244897959183673,1,C:\Users\JHASHANK\Desktop\Maj_Proj\DFDC_Dataset\Fake\buqdzgvzwx.mp4,DFDC_Dataset/Fake
56.25,2.6043370456941926,192.73499009270648,0.7962961377715922,0.7218809043186201,0.6841440786188778,0.7139824918328516,0.2961858210117027,0.0,4.8085129082861755,246.21232598251814,0.7473341948199854,16.666666666666668,21.725083958248455,0.8707194982256987,0.0,0.3468488179169903,1.493696992752465,0.49836714686432293,1.759279858733919,1.6129899315225629,0.38834662182858776,0.06802721088435375,1,C:\Users\JHASHANK\Desktop\Maj_Proj\DFDC_Dataset\Fake\buqjtkguuj.mp4,DFDC_Dataset/Fake
84.375,2.6562635868522637,160.2407043585784,0.7958944737669014,0.7414382357874195,0.7039440022931539,0.6930572612864803,0.7558370631154238,35.15625,4.667389889228353,325.80524987776676,5.155649812539418,16.666666666666668,11.499327557619917,1.23844526943511,0.0,0.36978618970651345,1.558582612991964,0.5717948232288168,0.8475086082880529,1.2825233680144257,0.2848723633041394,0.09523809523809523,1,C:\Users\JHASHANK\Desktop\Maj_Proj\DFDC_Dataset\Fake\buwlbeygpx.mp4,DFDC_Dataset/Fake
84.375,3.072053854223211,200.00000000000003,0.7750032378994703,0.7481664484539029,0.7567050669130837,0.40280880753464376,0.07638106360318081,14.0625,6.49322445915207,226.6474488612157,-17.214697993367242,66.66666666666667,19.929484679350086,0.7612652868679288,133.33333333333334,0.38791687528721563,1.5321749479271392,0.49553991328941027,1.8556203406721403,1.863320943807512,0.43502662567550715,0.11564625850340136,1,C:\Users\JHASHANK\Desktop\Maj_Proj\DFDC_Dataset\Fake\buxipbfbir.mp4,DFDC_Dataset/Fake
175.78125,-4.651561293376918,85.06465968253455,0.8970725756281568,0.7899195382879153,0.6150419076690843,0.7256138038099246,0.2912961864915749,28.125,2.95170775575157,178.18059359143706,3.0312469347019015,0.0,10.456147539321174,1.1085354631155793,0.0,0.5805166587441161,2.16833706296374,-0.28952912839290246,1.60362772615111,0.9214371904595045,0.20948759474057022,0.1292517006802721,1,C:\Users\JHASHANK\Desktop\Maj_Proj\DFDC_Dataset\Fake\buzdtxdyid.mp4,DFDC_Dataset/Fake
70.3125,0.40037436541685356,151.53535218873174,0.7697281677816439,0.7981246051336681,0.6980359127893218,0.7180195964265537,0.47960849332834476,35.15625,4.3237068270864345,191.11102295411672,1.673735404484552,33.333333333333336,25.282284668189256,0.750004712090961,66.66666666666667,0.32106683074766235,1.6126716932220617,-0.4281593838229023,1.2855318414342967,1.183551124532875,0.3326385779752647,0.12244897959183673,1,C:\Users\JHASHANK\Desktop\Maj_Proj\DFDC_Dataset\Fake\buzkrvzzlp.mp4,DFDC_Dataset/Fake
56.25,4.13753060026084,96.83892697555969,0.8360249872747616,0.7988024851783265,0.666123271754939,0.4173696326537828,-0.13007066703507547,7.03125,4.202859335947514,246.0854355282578,2.3433490893417037,66.66666666666667,20.43309449100711,0.7326201855076062,100.0,0.42928234054936343,1.5779093824312294,0.01645364031580865,1.6210834276962391,1.4920675721326013,0.26497759679257293,0.12244897959183673,1,C:\Users\JHASHANK\Desktop\Maj_Proj\DFDC_Dataset\Fake\bvaffyvyjy.mp4,DFDC_Dataset/Fake
196.875,-3.95685904638686,83.7028842962187,0.9150204976559241,0.7766763270119927,0.6202650799192095,0.5388174701601647,0.25924176831147483,7.03125,2.803738164551751,145.06233003720394,2.5926560772284373,16.666666666666668,15.630462946356118,0.6209110063987382,33.333333333333336,0.6445479188114955,2.5526776554471144,0.08851177857668358,1.4917769488206696,1.0012779191985335,0.23179260266645177,0.16326530612244897,1,C:\Users\JHASHANK\Desktop\Maj_Proj\DFDC_Dataset\Fake\bvaujcjgih.mp4,DFDC_Dataset/Fake
91.40625,2.638194047152012,127.41694570684021,0.7614300536434573,0.8297491448392375,0.7472096208606923,0.6519882965091219,0.30126690045585924,7.03125,6.28464939513221,177.06066391626814,7.336581721918704,0.0,23.6351895119681,0.7977916548418212,0.0,0.3640708588183531,1.6726300360701467,-0.6958258682235607,1.4547019836119701,1.0868610458415038,0.3069167305347247,0.1292517006802721,1,C:\Users\JHASHANK\Desktop\Maj_Proj\DFDC_Dataset\Fake\bvekwhumry.mp4,DFDC_Dataset/Fake
175.78125,-5.251763154321594,112.49142628509215,0.8968485764319998,0.8342076182315973,0.6041874608771487,0.6900556903380306,0.4364485453387096,49.21875,2.4092413479943184,168.94847107911346,-0.5434567064383659,0.0,17.624774144611102,0.9103196026753251,0.0,0.5582980066952543,2.038700791140856,-0.8704186095518174,1.459316613082429,0.9388398529615535,0.2977714225193616,0.12244897959183673,1,C:\Users\JHASHANK\Desktop\Maj_Proj\DFDC_Dataset\Fake\bvfhvgdlnl.mp4,DFDC_Dataset/Fake
49.21875,-2.6876903120233484,83.3127546607555,0.8425265254488039,0.751475835285051,0.6363909988260428,0.4362302221968286,0.1488300086125176,91.40625,3.2358595547232034,163.50665027811596,1.978443694423344,0.0,14.384578096518572,0.8779298319887899,0.0,0.4276904154636194,1.9660947502843984,0.1298244889740503,1.767752232738932,0.8676952322751788,0.26674335956114936,0.11564625850340136,1,C:\Users\JHASHANK\Desktop\Maj_Proj\DFDC_Dataset\Fake\bvienyqobe.mp4,DFDC_Dataset/Fake
91.40625,5.907369281026812,139.52562949359196,0.7713465201422757,0.7581219346812792,0.7466039095695243,0.637007471824421,-0.09716730392090515,0.0,6.0290992517850315,221.4496787862053,1.890019310802842,0.0,25.284419083140683,1.0284251622311946,0.0,0.3838833702295631,1.7499803047907458,0.46592411968102354,1.8817163546100204,1.1788564575464007,0.3568120160740313,0.12244897959183673,1,C:\Users\JHASHANK\Desktop\Maj_Proj\DFDC_Dataset\Fake\bvjjrsdevv.mp4,DFDC_Dataset/Fake
119.53125,-1.6417944588723146,162.06994374857624,0.8732033132151734,0.7190894531814768,0.640079211336083,0.6235957044514523,0.2737508947005797,49.21875,3.378948552168453,173.8275348829326,1.8175712736553342,33.333333333333336,9.786518722851062,0.9122509963908307,66.66666666666667,0.5340055615776446,1.883081694743698,1.4100758290509727,1.4107148068552977,1.2844560508768688,0.36284315764606623,0.10884353741496598,1,C:\Users\JHASHANK\Desktop\Maj_Proj\DFDC_Dataset\Fake\bvmplbmqde.mp4,DFDC_Dataset/Fake
154.6875,-4.134903735697126,81.42441722754185,0.8729863746768695,0.7763395792051784,0.6312888425410265,0.6215263130032139,0.22992280258362344,56.25,3.526051382129526,161.54820702229836,4.307781972499549,16.666666666666668,20.585092843811953,0.725695171772697,33.333333333333336,0.5703120914967478,1.9624336047218232,0.22993663433248201,1.3177684243308683,1.1171307121566503,0.23339691733197643,0.14965986394557823,1,C:\Users\JHASHANK\Desktop\Maj_Proj\DFDC_Dataset\Fake\bvrxamwgcl.mp4,DFDC_Dataset/Fake
77.34375,4.122768399321973,133.95173397151726,0.7806533561669949,0.7460313254023689,0.7256379415339176,0.3840712968045925,-0.34854397332606285,28.125,5.106756898798752,189.02761345162784,3.1747273183191274,83.33333333333333,20.00518014806742,0.7054495135039551,166.66666666666666,0.25460097351470345,1.7194382952291491,0.20788400431992837,2.0408968223868156,1.8080715172061055,0.35938270089919266,0.1292517006802721,1,C:\Users\JHASHANK\Desktop\Maj_Proj\DFDC_Dataset\Fake\bvugfvbvno.mp4,DFDC_Dataset/Fake
56.25,0.8771512362054155,82.16777476527245,0.8697339350459958,0.7897101450270437,0.667163376464508,0.41310885230436545,-0.2171568022484055,28.125,3.8568083820134578,186.90377549821773,1.4939554769330514,100.0,18.135645898949857,0.9646464469274381,200.0,0.5194553990663009,1.6761199336381396,0.047686068293979034,1.398101865434532,1.3122364772798714,0.2258045718740312,0.11564625850340136,1,C:\Users\JHASHANK\Desktop\Maj_Proj\DFDC_Dataset\Fake\bvyfekcshf.mp4,DFDC_Dataset/Fake
84.375,2.273191630246929,94.76664103704175,0.8029832142231856,0.7950885277413248,0.7286808454576853,0.701277179059645,0.19604630287125308,63.28125,5.199591544541819,187.56617227946896,1.9082996198745248,16.666666666666668,24.356467947407392,0.6638628511756441,33.333333333333336,0.42627625773950417,1.8291020572086958,0.22821851336629928,1.6345365684964008,1.0380538191551647,0.2644679360999226,0.14965986394557823,1,C:\Users\JHASHANK\Desktop\Maj_Proj\DFDC_Dataset\Fake\bwaesrrdhr.mp4,DFDC_Dataset/Fake
126.5625,-1.9392254017344044,127.58439472669757,0.8162118629528763,0.817703773062303,0.6746701418493294,0.7308206674149835,0.3378885851570782,28.125,5.158822705654189,169.26467497795267,1.6508320316047125,16.666666666666668,15.97324677100395,0.7297221903124786,33.333333333333336,0.42861515390635246,2.0521010280561214,-0.43192819770496405,1.2842505203512815,1.1501646795807194,0.3314339826398084,0.11564625850340136,1,C:\Users\JHASHANK\Desktop\Maj_Proj\DFDC_Dataset\Fake\bwavhbqlew.mp4,DFDC_Dataset/Fake
91.40625,-1.3445476044149287,107.73568990685563,0.8937277099224038,0.6808447928698304,0.6301319708956108,0.6758627634004231,0.18050249983989566,35.15625,3.3825644633649423,173.94841419145615,0.10216745665268356,16.666666666666668,23.600583996285156,1.6478537881124238,0.0,0.4655360465982259,1.855394217613538,3.333236353503697,1.5592615185986183,1.305389665627448,0.29137254363387344,0.10884353741496598,1,C:\Users\JHASHANK\Desktop\Maj_Proj\DFDC_Dataset\Fake\bwbnjvsbcd.mp4,DFDC_Dataset/Fake
84.375,-1.3713310824353189,123.07692307692307,0.8844200736651335,0.7380773551237894,0.6279373757228133,0.5142972452575284,-0.22997691319835306,35.15625,2.9821447850881055,142.91011165312804,0.09178240703381708,16.666666666666668,12.10816197761494,0.9158810509770857,0.0,0.6130077433577368,1.9940973629338568,1.1594108596434705,1.945894483114954,1.1156853976447585,0.35036496350364965,0.12244897959183673,1,C:\Users\JHASHANK\Desktop\Maj_Proj\DFDC_Dataset\Fake\bwcajtxluy.mp4,DFDC_Dataset/Fake
77.34375,2.1538432401888143,153.96007178390022,0.820977595499532,0.7902755670641002,0.6861445347780687,0.6878876088691421,0.16093497284987598,35.15625,4.407744842717369,186.31466510605912,9.900268686467989,16.666666666666668,18.61841320415723,0.6258761930904401,33.333333333333336,0.4122164760413779,1.7665069244858254,-0.33722261713550505,1.5877263958475398,1.5059776796163726,0.30792014356780045,0.12244897959183673,1,C:\Users\JHASHANK\Desktop\Maj_Proj\DFDC_Dataset\Fake\bwdmzwhdnw.mp4,DFDC_Dataset/Fake
161.71875,-5.045527523591208,117.90955429299225,0.922862304317065,0.8191691254671876,0.6044735931292138,0.768558226357634,0.459391512250913,42.1875,2.5520732502108654,176.79045426164447,1.65687379387672,0.0,13.867321338593275,0.56842402293216,0.0,0.5879205039647702,2.22333575102753,-0.7716812680955512,1.223726697182801,1.074176556754014,0.2993088685899033,0.14285714285714285,1,C:\Users\JHASHANK\Desktop\Maj_Proj\DFDC_Dataset\Fake\bwkddsdoqj.mp4,DFDC_Dataset/Fake
63.28125,1.5411572875748327,241.1329244130638,0.8659784561271725,0.8212214598538747,0.6716887007882071,0.6011827521281666,-0.040480972714919614,14.0625,3.766463091590315,163.28705472851516,-14.802127095552194,33.333333333333336,11.825232261068678,1.0433234564922234,33.333333333333336,0.530973721048974,1.6634301839992074,-0.5645168241209135,1.7975366679696947,1.45534481315859,0.5643536528816386,0.08843537414965986,1,C:\Users\JHASHANK\Desktop\Maj_Proj\DFDC_Dataset\Fake\bwmhmjdpbh.mp4,DFDC_Dataset/Fake
105.46875,-0.7505819607924945,77.5293652052937,0.8438229668092537,0.8265667633787098,0.6519516784175157,0.6945928288109346,0.2412466351279065,49.21875,3.749574051732151,182.3151073966033,1.6088388796701478,0.0,25.53493851874141,0.9636923277532538,0.0,0.41967992791277253,2.3021605013720694,-0.794663537987323,1.4076680883978978,1.1219728446266033,0.20985392085643403,0.1564625850340136,1,C:\Users\JHASHANK\Desktop\Maj_Proj\DFDC_Dataset\Fake\bwmnobzril.mp4,DFDC_Dataset/Fake
70.3125,1.3378616150875733,122.56895262727893,0.8558852116744479,0.8149191133050446,0.6451250038082178,0.6090918371108758,0.08038640922983456,126.5625,3.9158839727822876,169.07240194347537,0.3652500355034399,0.0,10.216246518252262,0.8379915127661256,0.0,0.506162555313232,1.7475146213241486,-0.4904516667301224,1.6486761054166335,1.1877051820620503,0.3268505403394105,0.1292517006802721,1,C:\Users\JHASHANK\Desktop\Maj_Proj\DFDC_Dataset\Fake\bwquverbcd.mp4,DFDC_Dataset/Fake
63.28125,4.489768426603097,127.4073737618388,0.7541301087764135,0.8052937386531666,0.7218876511517258,0.5983663179012655,-0.16002435279668728,98.4375,5.009057867483861,158.4069473980793,5.367866802269569,16.666666666666668,12.19304687990784,0.8364508652083168,33.333333333333336,0.36289545287563996,1.3114393631699153,-0.24609297135436892,2.010252069892583,1.3696579413519547,0.3312884937870654,0.1292517006802721,1,C:\Users\JHASHANK\Desktop\Maj_Proj\DFDC_Dataset\Fake\bwressutay.mp4,DFDC_Dataset/Fake
98.4375,1.9222757248224565,136.35890143294645,0.7529144574178466,0.819285910926563,0.7345787538695416,0.5674907461305413,-0.007676967323717898,0.0,6.599693243647507,246.87785797678524,0.4717821995247734,33.333333333333336,19.864265154524375,0.6132824134103902,66.66666666666667,0.3004233784588247,1.7954713423842905,0.1059452353745236,1.4236528524147094,1.0746475237343505,0.26180909075125713,0.12244897959183673,1,C:\Users\JHASHANK\Desktop\Maj_Proj\DFDC_Dataset\Fake\bwrlcrrlec.mp4,DFDC_Dataset/Fake
70.3125,3.871668461539985,157.90292376436017,0.8490835756349759,0.8270160030891976,0.6499507202139795,0.4440865846158686,-0.04752640155248141,56.25,3.5335755516790637,210.55395835847372,2.2987798061415052,33.333333333333336,17.00637938827077,0.38520980266154087,66.66666666666667,0.48221704413793476,1.8089990241814622,-0.1190864056635399,1.8694206746774573,1.6895189532974824,0.37595934229609557,0.12244897959183673,1,C:\Users\JHASHANK\Desktop\Maj_Proj\DFDC_Dataset\Fake\bwspwiymvk.mp4,DFDC_Dataset/Fake
49.21875,-0.13366445227015583,170.78251276599335,0.8361865687314491,0.7473262124221315,0.6673942140648441,0.6445274122656935,-0.031668703440105014,35.15625,3.7839800939720445,146.91211258646746,0.5807395314550221,0.0,11.826482135295857,1.3778675068660413,0.0,0.5227614330588323,1.7562510048022808,0.9577118502307496,1.943824763359654,1.376436260527552,0.4590684062891853,0.11564625850340136,1,C:\Users\JHASHANK\Desktop\Maj_Proj\DFDC_Dataset\Fake\bwvxqmolob.mp4,DFDC_Dataset/Fake
77.34375,-0.545292548428993,117.51951169494129,0.8609890070568862,0.7604312160625794,0.6749500450176736,0.5393600863658478,-0.01882068899532033,14.0625,4.196700444314933,200.5472467213371,3.3037582878299743,0.0,22.264540056727895,0.8058424659165393,0.0,0.5491516386617574,1.830564137188548,0.882686259371098,1.7354649242980984,1.4749375037114716,0.2810249192705118,0.16326530612244897,1,C:\Users\JHASHANK\Desktop\Maj_Proj\DFDC_Dataset\Fake\bwwnvrhzti.mp4,DFDC_Dataset/Fake
70.3125,-0.6807072491087307,118.133634311129,0.8983583775081816,0.789181161035037,0.6310932090764684,0.7751287771622491,0.41017714687697837,28.125,3.1122683932545456,178.8755036401654,4.876931147970168,0.0,14.223670523019134,1.0583392173282666,0.0,0.5073254130146706,1.9990572123530261,0.6139247446889255,1.3496009034578005,1.0541278132925638,0.3360768638305884,0.10884353741496598,1,C:\Users\JHASHANK\Desktop\Maj_Proj\DFDC_Dataset\Fake\bwxsttjaxr.mp4,DFDC_Dataset/Fake
98.4375,0.051877241752878965,126.88577540449518,0.8037300157985521,0.7415162534353873,0.6942180960919255,0.5471909310201212,-0.228262672613548,49.21875,5.304509848746715,178.40359726601883,1.0415377149856428,0.0,18.016738055396807,0.9480689774693193,0.0,0.3873861347357016,1.630507501904155,2.5699708975127207,2.115691939694685,1.3533351733220158,0.32403036083133385,0.12244897959183673,1,C:\Users\JHASHANK\Desktop\Maj_Proj\DFDC_Dataset\Fake\bwyxdrzifm.mp4,DFDC_Dataset/Fake
42.1875,0.3677080582106584,151.27253302240828,0.8683230366396172,0.6819314506050975,0.6360236121108457,0.567126695459689,0.03678885131636901,7.03125,4.0107634675820325,158.61669201706985,1.7715456118789072,16.666666666666668,9.103743598720204,1.4833798748147353,33.333333333333336,0.6336198296248277,1.6731694717798942,5.072330657658492,1.924665535667593,1.5491728761097077,0.35913622947766005,0.12244897959183673,1,C:\Users\JHASHANK\Desktop\Maj_Proj\DFDC_Dataset\Fake\bwzpknlhhm.mp4,DFDC_Dataset/Fake
70.3125,4.308695334647067,147.9113848822253,0.7935182541071498,0.6914368872115125,0.7032310950825608,0.7857127444401582,0.5090141633848748,84.375,4.303610359944694,129.17024309217427,6.360740622841057,0.0,24.812722012323924,1.2074642715412045,0.0,0.319022416019034,1.4931812963633542,0.9381673610797221,1.5709140662799257,1.3496358205614654,0.4009006762937829,0.14965986394557823,1,C:\Users\JHASHANK\Desktop\Maj_Proj\DFDC_Dataset\Fake\bxdhnnffvw.mp4,DFDC_Dataset/Fake
63.28125,2.1544643103788825,181.38165716399098,0.8134644496206959,0.8052808475332485,0.7245687400359692,0.518807131147628,-0.10077529670733734,0.0,5.563040683821613,188.18887298124855,1.235437113342222,0.0,21.29941294948128,0.6515831436305514,0.0,0.44518162120671456,1.6842938384587407,-0.143971581697794,1.8866351231914722,1.7551192500298247,0.39219950279017646,0.11564625850340136,1,C:\Users\JHASHANK\Desktop\Maj_Proj\DFDC_Dataset\Fake\bxejcionpa.mp4,DFDC_Dataset/Fake
63.28125,3.276973278822239,87.85559845647083,0.8564913890912897,0.7585056094584257,0.6959544276165062,0.798209732111703,0.6861936416962459,63.28125,4.425755999651941,134.33628491702444,2.0108795712917042,0.0,22.515898758140928,1.238426650724555,0.0,0.4988571235493291,1.673651244960121,0.6169850118083051,1.2881103533719906,1.1315769930195927,0.2672612419124243,0.17006802721088435,1,C:\Users\JHASHANK\Desktop\Maj_Proj\DFDC_Dataset\Fake\bxfxykencc.mp4,DFDC_Dataset/Fake
63.28125,3.150194404994213,205.31141657924863,0.7694328511805681,0.8038316586656126,0.7732564623777003,0.5828103992550782,0.19877029410456493,7.03125,7.243748143543542,313.91835872987934,1.9188138300378323,33.333333333333336,18.974913628889116,0.6502012473833274,33.333333333333336,0.4497404191266249,1.559431114915851,0.041916975009799184,1.7555247390032684,1.1414274185927253,0.39106936491285454,0.10204081632653061,1,C:\Users\JHASHANK\Desktop\Maj_Proj\DFDC_Dataset\Fake\bxhitlorpq.mp4,DFDC_Dataset/Fake
56.25,-3.2185491580085968,73.85964333504629,0.8932442219181085,0.8097280685525772,0.6099629869935626,0.6747689206562657,0.10280967715201644,0.0,2.919172539535225,179.9094860700293,-1.2762015745998012,0.0,18.07293242344118,0.9310461763878621,0.0,0.5627452635671644,2.037244116649701,-0.42963612444711297,1.5848374614909484,0.9137882194824017,0.1999208391023809,0.10884353741496598,1,C:\Users\JHASHANK\Desktop\Maj_Proj\DFDC_Dataset\Fake\bxnheaevzx.mp4,DFDC_Dataset/Fake
63.28125,1.9861810318726394,201.76994600562074,0.8009670384983893,0.8144591782136666,0.6794821806143365,0.6571353465201295,0.12156945640191176,28.125,4.1368448185281705,222.549352743611,1.1361457090088907,0.0,13.928745304241701,0.8537623908060905,0.0,0.2428795468315506,1.5317149522559923,-0.030453712502375385,1.6089394585137864,1.1186982981531044,0.4450807632476928,0.10204081632653061,1,C:\Users\JHASHANK\Desktop\Maj_Proj\DFDC_Dataset\Fake\bxnnbryvwj.mp4,DFDC_Dataset/Fake
77.34375,0.6298615802161667,93.12808119022337,0.8038861153479057,0.6748536208655038,0.5694044377990144,0.4840950147899885,0.2626405688545799,42.1875,3.76851879026029,230.9018209746109,3.6843242764576005,50.0,12.694217075384275,0.8142633748288044,100.0,0.2996918744192365,1.5588477498586228,2.6081015521654605,1.6314908859670307,1.5591072817924319,0.6868019681057174,0.08843537414965986,1,C:\Users\JHASHANK\Desktop\Maj_Proj\DFDC_Dataset\Fake\bxnsimvjlv.mp4,DFDC_Dataset/Fake
70.3125,0.9888183278865963,148.92205269125782,0.8779183983833606,0.8001786043474003,0.6338403827019774,0.6981297262199875,0.3129847503335948,91.40625,2.915995431257896,183.93128397180286,2.6671649717515753,16.666666666666668,15.557972767495997,0.8566365376805934,33.333333333333336,0.5486482218875162,1.9037843199186417,-0.24537776848637183,1.3856126546505458,1.1095473809489098,0.3237435928070822,0.12244897959183673,1,C:\Users\JHASHANK\Desktop\Maj_Proj\DFDC_Dataset\Fake\bxqtrqyoqz.mp4,DFDC_Dataset/Fake
63.28125,3.5044346753901108,116.18357280412614,0.8413713471460605,0.7240009202887386,0.669122305847672,0.7143381998631136,0.27238925785491913,112.5,4.254015607008537,168.07853790915448,2.451727928671238,0.0,10.143401974845546,0.9614257143079056,0.0,0.4882268665138001,1.846331608434488,0.9931092022801575,1.5132796885976068,1.0599257657010945,0.30906040524114786,0.1360544217687075,1,C:\Users\JHASHANK\Desktop\Maj_Proj\DFDC_Dataset\Fake\bxrlaehmdg.mp4,DFDC_Dataset/Fake
70.3125,-0.5473044978134705,92.1284663987611,0.9020113442947227,0.6865413276612446,0.5952775136814659,0.5500228563902005,-0.05761779338940232,35.15625,2.6624646593046375,221.3586924723408,1.784223171166302,16.666666666666668,10.475034566079149,0.9857894514181875,33.333333333333336,0.6622168202045444,2.1401907520199503,2.963830030265439,1.9880082815934377,1.6044571536494845,0.24750931271308954,0.1292517006802721,1,C:\Users\JHASHANK\Desktop\Maj_Proj\DFDC_Dataset\Fake\bxtaeanoyr.mp4,DFDC_Dataset/Fake
161.71875,-2.71447099252435,101.15993936995679,0.8543539142455088,0.7832009551627421,0.6509170994529412,0.5885887989281683,0.10308511210647116,35.15625,3.3224455748088277,203.8378482783519,0.9897392812883272,16.666666666666668,12.666406914985338,0.5981854787197931,33.333333333333336,0.4878139488615324,2.040853412646824,0.644386950302914,1.4822411392115509,1.3892490474423809,0.23896048670068534,0.14285714285714285,1,C:\Users\JHASHANK\Desktop\Maj_Proj\DFDC_Dataset\Fake\bxtlknuwkz.mp4,DFDC_Dataset/Fake
49.21875,-1.5448761165022624,87.40730364761185,0.9179796158274378,0.5288386928076232,0.5995372145211906,0.4466067388839029,-0.2750717647577254,28.125,3.2365554692142386,167.03892370025955,0.563410891011755,100.0,16.549751200015816,1.9860159560743054,200.0,0.6279189931876686,1.9316364824028252,12.268525030277807,2.1610712842464634,1.6310372340050672,0.2551249838734923,0.10884353741496598,1,C:\Users\JHASHANK\Desktop\Maj_Proj\DFDC_Dataset\Fake\bybkpqmroe.mp4,DFDC_Dataset/Fake
105.46875,0.9400880634979304,146.56562175858798,0.8333254909117778,0.7099734224350508,0.6882418962683157,0.7870348639024829,0.44379155611430315,21.09375,5.549528006422639,195.95208884982375,24.43595024642372,0.0,17.47577567234999,0.7721780042161809,0.0,0.44923931537447526,1.9939256726935155,2.510461591131345,1.3629529869767578,1.2063804921995698,0.3899994991983964,0.14965986394557823,1,C:\Users\JHASHANK\Desktop\Maj_Proj\DFDC_Dataset\Fake\bycktzkuax.mp4,DFDC_Dataset/Fake
70.3125,0.4177297879140917,89.27830219791659,0.9319447799934866,0.8253333072270437,0.6027443507498604,0.6747599284373358,0.2269150383166322,84.375,2.375651339121117,131.7240705099124,0.6090575868137975,0.0,12.888052111533364,1.0939104914111748,0.0,0.7024816824985706,1.9695921010978685,-0.687829425981648,1.416656311922077,1.2389867196776871,0.2607003367565928,0.14285714285714285,1,C:\Users\JHASHANK\Desktop\Maj_Proj\DFDC_Dataset\Fake\bydtnhfnyp.mp4,DFDC_Dataset/Fake
161.71875,-3.5572241224083543,122.34320750415968,0.8903186101691577,0.7711514956826658,0.6411449951859451,0.4742927430033409,-0.341475482954497,63.28125,3.4744601374246122,137.51579838254412,1.879196766099,0.0,22.706879430583445,0.7655040477342081,0.0,0.6543420695755306,2.6193385861601874,0.07897658851343703,2.2898675634234507,1.8236738597566005,0.3496329878786904,0.17687074829931973,1,C:\Users\JHASHANK\Desktop\Maj_Proj\DFDC_Dataset\Fake\bykuvjnkuf.mp4,DFDC_Dataset/Fake
147.65625,-5.566222211391941,95.15344526125808,0.9014944503660773,0.7122652221269229,0.5964093588655257,0.8303989463292432,0.794322082891463,112.5,2.146709570192454,196.52272323248155,-280.72449470677515,0.0,14.885818865874265,1.2378158528126824,0.0,0.5766767861525421,1.7793382613837216,3.335126669451438,0.9266138734036671,1.0796240373082817,0.24154336104780896,0.1360544217687075,1,C:\Users\JHASHANK\Desktop\Maj_Proj\DFDC_Dataset\Fake\byloqytsws.mp4,DFDC_Dataset/Fake
154.6875,-3.6480534422154847,102.9411378876547,0.8660920228066084,0.833674497679769,0.6319102645137358,0.7653916127696585,0.3665654191611442,35.15625,3.2247977175211227,182.38148113622708,1.7460499629571624,0.0,19.784066163923953,0.5336263585977613,0.0,0.48612171793572634,2.3971755634768397,-0.6929000600254862,1.3284250791278032,1.0497276818146752,0.29447162656159037,0.16326530612244897,1,C:\Users\JHASHANK\Desktop\Maj_Proj\DFDC_Dataset\Fake\bynghiuoeh.mp4,DFDC_Dataset/Fake
63.28125,4.530915665670054,211.7634293262177,0.8016214404362173,0.7353005357417595,0.6722721631085353,0.8280206334271574,0.6486582998550535,63.28125,4.4648425625637245,239.33683246835145,2.9461775147897376,0.0,6.835318898482701,0.5816301602876518,0.0,0.3755662193134541,1.4867555478462402,1.2657878420646913,0.9382304095541364,0.8864988803742734,0.4629100498862757,0.11564625850340136,1,C:\Users\JHASHANK\Desktop\Maj_Proj\DFDC_Dataset\Fake\byofjwgexm.mp4,DFDC_Dataset/Fake
63.28125,5.54196938559782,219.05732380158193,0.778259846727015,0.758136249116794,0.7447071278199346,0.45414454659080195,-0.11596265370698557,14.0625,5.855711041888923,185.24938246820093,-0.4040535948710886,16.666666666666668,14.703927091430863,0.9705926718912359,33.333333333333336,0.3397121328633157,1.4302469558975985,0.32650365190903097,1.8081635377956382,1.4424768305564188,0.3923414754655199,0.08163265306122448,1,C:\Users\JHASHANK\Desktop\Maj_Proj\DFDC_Dataset\Fake\byrflccwdf.mp4,DFDC_Dataset/Fake
112.5,-1.4273411621267529,147.61059883656353,0.8570789279642101,0.7866672656976743,0.6810865056598099,0.6611515840174556,0.3317228197788943,35.15625,4.472334001875163,178.7709433389324,0.5766209501842525,0.0,12.65707422717,0.8712522354588274,0.0,0.5183125559866454,1.9436133412288514,-0.052953580103010545,1.5677109425745286,1.1903772364819152,0.38864989386724147,0.14285714285714285,1,C:\Users\JHASHANK\Desktop\Maj_Proj\DFDC_Dataset\Fake\byridjpwox.mp4,DFDC_Dataset/Fake
70.3125,4.700218223615722,107.08764662815527,0.7980526862055806,0.8056830758308677,0.7040590922843319,0.7553239153383572,0.43559146061038695,126.5625,4.30806624331216,190.3960642369738,0.3641744151500428,0.0,8.37028535902029,0.5754224667983555,0.0,0.27110590497347464,1.5485385438422583,-0.12480986536675154,1.3644705867419402,1.2811593004226154,0.29411589843503416,0.11564625850340136,1,C:\Users\JHASHANK\Desktop\Maj_Proj\DFDC_Dataset\Fake\byrzacjmjl.mp4,DFDC_Dataset/Fake
119.53125,-0.7849067797862928,124.27937366309015,0.8810213316432427,0.7926665308338259,0.6831974781000777,0.48355195292912184,-0.016989208421500302,0.0,4.318536264924111,180.95694397429202,2.209114660553491,33.333333333333336,26.399073032673193,0.47361194853876615,66.66666666666667,0.5789338194476213,2.0927340237944483,0.9056872722834708,1.8157422445435032,1.3643637090276584,0.3130701779299218,0.1564625850340136,1,C:\Users\JHASHANK\Desktop\Maj_Proj\DFDC_Dataset\Fake\bysnjpwrxs.mp4,DFDC_Dataset/Fake
63.28125,0.4032355257291484,74.53559924999298,0.8796834476652711,0.7323785315451405,0.6722094044651064,0.402277250141962,-0.4212850491387126,0.0,3.899756880166906,168.08492039275885,0.6199436724336782,116.66666666666667,22.62532292298694,0.7827881074339317,200.0,0.5690834286933589,1.9015413583313185,1.265958025119465,1.647325979415414,1.4451939406492023,0.22360679774997894,0.06666666666666667,1,C:\Users\JHASHANK\Desktop\Maj_Proj\DFDC_Dataset\Fake\bysromjvhc.mp4,DFDC_Dataset/Fake
63.28125,5.839975560186731,154.05401289446792,0.7410384776544554,0.7736476453253347,0.7657910270597234,0.5222996577301985,0.010322287377079563,98.4375,5.839937146509645,210.74300942194574,1.7450264922171292,50.0,19.833797590127624,0.8196995323298433,100.0,0.30066394267133145,1.4511494582161713,-0.24473283239702637,1.7310061843977043,1.5569177733410218,0.33308975760966036,0.11564625850340136,1,C:\Users\JHASHANK\Desktop\Maj_Proj\DFDC_Dataset\Fake\bytfrsxnwi.mp4,DFDC_Dataset/Fake
112.5,-3.5529740400670957,106.3162969956098,0.8706949713757789,0.7433679130607785,0.618768842347165,0.2850172445308622,-0.435108177096319,49.21875,3.785690425546537,223.79193924816292,1.6367823470844065,100.0,8.133242313565031,0.642553567914769,200.0,0.465738086448303,1.7892179669796033,1.8590476736848958,2.366825264423671,2.364607430793282,0.28582943892069995,0.11564625850340136,1,C:\Users\JHASHANK\Desktop\Maj_Proj\DFDC_Dataset\Fake\byuyjtloht.mp4,DFDC_Dataset/Fake
56.25,4.946266422369251,238.66598259317465,0.7651670753727383,0.8002183538135113,0.7488364590008117,0.43847133754765444,-0.3010007113949688,91.40625,6.158124610925031,338.5135704688904,3.096463864385929,100.0,15.35370261167106,0.595612600519841,200.0,0.31935157171924133,1.3916104293856792,-0.33517790399731284,2.0143857407097263,1.7809555455883195,0.47672214129406665,0.09523809523809523,1,C:\Users\JHASHANK\Desktop\Maj_Proj\DFDC_Dataset\Fake\byyyvzsaet.mp4,DFDC_Dataset/Fake
63.28125,2.920634901989962,99.10712498212337,0.8779248734695646,0.7433210794291945,0.6771170994410021,0.7056224709000866,0.4177426178681206,112.5,4.008154555983622,178.8864877272666,2.050680839896611,0.0,19.71302487466494,0.6544632244134199,0.0,0.5887177551192018,1.6284241140887468,0.6637580137200261,1.6472676889633753,1.091083636294653,0.2797504151883781,0.1360544217687075,1,C:\Users\JHASHANK\Desktop\Maj_Proj\DFDC_Dataset\Fake\byzkrasazx.mp4,DFDC_Dataset/Fake
147.65625,-0.856297481036812,224.59840703897356,0.8402267041502371,0.7081052688273038,0.6620440807629682,0.5663040094573989,0.026669269856315396,105.46875,3.2996175904034577,197.19055675941632,1.8231681546381213,16.666666666666668,17.85772862911204,0.7806039985177632,33.333333333333336,0.36328957011260266,2.087702634952972,0.7270065725849584,1.5658195330025955,1.3456869530107367,0.4812823007978005,0.1360544217687075,1,C:\Users\JHASHANK\Desktop\Maj_Proj\DFDC_Dataset\Fake\bzaukiurar.mp4,DFDC_Dataset/Fake
105.46875,0.06162161957564715,124.57457449148158,0.8759897640598651,0.8205285736737417,0.6278735607004656,0.29319519100935365,-0.09763942813509685,42.1875,3.7300601412302767,164.43776055988715,2.0501476272095633,16.666666666666668,20.51753494170527,0.6632438225822718,33.333333333333336,0.5217088966460754,1.944872941292271,-0.34817502477950724,1.669018919153881,1.6684396234705545,0.31622776601683794,0.14965986394557823,1,C:\Users\JHASHANK\Desktop\Maj_Proj\DFDC_Dataset\Fake\bzhksoaxbm.mp4,DFDC_Dataset/Fake
77.34375,4.0598859542226124,99.58591954639385,0.8496333266456547,0.7590259892377531,0.6871805141139888,0.3812479274059456,-0.48601394591787134,21.09375,4.65734629266154,166.21765235764462,10.634244127225703,0.0,17.426533738934342,0.9398839926236503,0.0,0.5654774847473573,2.005518555565512,1.0025270522206906,2.32474711880831,1.6748128073355302,0.2547546779093796,0.14965986394557823,1,C:\Users\JHASHANK\Desktop\Maj_Proj\DFDC_Dataset\Fake\bziekeavpv.mp4,DFDC_Dataset/Fake
49.21875,9.283148344014094,109.59521481849065,0.7352187876081236,0.734824526993178,0.7751383870789728,0.5770699486186793,-0.1453173940293388,7.03125,7.125878735968605,167.4227739628557,1.0725500242219432,0.0,7.328086665160879,1.0789004190533544,0.0,0.2661607589510046,1.2656477271866395,2.507664332395305,1.924210623344309,1.3034490874487135,0.3183306788090541,0.10884353741496598,1,C:\Users\JHASHANK\Desktop\Maj_Proj\DFDC_Dataset\Fake\bzmkkccnkt.mp4,DFDC_Dataset/Fake
70.3125,3.832588920834849,227.58950364055136,0.7789442213228416,0.7484097770164674,0.730782657403642,0.3562512794218187,-0.4084170654911035,0.0,5.1056459732087305,192.1172230430257,0.63793088467184,83.33333333333333,13.239255553552763,1.1047129149352213,166.66666666666666,0.32806924820736266,1.4587325090149184,0.07812206824815471,2.0513510766713643,1.6456945920380792,0.5349936363921497,0.09523809523809523,1,C:\Users\JHASHANK\Desktop\Maj_Proj\DFDC_Dataset\Fake\bzmrzdjdfi.mp4,DFDC_Dataset/Fake
70.3125,4.400423954259913,180.27756377319946,0.7735656224710652,0.7993800147390491,0.7420118100866968,0.8516741817176923,0.7139159007524662,35.15625,5.346238361651889,173.86493064043418,1.5606542165581905,16.666666666666668,19.507228357269092,0.6775680573826625,33.333333333333336,0.25242685366674145,1.5260384204385418,-0.3733181192467736,0.8889242758099374,0.531184191143964,0.43785382986946797,0.12244897959183673,1,C:\Users\JHASHANK\Desktop\Maj_Proj\DFDC_Dataset\Fake\bznkogdxxi.mp4,DFDC_Dataset/Fake
91.40625,-0.31033023323581943,156.20209016054025,0.8690279098235447,0.7976141094754501,0.6592789086485588,0.6202874293128191,0.03917773171881073,14.0625,3.7547154110068206,184.35516130090951,1.7165609982109182,16.666666666666668,16.156390238271772,0.9374274253524609,33.333333333333336,0.5192068333659656,1.8454657966499777,-0.22635461777759902,1.6019534370991961,1.33071233791122,0.36136686530748086,0.0948905109489051,1,C:\Users\JHASHANK\Desktop\Maj_Proj\DFDC_Dataset\Fake\bzqzktvzdn.mp4,DFDC_Dataset/Fake
84.375,-1.387635481772801,162.5415426480866,0.8005148707216486,0.7346052690527101,0.6425185737354837,0.5767902893065728,0.015377263872772298,42.1875,4.584750947172397,210.0020239593003,2.5328568421815394,16.666666666666668,12.380918074347205,0.8354981870583436,33.333333333333336,0.3282778548530888,1.4506919890574017,1.7163896676946067,1.8487197268254014,1.597179522317443,0.3324713372347225,0.10204081632653061,1,C:\Users\JHASHANK\Desktop\Maj_Proj\DFDC_Dataset\Fake\bztdemptfg.mp4,DFDC_Dataset/Fake
70.3125,-0.4959209848436018,88.07981557598804,0.8181008664876762,0.7903719024785351,0.6791796399941418,0.7386484168951881,0.3424794325723024,7.03125,4.819454745353959,124.52245427205557,0.23490018119643166,16.666666666666668,15.990891213169295,1.280859124394454,33.333333333333336,0.3982084121330088,1.9226303957105013,-0.3034991869399253,1.624729854849346,1.3585118175730526,0.28121456692899327,0.1360544217687075,1,C:\Users\JHASHANK\Desktop\Maj_Proj\DFDC_Dataset\Fake\bztifpciva.mp4,DFDC_Dataset/Fake
98.4375,-2.254539967429926,137.4034430152077,0.8735236319743159,0.770599745459385,0.6343241472750207,0.46804425663676913,-0.14447200802262009,14.0625,3.075232118012799,196.62510039404162,1.9870451532149191,16.666666666666668,18.410051596579997,1.0600892251694567,33.333333333333336,0.4935274651380491,1.772203774151154,0.5383003167046247,1.8791998656731406,1.7351466321905042,0.340925836052771,0.1360544217687075,1,C:\Users\JHASHANK\Desktop\Maj_Proj\DFDC_Dataset\Fake\bzuszivgau.mp4,DFDC_Dataset/Fake
77.34375,1.8597427300738305,71.18052168020876,0.8783719800669814,0.6994967859795838,0.6588104042295153,0.7204569524265856,0.2883833541122708,70.3125,3.5886751865707893,228.93734951537607,21.432783755988844,0.0,12.375795599862977,0.8756632211616867,0.0,0.5630152098965927,1.84557125898525,2.1974491625851105,1.6325285713728646,1.0196033943236291,0.242535625036333,0.1564625850340136,1,C:\Users\JHASHANK\Desktop\Maj_Proj\DFDC_Dataset\Fake\bzwtxeifuu.mp4,DFDC_Dataset/Fake
63.28125,1.965236625806831,83.16551148834284,0.8605777555516538,0.7407466286676391,0.6588846623490638,0.46439934976396,-0.05296744313360603,98.4375,3.883447488584051,145.6414959293296,2.6971758401363695,0.0,14.380255285659127,0.833838252827634,0.0,0.4962384054320662,1.7620141196312646,0.34307113362593933,1.9507969058457082,1.7409330496525741,0.2284123202848853,0.17006802721088435,1,C:\Users\JHASHANK\Desktop\Maj_Proj\DFDC_Dataset\Fake\bzxauvpscl.mp4,DFDC_Dataset/Fake
112.5,-3.2573758318222557,154.84848118790273,0.9116559957654672,0.7883792140914447,0.61440599926065,0.6465394867725988,0.27186276486243793,70.3125,2.8422712265159675,163.80968860404153,2.7932420233166213,16.666666666666668,18.8552657926443,0.7728552824742412,33.333333333333336,0.6032798511406339,1.9248551362245514,-0.027983896570605182,1.5589248679001355,1.4948120041201065,0.37597529423487386,0.12244897959183673,1,C:\Users\JHASHANK\Desktop\Maj_Proj\DFDC_Dataset\Fake\bzxesmhumc.mp4,DFDC_Dataset/Fake
84.375,0.309559388665693,117.18634258687693,0.7829399971204072,0.7212676557592044,0.6948423024458694,0.6606697738114011,0.2122042401667651,35.15625,4.789700634119968,196.80381857071626,0.18741671176528935,16.666666666666668,7.431773438602724,0.6674157629996678,33.333333333333336,0.38525352127393286,1.4927553340007722,1.7380506092769687,1.7087027702757627,1.477571505397423,0.3104249287084341,0.11564625850340136,1,C:\Users\JHASHANK\Desktop\Maj_Proj\DFDC_Dataset\Fake\bzzoylchma.mp4,DFDC_Dataset/Fake
84.375,-1.6254107365479207,162.39312724920896,0.874785732174303,0.7563326767301896,0.6308655011176627,0.5715831154616142,-0.07754133356594431,21.09375,3.433496140748064,182.9052227775402,1.6235881585319332,0.0,12.914321635976926,0.8699594457200942,0.0,0.4873250394643639,1.8118306417197154,1.1807108838073423,1.874639375416181,1.5280654973066303,0.43244851572181403,0.11564625850340136,1,C:\Users\JHASHANK\Desktop\Maj_Proj\DFDC_Dataset\Fake\caemhpqbcd.mp4,DFDC_Dataset/Fake
63.28125,-0.9465694895365642,82.65564664839914,0.8805284997785578,0.7974476556977803,0.6472331864407046,0.6236024014316146,0.05743916634594472,14.0625,4.519446000200753,163.74538248079938,1.0950537897964132,0.0,11.342912251486643,0.9360167683075112,0.0,0.6063608702982946,2.0210705533321565,0.16544317864692504,1.8173083110982085,1.6001380787109902,0.20981817995362856,0.1360544217687075,1,C:\Users\JHASHANK\Desktop\Maj_Proj\DFDC_Dataset\Fake\cagiejwets.mp4,DFDC_Dataset/Fake
147.65625,-2.2962039613884198,50.16044047650561,0.8873822359827993,0.6691173181259181,0.664368586715658,0.6870967058480355,0.1972288571065162,14.0625,3.9422502731469424,207.39677274626212,85.9325942742664,16.666666666666668,22.76128433057302,1.2885688034752176,0.0,0.6278377415256654,2.090787959723644,6.4244925343282375,1.7377073468312396,1.4518328634248057,0.1244582357687733,0.14285714285714285,1,C:\Users\JHASHANK\Desktop\Maj_Proj\DFDC_Dataset\Fake\cahtimcmlt.mp4,DFDC_Dataset/Fake
77.34375,6.737192492392635,151.81787939242844,0.7958188085389009,0.7470377036588903,0.7321762942189263,0.5387633240713111,-0.1651703191381028,42.1875,5.034682378501986,172.48852621220266,2.3183878136331626,0.0,26.46001372239479,0.9919624979172522,0.0,0.4381619394549811,1.706813543094993,1.711558092575589,1.965553336673294,1.3914956706066066,0.38853842884883716,0.1360544217687075,1,C:\Users\JHASHANK\Desktop\Maj_Proj\DFDC_Dataset\Fake\campcpgvlt.mp4,DFDC_Dataset/Fake
56.25,2.3457797563641045,181.89672826383224,0.8167969148144905,0.777587107888394,0.6902122363497554,0.19443042683410713,-0.046608591186526854,7.03125,4.313564589074356,157.42327481439062,1.958552912491256,83.33333333333334,17.376739650024753,0.7668021188196035,100.0,0.3690564615536627,1.4866058503120256,0.18946028405295579,1.6710111571491408,1.6152847675669308,0.4705741174352877,0.12244897959183673,1,C:\Users\JHASHANK\Desktop\Maj_Proj\DFDC_Dataset\Fake\caocfxbmjj.mp4,DFDC_Dataset/Fake
84.375,-0.45841564098729193,113.70704872299221,0.837749730166961,0.8128260450821412,0.6590174073481658,0.5704578142316614,-0.1450842543960385,28.125,3.3875934952566196,180.66143938192786,-0.3725631791173683,0.0,14.231463013483873,1.0996996065514912,0.0,0.379327810119883,1.7364881188717007,-0.5796432478390754,1.6311770232246452,1.3179193523974413,0.30615716303529805,0.10884353741496598,1,C:\Users\JHASHANK\Desktop\Maj_Proj\DFDC_Dataset\Fake\caolfufjvz.mp4,DFDC_Dataset/Fake
49.21875,4.7714990538731215,146.56562175858798,0.8097241470613395,0.7519710689792573,0.6765343670179023,0.6694417073406846,0.26874244383983675,7.03125,4.484397132563189,164.62101422115236,0.34000334351084893,0.0,16.97754673638245,1.0680570972507526,0.0,0.4387940915217258,1.4224705941424485,1.3548776763547288,1.6686770420799701,1.4380250542102972,0.37861538819811313,0.11564625850340136,1,C:\Users\JHASHANK\Desktop\Maj_Proj\DFDC_Dataset\Fake\carukmrjjo.mp4,DFDC_Dataset/Fake
126.5625,-1.31326698667344,110.84449186770838,0.8512884691100994,0.6857558383294947,0.6807823753363531,0.8206280643811682,0.5685195702853716,56.25,4.110221227996554,193.25579669169838,3.7306123066293657,16.666666666666668,10.488738984984128,1.0259048426074937,33.333333333333336,0.44296558182827234,1.921543409827303,3.3306920286436927,1.2932589917006632,1.160069985276308,0.25942327883931754,0.14285714285714285,1,C:\Users\JHASHANK\Desktop\Maj_Proj\DFDC_Dataset\Fake\cbaetxcmkf.mp4,DFDC_Dataset/Fake
98.4375,1.4192855443159136,131.23346456686352,0.7837743345861038,0.8278583778315234,0.701736820899781,0.5341088660257736,-0.17168891079923757,21.09375,4.723977651920815,236.84628823404535,1.7279822927033197,16.666666666666668,13.773188394148104,0.7855974961892292,33.333333333333336,0.36802039343347537,1.5795209941664012,-0.7797462230777095,1.7558657375837108,1.3129597908682735,0.35470255798609907,0.10884353741496598,1,C:\Users\JHASHANK\Desktop\Maj_Proj\DFDC_Dataset\Fake\cbfbxgvcpd.mp4,DFDC_Dataset/Fake
147.65625,-2.0983538753656057,63.037809543945656,0.8812583996882796,0.69023794446269,0.6547908395432174,0.7730087373873602,0.3751703344179956,28.125,3.5564305331417523,184.3520045506499,0.9893053242096508,0.0,20.04954627449994,1.083707745140704,0.0,0.553755708904045,2.173150155439312,2.6907587209481303,1.6257993689086172,1.2305898520598944,0.19912931438994533,0.17006802721088435,1,C:\Users\JHASHANK\Desktop\Maj_Proj\DFDC_Dataset\Fake\cbhfymetoq.mp4,DFDC_Dataset/Fake
154.6875,-1.4258890841559444,98.65765724632494,0.8789065486652309,0.7858058203752943,0.6800393699758891,0.09319295481374376,0.2960747500523049,70.3125,4.498117545445374,167.15472411493928,2.98900190229392,116.66666666666667,14.021476903324183,0.557157807194823,33.333333333333336,0.6233161387463039,2.2040407648648843,0.025099530737277664,1.4583546681412973,1.3323569891998277,0.26707787225659174,0.14285714285714285,1,C:\Users\JHASHANK\Desktop\Maj_Proj\DFDC_Dataset\Fake\cbmhbmwxgc.mp4,DFDC_Dataset/Fake
112.5,-0.7950470168061542,122.16609261089366,0.8712415975170142,0.6503850505483807,0.6773896486463583,0.7542839181419432,0.27994254793767914,14.0625,4.157664270050666,245.62630120038824,0.7982699350607126,0.0,13.94799319656861,1.576583131863918,0.0,0.6139987795536506,1.9786819703184784,4.885873815828261,1.5692053729073494,0.8735271417312386,0.2597231890152857,0.10204081632653061,1,C:\Users\JHASHANK\Desktop\Maj_Proj\DFDC_Dataset\Fake\cbnyssjaho.mp4,DFDC_Dataset/Fake
63.28125,2.4468238829114837,111.49240133549709,0.8425669095093629,0.733681308105664,0.6812279751797111,0.9198607862103061,0.7438702312962031,28.125,4.358369157920502,133.08678886007863,5.740558725962156,0.0,18.62015281477266,1.3670588676995654,0.0,0.47402128778958763,1.5517410721987377,1.7444225130295719,1.085496483559666,0.6436907777870383,0.3111415851223175,0.12244897959183673,1,C:\Users\JHASHANK\Desktop\Maj_Proj\DFDC_Dataset\Fake\cboymxepfb.mp4,DFDC_Dataset/Fake
56.25,0.438989134240996,147.2193104766799,0.8197327737319138,0.7940557626271716,0.6750365999174016,0.7058599506325405,0.19776594294852237,28.125,4.166237115757761,226.97788310331458,1.585489687454183,33.333333333333336,13.043106795238753,0.8352562616396436,33.333333333333336,0.4154256152202897,1.5752543011979332,-0.06580810741634524,1.4798334951291559,1.1058105105718214,0.3105407330367467,0.10884353741496598,1,C:\Users\JHASHANK\Desktop\Maj_Proj\DFDC_Dataset\Fake\cbtcwfzudb.mp4,DFDC_Dataset/Fake
154.6875,-3.2122203984981472,102.76257550189798,0.8363469340933489,0.7693848862138642,0.643189242638102,0.5491876925315408,0.06486938015282323,0.0,3.5136617753216615,155.7270843998039,1.702471976237249,16.666666666666668,16.939887136741277,0.677660405599002,33.333333333333336,0.33240742930499656,1.9934564923491571,0.24077426823721249,1.6821014763660356,1.4402156756772577,0.24935036702666427,0.14285714285714285,1,C:\Users\JHASHANK\Desktop\Maj_Proj\DFDC_Dataset\Fake\cbywmlmeds.mp4,DFDC_Dataset/Fake
70.3125,1.1221487680396771,117.70554505237557,0.8869956153020034,0.660712108030072,0.6816305243620857,0.23029547138070794,-0.8174498939671229,91.40625,4.271989201043631,167.36145317520948,2.6499819281740247,116.66666666666667,13.788054570512077,1.0939570513262187,200.0,0.6320358738368774,1.8330937331290507,2.933610089570962,2.1391936447464004,1.6327932953480826,0.3131873135056171,0.14285714285714285,1,C:\Users\JHASHANK\Desktop\Maj_Proj\DFDC_Dataset\Fake\ccaequtltd.mp4,DFDC_Dataset/Fake
77.34375,5.354173890472928,167.86030898736405,0.7454181824769623,0.71401294195268,0.7514746130532413,0.7858082318371067,0.5328867776508529,7.03125,5.208753287841408,270.25419913685107,2.671556354021892,16.666666666666668,21.345108799625322,0.8518718863454667,33.333333333333336,0.34503515533442813,1.5609611455943508,0.9333947064194095,1.4092540306186432,1.299980314771191,0.3790471709596314,0.1360544217687075,1,C:\Users\JHASHANK\Desktop\Maj_Proj\DFDC_Dataset\Fake\ccaiyxmdut.mp4,DFDC_Dataset/Fake
70.3125,3.754692404277091,102.25241100118645,0.8504719872113055,0.7793740760101255,0.6829502111104833,0.728209127954433,0.2784431067960426,70.3125,3.767684766050772,220.05711271159544,3.0324871471265396,0.0,16.67086305771357,0.7008522824649485,0.0,0.4750051174476096,1.7097438188795215,-0.30741069042978575,1.6725817561591418,1.4125645898507844,0.29107081994288303,0.1564625850340136,1,C:\Users\JHASHANK\Desktop\Maj_Proj\DFDC_Dataset\Fake\ccbfcnkwxa.mp4,DFDC_Dataset/Fake
98.4375,-1.5609846004669228,99.06974722292783,0.8711653020257548,0.8080727961204149,0.6429569622689218,0.3655805626187201,-0.48676733510694437,7.03125,3.757981961979398,151.73022535483403,3.359966571850074,83.33333333333333,13.007597123725947,0.6890059500101168,166.66666666666666,0.5905032226559908,1.863967024463449,-0.19621365773000443,2.012018258481918,1.7011951935919953,0.28505917634761074,0.16326530612244897,1,C:\Users\JHASHANK\Desktop\Maj_Proj\DFDC_Dataset\Fake\ccbfmuqlkj.mp4,DFDC_Dataset/Fake
91.40625,3.2060623303940265,138.4437310486346,0.8146213947747624,0.8064717911118149,0.735870202028278,0.5957093720831239,-0.07583093512203774,7.03125,6.225966813689634,167.21488063124895,2.5460786616135884,0.0,15.321122503690843,0.8693013795259815,0.0,0.5015801579016776,1.7541158575661904,-0.22735922432731082,1.883751982145839,1.1650310850653918,0.36115755925730764,0.14285714285714285,1,C:\Users\JHASHANK\Desktop\Maj_Proj\DFDC_Dataset\Fake\ccceyyczpw.mp4,DFDC_Dataset/Fake
63.28125,6.55775416985464,156.69774667634206,0.7670082213721026,0.8108610271246781,0.7253151689206181,0.7176021024126698,0.2613737523130328,28.125,4.646746338318845,252.34973288952295,2.010195604742127,16.666666666666668,21.791597658372147,1.0776875167818487,0.0,0.32086564515292665,1.3800374169555347,-0.5223988859126485,1.5703914621979782,1.110837732954104,0.3947495049666879,0.10204081632653061,1,C:\Users\JHASHANK\Desktop\Maj_Proj\DFDC_Dataset\Fake\cccvfncjid.mp4,DFDC_Dataset/Fake
126.5625,2.264020497859492,103.99986645290569,0.7917934985659424,0.8012978498455424,0.6966431321128892,0.6254607096286808,0.13041168597537256,49.21875,4.417704277993609,165.2412026874914,-10.467409689530932,0.0,20.270850919750085,0.6118269493922713,0.0,0.4269146568411251,2.1387847318759357,-0.2542717568880404,1.6958026183132517,1.484439359306917,0.3155729253220517,0.1292517006802721,1,C:\Users\JHASHANK\Desktop\Maj_Proj\DFDC_Dataset\Fake\cchtzaxgfv.mp4,DFDC_Dataset/Fake
77.34375,2.850572908692529,116.53431646335017,0.8779136272499448,0.7341458257402768,0.6464674158889012,0.34765331416178136,-0.3271783632342365,84.375,3.3581176377157163,138.66092365291524,1.8440390344598978,100.0,24.979559259539542,1.2331510936347334,200.0,0.6073383504894893,2.0447502448220782,2.6025761650466848,2.1586300267289897,2.104578570323507,0.34326922836489976,0.16326530612244897,1,C:\Users\JHASHANK\Desktop\Maj_Proj\DFDC_Dataset\Fake\ccirkpwvgi.mp4,DFDC_Dataset/Fake
63.28125,0.5714379677469473,122.06429190399903,0.8735733753355506,0.7727000398086542,0.6488684795114148,0.6209897861793202,-0.011464875244103398,7.03125,4.039000496120618,139.95483119273285,-2.8190896498684457,0.0,17.574305379244947,1.0168160721604627,0.0,0.5368525065086458,2.0452145186671946,0.6316518371603639,1.8537470402702547,1.2554384162696952,0.3419631201024521,0.14285714285714285,1,C:\Users\JHASHANK\Desktop\Maj_Proj\DFDC_Dataset\Fake\ccmfdjqzil.mp4,DFDC_Dataset/Fake
63.28125,-0.39869286120283465,232.9982713335969,0.9407323934992868,0.6298578684080233,0.6090996099589557,0.5952011129001132,-0.045524211266199044,84.375,2.59327787809578,240.1403853777585,5.467374913523702,33.333333333333336,16.913985024534497,1.34757664295358,66.66666666666667,0.796750075997652,1.9984161345624867,2.345874740433228,1.4585043534792541,1.1232327936996815,0.4806340951673021,0.08843537414965986,1,C:\Users\JHASHANK\Desktop\Maj_Proj\DFDC_Dataset\Fake\ccnmxgjron.mp4,DFDC_Dataset/Fake
119.53125,-3.0962032323839,121.15187896924162,0.8701163352429636,0.7671531360462246,0.6354297320923049,0.5380066843210912,-0.22967047657187178,35.15625,3.221071155348747,180.2571897093191,0.44863727232905876,0.0,16.54722366557114,0.9412870527110597,0.0,0.4056403552784877,1.950072679994349,0.5146335057236371,1.9972194851476726,1.0960287787749519,0.3146741588404181,0.1292517006802721,1,C:\Users\JHASHANK\Desktop\Maj_Proj\DFDC_Dataset\Fake\ccpkjeveme.mp4,DFDC_Dataset/Fake
91.40625,-1.7897458140196578,117.42478548804584,0.8821914111133587,0.7469673063911888,0.6151245376057426,0.5088434405675444,-0.11346525324385537,14.0625,3.4322293035746303,153.5958208786004,1.7449293796082495,50.0,12.666389547376092,1.9558997119244474,100.0,0.644335444972372,1.8196799314104881,1.2458238800163794,1.2372723385120568,1.5489479699928665,0.33012057166546693,0.1292517006802721,1,C:\Users\JHASHANK\Desktop\Maj_Proj\DFDC_Dataset\Fake\ccpydpqsam.mp4,DFDC_Dataset/Fake
56.25,4.70095622860439,119.99999999999999,0.7814869980712792,0.7589075566616149,0.7429505006863302,0.6423840616444433,0.23547965161720824,21.09375,5.037625677355982,181.29018551616508,1.200381124185872,33.333333333333336,11.493327054385329,1.2648023247382962,33.333333333333336,0.4003871694646425,1.3634429120026148,1.0281657264679875,1.610317529151121,1.3303180820741298,0.31093469424911635,0.08843537414965986,1,C:\Users\JHASHANK\Desktop\Maj_Proj\DFDC_Dataset\Fake\ccrrlidqnp.mp4,DFDC_Dataset/Fake
98.4375,2.7241220697928052,122.26812728383038,0.8278560483131369,0.8060641831602516,0.7198040485061958,0.5215560636843258,-0.13103894927482365,0.0,5.207927170199996,148.24561921683403,251.33070543215288,0.0,21.66807844342533,1.0583005453389482,0.0,0.4509273011851957,1.9040629462874605,-0.1794171884310103,1.9311067145569505,1.6031559334282761,0.3533884575370833,0.1292517006802721,1,C:\Users\JHASHANK\Desktop\Maj_Proj\DFDC_Dataset\Fake\ccteennqhv.mp4,DFDC_Dataset/Fake
98.4375,-1.5795234591319753,150.88627063675034,0.8589944187453292,0.8114244683235149,0.6247491514176711,0.790781320533448,0.4238385931538611,70.3125,2.8062840064543026,181.51428582306414,1.6632921076867604,0.0,16.668299075384038,0.9011349946371994,0.0,0.3498375399645294,2.046184108396333,-0.5670019155998025,1.3039222530777554,0.9551050010634988,0.3508983038063962,0.10204081632653061,1,C:\Users\JHASHANK\Desktop\Maj_Proj\DFDC_Dataset\Fake\cctrhqvein.mp4,DFDC_Dataset/Fake
140.625,-3.4314749777717295,89.70975145530636,0.8958941250476058,0.7812325262156797,0.6459488570179137,0.6054232750063298,0.09861562834726938,84.375,3.4299614616732192,142.07947616148022,3.013356480113101,0.0,17.051078618186356,1.0246036984172346,0.0,0.6121875445333028,2.2740839459256077,0.0979269424443725,1.5472466153673814,1.492015194976138,0.2604940361258639,0.14285714285714285,1,C:\Users\JHASHANK\Desktop\Maj_Proj\DFDC_Dataset\Fake\ccverippkg.mp4,DFDC_Dataset/Fake
105.46875,-2.04316231058751,45.756572334974244,0.9177251788430248,0.7591805820943278,0.6422742109035067,0.5865967857513541,0.021025714286826286,70.3125,3.4909043438926366,141.7794443800517,1.8401967988229362,0.0,13.380315032356387,0.7452695511013898,0.0,0.6873991516107171,1.9925109975759079,0.5334217471224902,1.797352011368191,1.4679527029955273,0.18181818181818185,0.1836734693877551,1,C:\Users\JHASHANK\Desktop\Maj_Proj\DFDC_Dataset\Fake\cczisiwrmd.mp4,DFDC_Dataset/Fake
105.46875,2.1867901192512322,125.70787221094176,0.8047018191499499,0.8176069967707831,0.6885879197433875,0.5830974403223349,-0.012516747297598269,0.0,4.517947321816339,197.8376988743013,1.3934765269080807,16.666666666666668,15.61483622511722,0.5990806916975053,33.333333333333336,0.4403246334193148,1.7481066031696644,-0.3099429008808845,1.7815819512425988,1.4044552682937546,0.3321342024112784,0.11564625850340136,1,C:\Users\JHASHANK\Desktop\Maj_Proj\DFDC_Dataset\Fake\cdbmqliycy.mp4,DFDC_Dataset/Fake
84.375,-0.5493741986906757,156.69774667634206,0.8749624345870741,0.8348259990656538,0.6447185588188001,0.450593110915818,-0.26883236888195816,14.0625,3.909858299826723,256.4785597797136,2.2341432135728416,16.666666666666668,15.861135478961533,0.5323185621553896,33.333333333333336,0.6153613350051846,1.9456169063372828,-0.7060292206690675,1.8552865724099405,1.4456745199319485,0.3157342656911371,0.11564625850340136,1,C:\Users\JHASHANK\Desktop\Maj_Proj\DFDC_Dataset\Fake\cdcaedaavn.mp4,DFDC_Dataset/Fake
56.25,4.615335589319979,109.7977939466707,0.8007494782158184,0.7613765827381155,0.6521030989769693,0.7835915230503023,0.6761348482931965,21.09375,3.4393985726903447,224.29333738107192,-1.2187097079183213,16.666666666666668,15.06638545736986,0.8749793015924594,0.0,0.28274485379950726,1.3780049616997614,0.39002969979631663,1.440665124235106,1.244601337802268,0.26351470547200967,0.10884353741496598,1,C:\Users\JHASHANK\Desktop\Maj_Proj\DFDC_Dataset\Fake\cdfbhqgada.mp4,DFDC_Dataset/Fake
49.21875,2.2133375671507687,83.3127546607555,0.8093370550139557,0.7844167850977783,0.7057906455232039,0.39855926895836263,0.13990223368253535,77.34375,4.461004584081712,172.0642586311739,1.5616214270213198,100.0,11.128403044060796,0.6741646353654706,200.0,0.4128592543565245,1.4918529523343356,-0.3567118068038311,1.6013016119858858,1.8364909646566216,0.19906587396817688,0.125,1,C:\Users\JHASHANK\Desktop\Maj_Proj\DFDC_Dataset\Fake\cdmwcoqgsq.mp4,DFDC_Dataset/Fake
63.28125,3.6464426424171585,123.57209121964011,0.7701950893603103,0.8269591329812197,0.7717097843439811,0.8060765917508568,0.4584357179773984,7.03125,7.227579110029213,163.9859500325544,-0.16369002460137674,0.0,19.35553093329413,0.928653780988018,0.0,0.4514718918103624,1.5841064471745239,-0.0849278890745051,1.3944702144800167,1.0936211007309031,0.3395874262524461,0.10884353741496598,1,C:\Users\JHASHANK\Desktop\Maj_Proj\DFDC_Dataset\Fake\cdqprcsdsw.mp4,DFDC_Dataset/Fake
77.34375,-0.37727462698844005,92.4361641590803,0.8132017881296585,0.7428755342980639,0.6512752283401735,0.6439559872574331,0.06965661611850466,35.15625,4.713155874020007,199.99410462063264,1.8322453485620265,50.0,16.21664111059601,1.0938168895664224,100.0,0.38932771945858985,1.66059282750384,0.46843567219864823,1.841733709023253,1.2629063772186708,0.21168587212003123,0.1360544217687075,1,C:\Users\JHASHANK\Desktop\Maj_Proj\DFDC_Dataset\Fake\cdwxurdymt.mp4,DFDC_Dataset/Fake
126.5625,-3.567123870713936,112.98967504452196,0.8858550605901298,0.6522383642015119,0.6194850525983674,0.7388872615977264,0.669792513218205,63.28125,2.638415615217924,191.1746400438793,1.19588148261206,0.0,8.133349601356192,0.8141215743958181,0.0,0.5680493863295754,1.8086201665566126,5.4333464386179635,1.2623976588068262,1.4322619195698343,0.32279642325186547,0.14285714285714285,1,C:\Users\JHASHANK\Desktop\Maj_Proj\DFDC_Dataset\Fake\cdyclvewaw.mp4,DFDC_Dataset/Fake
77.34375,2.7781123311584666,118.6342028003479,0.7754690666482255,0.7312753835452168,0.7044311908253148,0.6129847709130001,-0.062471940574900756,98.4375,4.312281163397189,185.2195400411941,16.960450860092926,50.0,11.360461347041257,1.0415096536992932,33.333333333333336,0.3122451353270004,1.3989686212288142,0.7583684118887115,1.8581768463553772,0.9308696005190953,0.33619042223121104,0.1292517006802721,1,C:\Users\JHASHANK\Desktop\Maj_Proj\DFDC_Dataset\Fake\cdyotmvujc.mp4,DFDC_Dataset/Fake
77.34375,3.7048768879698555,129.6825288889748,0.8530317711753821,0.7097538836309882,0.6960849446618909,0.4756230630990794,-0.17164002884539023,49.21875,4.407538124296355,172.7024743667871,2.151098961595309,50.0,20.28520816657608,0.9610175632879153,0.0,0.5408500030636406,1.8113086167055272,1.5898830676773628,1.969738552159162,0.9147658006460727,0.3255104164999947,0.1292517006802721,1,C:\Users\JHASHANK\Desktop\Maj_Proj\DFDC_Dataset\Fake\cdzriaborp.mp4,DFDC_Dataset/Fake
84.375,4.091148005515119,114.87453643904313,0.8239351604565328,0.7764806869383739,0.704874763245197,0.5187286781145034,0.010675456509937793,0.0,5.094160645974212,221.73794061978947,2.0871708105986873,16.666666666666668,11.153535231610475,0.9388249730580406,33.333333333333336,0.44973302664793086,1.763807491352678,0.23423028770047738,1.7105810699203072,1.4865160491067306,0.24812899870833316,0.11564625850340136,1,C:\Users\JHASHANK\Desktop\Maj_Proj\DFDC_Dataset\Fake\cebcmahlap.mp4,DFDC_Dataset/Fake
70.3125,3.6720290450888977,149.10846164230028,0.8596336668973805,0.7520125195041012,0.6944779392657476,0.7763494364926202,0.5010246650129311,84.375,4.958175670303012,174.3566817067868,0.4839011160454062,16.666666666666668,24.888534362618216,0.9641264924875907,33.333333333333336,0.5589288489234732,1.8758823006464862,0.36737722015720786,1.5025470782324835,1.3337761876018277,0.35222471254086685,0.1360544217687075,1,C:\Users\JHASHANK\Desktop\Maj_Proj\DFDC_Dataset\Fake\cejgpvadjj.mp4,DFDC_Dataset/Fake
63.28125,3.5571710658909907,245.19691633007494,0.8261370508175587,0.7844298302788512,0.682107161869439,0.7191538715913592,0.3707890863221979,42.1875,4.020575503525481,198.54471077307494,2.3410762464554202,0.0,18.787656160487106,0.5010053159904082,0.0,0.47330353942308256,1.5602300588760791,-0.14258006190223105,1.5266469094856054,1.0445846044752358,0.4295420432059708,0.10884353741496598,1,C:\Users\JHASHANK\Desktop\Maj_Proj\DFDC_Dataset\Fake\cekuytiohq.mp4,DFDC_Dataset/Fake
105.46875,0.335114464582994,134.20548092798262,0.8115853713436982,0.7750969071582124,0.6927322422184399,0.6972089722141055,0.3042436902910872,28.125,4.659036329592334,170.90875495656329,2.8188647025908127,0.0,16.558260153622108,0.9574046596889123,0.0,0.3389180002155032,1.8395213795711864,0.08097982499335643,1.5723680475299295,0.9379153352568047,0.3335033579979643,0.12244897959183673,1,C:\Users\JHASHANK\Desktop\Maj_Proj\DFDC_Dataset\Fake\celvdajmek.mp4,DFDC_Dataset/Fake
63.28125,-1.9854711788925647,119.76700631838943,0.9234361421392957,0.8467558200817042,0.6319473304184928,0.7007686029270664,0.17671372078272435,35.15625,3.35549479116299,149.35594233816025,4.217181746103121,16.666666666666668,17.97551553111769,0.8914883393937778,0.0,0.7165131122191523,2.1314223046642558,-0.9083129043493132,1.5466017198500057,0.8185477296884818,0.3291307043864138,0.09523809523809523,1,C:\Users\JHASHANK\Desktop\Maj_Proj\DFDC_Dataset\Fake\cemftmsxis.mp4,DFDC_Dataset/Fake
91.40625,-0.8442629065793811,145.8328414001935,0.8678429573402542,0.750642184876302,0.6571605245502813,0.5797248714362573,0.09734598271652674,7.03125,3.412026305029426,164.50678002707946,2.104820051895079,0.0,10.190606943116698,1.4313448982640462,0.0,0.47280494986581234,1.7247215518671974,1.6000505584368634,1.9887502186801902,1.0001145163963903,0.3538591004563518,0.1292517006802721,1,C:\Users\JHASHANK\Desktop\Maj_Proj\DFDC_Dataset\Fake\cerlkkynsx.mp4,DFDC_Dataset/Fake
63.28125,1.9453193980392791,99.38079899999066,0.9029073848989051,0.8064689446608405,0.6250102031086049,0.5422750235764046,0.06339452043119502,21.09375,2.8303895050014143,168.6137123500428,1.9771521489584283,16.666666666666668,15.464295703135345,0.6752239438359151,33.333333333333336,0.6547516441907607,1.8823321457736764,0.04290215903855188,1.8513253420940976,1.319334157501242,0.29839420283499335,0.1292517006802721,1,C:\Users\JHASHANK\Desktop\Maj_Proj\DFDC_Dataset\Fake\cffpcdxoyt.mp4,DFDC_Dataset/Fake
98.4375,-2.039503390890059,94.57264566258931,0.8993979463467672,0.7281708306525627,0.6367471242223894,0.5073926533852169,-0.21437196955804005,35.15625,3.4974969205492306,158.22002765795486,2.247030659359472,33.333333333333336,8.526733444378479,0.6114235352016566,66.66666666666667,0.6229557401286094,1.8721384934123941,3.1298798890172366,2.1547680964855447,1.9181908719318244,0.24382010209886304,0.14285714285714285,1,C:\Users\JHASHANK\Desktop\Maj_Proj\DFDC_Dataset\Fake\cflwigoquj.mp4,DFDC_Dataset/Fake
49.21875,4.989083869543263,83.26663997864532,0.7999404778743315,0.7746976266231624,0.6494191898945305,0.45774342528790657,-0.22049293002422332,28.125,4.3849820898403715,187.58267275171883,2.0312979067645593,16.666666666666668,13.539070777483174,1.0410226406923104,33.333333333333336,0.3534434149441277,1.4260175522843095,-0.16203104762561793,1.96512723257499,1.701311937221829,0.24363128558978372,0.10884353741496598,1,C:\Users\JHASHANK\Desktop\Maj_Proj\DFDC_Dataset\Fake\cfolpcshqw.mp4,DFDC_Dataset/Fake
91.40625,2.41757499221884,104.75656017578483,0.7645786146738242,0.7597748810023509,0.7667316625845271,0.7802135955471077,0.5423118940850278,35.15625,6.183679204202176,183.55246965912937,1.3225442077182343,0.0,13.308920662556012,0.5494367858184346,0.0,0.3168151167720541,1.6722427731613914,1.223592548126149,1.2848520678220987,1.0734894972035658,0.2699697349031813,0.10204081632653061,1,C:\Users\JHASHANK\Desktop\Maj_Proj\DFDC_Dataset\Fake\cfpmeadviw.mp4,DFDC_Dataset/Fake
77.34375,0.037582100198065724,79.78021936495563,0.8687800675730432,0.7763994283815723,0.6550880818998209,0.3705011642547995,-0.26639056440608455,98.4375,3.335025414153275,131.46226453935122,0.2389828441102121,83.33333333333333,19.03361375205138,0.9482129921607376,166.66666666666666,0.4894349715259211,1.737967752688984,0.2503119686344921,2.076767317883871,1.9749540076367196,0.2649303486920164,0.1360544217687075,1,C:\Users\JHASHANK\Desktop\Maj_Proj\DFDC_Dataset\Fake\cfpydwmroe.mp4,DFDC_Dataset/Fake
70.3125,6.138897065751473,111.55467020454341,0.8043070967806749,0.7784276886223699,0.7362059116211024,0.5135127982897127,-0.09474870102670784,56.25,6.13791658447226,147.32667473435325,2.135270100048623,0.0,15.93749869198823,0.9093946361633329,0.0,0.3915419395932599,1.6912176018808418,0.19538301843483685,1.8172858647954158,1.4514328476741034,0.3204613515460282,0.14285714285714285,1,C:\Users\JHASHANK\Desktop\Maj_Proj\DFDC_Dataset\Fake\cfwkrubysq.mp4,DFDC_Dataset/Fake
49.21875,-0.6569098955225561,154.8346389930198,0.930800857937664,0.7684468530931813,0.6022476218671957,0.6468007760929804,0.11510739051229114,0.0,2.6664089592631646,148.77257218447636,3.8261705284182654,16.666666666666668,19.35768815350449,0.9713608833261455,0.0,0.6640502520703268,2.0465740464685087,0.6613965846348719,1.5394119098661208,0.8152843982707063,0.41910127847734685,0.1360544217687075,1,C:\Users\JHASHANK\Desktop\Maj_Proj\DFDC_Dataset\Fake\cfybijtodh.mp4,DFDC_Dataset/Fake
126.5625,-2.4389568818554084,185.2625764212034,0.8561681039959962,0.7872483933065005,0.6489281351124893,0.4919026331860895,0.21735081300975476,56.25,3.577174989214453,203.58198506043647,1.7553765536337171,50.0,16.759363068364895,0.7495834660633653,66.66666666666667,0.4164366719900611,1.894892678248787,-0.261261979729571,1.536926936029106,1.4315910278393833,0.3998472872400073,0.1360544217687075,1,C:\Users\JHASHANK\Desktop\Maj_Proj\DFDC_Dataset\Fake\cgdixdaaql.mp4,DFDC_Dataset/Fake
63.28125,1.255562131517244,145.89579536013,0.8615282731819104,0.740327345977357,0.6268744028451333,0.7358287267516108,0.24930373463006883,119.53125,2.9713093946146865,186.05293728966456,2.2387205946850806,16.666666666666668,25.64429380108527,0.6924744656508794,33.333333333333336,0.4549387155059854,1.7666475314197434,1.5010758371009212,1.6112774742526412,1.2043549924763424,0.3514278282397292,0.14285714285714285,1,C:\Users\JHASHANK\Desktop\Maj_Proj\DFDC_Dataset\Fake\cgigqncgru.mp4,DFDC_Dataset/Fake
49.21875,5.763745492596097,131.48721948877346,0.8334828817335825,0.7854967212949476,0.6687649585593469,0.8226111345674262,0.5437402686249156,84.375,4.041610029867468,206.59426664817022,3.411451988168654,0.0,14.434731587147862,0.6440693961816378,0.0,0.41880664391361266,1.4847318984101157,-0.2967782632113338,1.376084228351627,1.0614086169267902,0.3233292282510823,0.12244897959183673,1,C:\Users\JHASHANK\Desktop\Maj_Proj\DFDC_Dataset\Fake\cgjgaddbbw.mp4,DFDC_Dataset/Fake
105.46875,-0.06050188542862328,142.24392195567913,0.8621725006050721,0.7402841923430558,0.6756017679198417,0.6376130197735321,-0.13037062702304003,28.125,3.9373945961245447,266.0293127258332,2.4057754039771515,0.0,13.706567336220502,0.9692668575371681,0.0,0.5246559445612129,1.8270023753071278,0.29411213613326614,2.082458737454402,1.9509153413214904,0.31148304077885935,0.10204081632653061,1,C:\Users\JHASHANK\Desktop\Maj_Proj\DFDC_Dataset\Fake\cgkorxrqlv.mp4,DFDC_Dataset/Fake
70.3125,-1.5942927531359954,165.13701340450336,0.8502583996979528,0.5942312319324913,0.6266620127319935,0.8081324398905716,0.5874147152846154,7.03125,3.8810962177512582,220.30215405905514,1.567087664314763,16.666666666666668,18.55593526575789,1.6508829522361954,0.0,0.4918731823926647,1.7208589996824066,4.968827715142637,1.544374265555579,0.9846019080495765,0.40358394418014204,0.11564625850340136,1,C:\Users\JHASHANK\Desktop\Maj_Proj\DFDC_Dataset\Fake\cglzoiprgl.mp4,DFDC_Dataset/Fake
84.375,-0.9457848462199339,74.61009761866465,0.8908518936550145,0.7475843689608969,0.6326046601420539,0.7243429485305302,0.47846225411749005,77.34375,3.243179334411017,180.37635064804127,-8.465634104177253,0.0,16.75687117647906,0.7253653340914789,0.0,0.6113741266423044,2.0627436634812852,0.7841882316984665,1.4364798041944513,1.3331854368445375,0.25916052767440806,0.14285714285714285,1,C:\Users\JHASHANK\Desktop\Maj_Proj\DFDC_Dataset\Fake\cgmyiexmbk.mp4,DFDC_Dataset/Fake
77.34375,0.48322923114735494,101.22703976826999,0.8399357922261673,0.754204332708061,0.6742225261442539,0.4773760939443371,-0.156277630653699,84.375,4.016037631295412,154.8464303874217,20.437062872696153,16.666666666666668,18.958760900451985,1.1043495905563998,33.333333333333336,0.48910045540930636,1.9161380612842585,0.979937425259386,1.9616345470898953,1.7077756285577856,0.2679539287983618,0.12244897959183673,1,C:\Users\JHASHANK\Desktop\Maj_Proj\DFDC_Dataset\Fake\cgnhytdbnt.mp4,DFDC_Dataset/Fake
105.46875,-1.865490979304516,141.77446878757826,0.8495719883470567,0.813675738032679,0.6533167273024063,0.5996096330288229,0.22049229093428271,63.28125,3.504665027725308,229.00933294001553,1.1208103430322216,16.666666666666668,13.256261701333312,0.9942815903284619,33.333333333333336,0.40826500575843727,1.927885738414391,-0.8002503353246571,1.4894835724380056,1.5189789434576084,0.3555358059922525,0.10884353741496598,1,C:\Users\JHASHANK\Desktop\Maj_Proj\DFDC_Dataset\Fake\cgrpueglup.mp4,DFDC_Dataset/Fake
70.3125,3.9631115376775212,329.84283575105326,0.8281754424762134,0.6319198488463789,0.6665916940259855,0.685385763041577,0.18026737127187323,77.34375,3.897933706955227,217.15334990657453,-3.4356511045405966,16.666666666666668,15.138294825356098,0.9259155430569618,0.0,0.3800564189066358,1.7684298501965134,2.0154044369377964,1.7702030538305025,1.142753834356286,0.5654448612875198,0.08163265306122448,1,C:\Users\JHASHANK\Desktop\Maj_Proj\DFDC_Dataset\Fake\cgumdsscsh.mp4,DFDC_Dataset/Fake
77.34375,2.743371760640633,126.53501930734872,0.8257855333540954,0.7736891026226626,0.6787504265459048,0.5518179333411812,-0.0024587914577188404,14.0625,4.718350713579428,167.43960954976225,-8.847857495970377,16.666666666666668,12.757412431735242,1.173139159638312,33.333333333333336,0.4673498895712614,1.780648267495649,1.4849877314292437,1.6693729550287768,1.4757171997246539,0.3261458713942113,0.08843537414965986,1,C:\Users\JHASHANK\Desktop\Maj_Proj\DFDC_Dataset\Fake\cgxpjplcke.mp4,DFDC_Dataset/Fake
105.46875,0.2568915736605555,129.18906615814984,0.8496265079701549,0.7709268373612066,0.6350827511005053,0.627372081331806,0.35111234093242033,42.1875,4.1945030529654845,169.4420522722898,6.773794532162396,16.666666666666668,9.378403911435742,0.8595079840190485,33.333333333333336,0.4863107493329098,1.9490271011439666,0.21976516789044442,1.5873022632154212,1.303257087488052,0.3298444242335741,0.14285714285714285,1,C:\Users\JHASHANK\Desktop\Maj_Proj\DFDC_Dataset\Fake\cgzehrnpvv.mp4,DFDC_Dataset/Fake
56.25,2.872017233033129,143.60439485692012,0.8436886423342481,0.6212716736966293,0.6534277947605294,0.5853292111348559,0.2829451530186557,14.0625,3.293504730310234,240.73723397696037,3.068147837670102,33.333333333333336,20.322959598273478,1.8911857915531194,33.333333333333336,0.527033103128537,1.4839085289834741,4.653457250851803,1.424761302927122,1.3057974029801758,0.41256849850351734,0.08843537414965986,1,C:\Users\JHASHANK\Desktop\Maj_Proj\DFDC_Dataset\Fake\chayotcuqs.mp4,DFDC_Dataset/Fake
112.5,-0.9599715063879741,127.41009902410929,0.8510569092321028,0.7905132120347249,0.6798933688183019,0.7152499750526766,0.351677627082537,35.15625,4.551590701682895,189.29379992826748,4.455369273026094,0.0,17.138286139098046,0.6519542049578451,0.0,0.547902175667008,1.866023092432774,-0.12679593389808463,1.180834734212274,1.099890760375665,0.3197575612228485,0.14965986394557823,1,C:\Users\JHASHANK\Desktop\Maj_Proj\DFDC_Dataset\Fake\chbnpgnnzu.mp4,DFDC_Dataset/Fake
49.21875,-0.6088488257700483,156.17161957265196,0.8591815075524051,0.8038259128358123,0.6161504962595143,0.1916086130366392,0.31454627634543897,35.15625,2.990171167968693,181.87184368069467,0.9633626843733231,100.0,12.431234243208353,0.8435322726472008,200.0,0.4950655817083295,1.8290833925312469,-0.40062641287059364,1.2270024821184353,1.700823325907476,0.3833303389510548,0.10204081632653061,1,C:\Users\JHASHANK\Desktop\Maj_Proj\DFDC_Dataset\Fake\chcdlbscoh.mp4,DFDC_Dataset/Fake
133.59375,-0.914968987128266,104.6156988431681,0.8180474388341823,0.7844086265314985,0.6881291018239911,0.5042731714985432,-0.3766810046690692,35.15625,4.585955822119606,206.28208319047002,2.225652854624461,33.333333333333336,19.409014557808387,0.4979756219983665,33.333333333333336,0.44208573448118627,2.0891412567273604,-0.050171578106402936,2.154340535789326,1.1743065131988,0.23247933076259578,0.1292517006802721,1,C:\Users\JHASHANK\Desktop\Maj_Proj\DFDC_Dataset\Fake\chdbbbghqw.mp4,DFDC_Dataset/Fake
70.3125,-1.0135420810689757,114.30952132988165,0.8693295590488817,0.7950582551853078,0.6377894968023095,0.638384114917036,0.23470548120198603,42.1875,2.9803374578950903,191.0297182016251,2.2370779458997614,0.0,10.431101795340663,0.6225991381779791,0.0,0.5129407975157758,1.9682542281188964,0.0068891599998144315,1.407333315143101,1.2879165330755886,0.2679129406169101,0.1292517006802721,1,C:\Users\JHASHANK\Desktop\Maj_Proj\DFDC_Dataset\Fake\chgqmwtbyf.mp4,DFDC_Dataset/Fake
91.40625,5.356183374780636,105.53930999092599,0.7188184433351176,0.7954240332289135,0.7361556398094816,0.5972838869472847,0.07951627235687332,42.1875,4.940852770945394,185.04623570060187,-0.7198531832197534,33.333333333333336,21.53990041679153,0.6587444112835917,66.66666666666667,0.24691187538424253,1.5941597763835926,-0.25536081799145904,1.6492022422363894,1.2652072837041088,0.2726795322061852,0.1292517006802721,1,C:\Users\JHASHANK\Desktop\Maj_Proj\DFDC_Dataset\Fake\chhcmabekn.mp4,DFDC_Dataset/Fake
63.28125,-0.17212635818500982,140.05681778658547,0.8750786744846628,0.7475982536254859,0.6255925919517225,0.7452655475010846,0.37675081939150956,28.125,2.6095696760680767,205.38313098783098,2.052335694726806,16.666666666666668,16.080182514786745,1.1323984520400456,33.333333333333336,0.5497182553561291,1.9758635969898035,0.7253643486720311,1.5170596842810562,1.0916317673000058,0.3373926732972334,0.12244897959183673,1,C:\Users\JHASHANK\Desktop\Maj_Proj\DFDC_Dataset\Fake\chhjdmutms.mp4,DFDC_Dataset/Fake
49.21875,2.4618594831411986,130.3414319734477,0.8071796787120151,0.8225183592486368,0.7420000673498528,0.6163904310206402,-0.005326704515539025,7.03125,6.229040124358469,209.4389255992541,-147.86337611620272,0.0,12.49037832260961,0.990698677157456,0.0,0.42859384793785604,1.492150465509872,-0.7609478464050303,1.6750356053159963,1.193982962106992,0.33129059782555326,0.10884353741496598,1,C:\Users\JHASHANK\Desktop\Maj_Proj\DFDC_Dataset\Fake\chkwkxujis.mp4,DFDC_Dataset/Fake
56.25,7.9778792429133585,109.59521481849062,0.6872786036064926,0.7745503453811676,0.8098262807063119,0.49993402429940387,-0.3419039089135362,42.1875,7.198622282694337,145.55485983618226,0.027271431461581643,33.333333333333336,10.83696566582691,1.164579753490603,33.333333333333336,0.24973713326630265,1.2199703029397404,0.20514341471191244,2.138342138463266,1.4231001568737796,0.3329261836353518,0.07482993197278912,1,C:\Users\JHASHANK\Desktop\Maj_Proj\DFDC_Dataset\Fake\chmgkgvsyp.mp4,DFDC_Dataset/Fake
119.53125,1.0498914883415724,227.58950364055136,0.8047803663169443,0.8328451650237465,0.7136026323146014,0.7064304719165377,0.22438097351845562,42.1875,4.729755555464144,267.5185541650521,3.9473730750212632,0.0,14.219900331809484,0.5158110884695297,0.0,0.4258058589398074,1.8968277603257182,-0.781272368447254,1.4579479678547445,1.1073847370279442,0.4485340582696998,0.11564625850340136,1,C:\Users\JHASHANK\Desktop\Maj_Proj\DFDC_Dataset\Fake\choesqfxfo.mp4,DFDC_Dataset/Fake
56.25,6.206728568748115,116.85698761972068,0.7318193353194804,0.7847064551543654,0.7863619605397691,0.6855462508337553,0.30896678950635387,14.0625,8.31157204524397,158.16392091118416,-1.0268145193385392,16.666666666666668,12.88029319904721,0.8633006321075097,0.0,0.3358986928594745,1.4696134501806373,0.3839428442362145,1.479334044632695,0.6687777119041888,0.28972806847864635,0.08843537414965986,1,C:\Users\JHASHANK\Desktop\Maj_Proj\DFDC_Dataset\Fake\chprhivkyt.mp4,DFDC_Dataset/Fake
203.90625,-3.6088542195844413,65.4401054966097,0.9023505579442486,0.7717811426873704,0.6289637823760638,0.6615022078522086,0.012471883071853321,112.5,2.916519836350389,136.57302403816468,2.007682182557578,0.0,16.49047778377378,1.102144023178022,0.0,0.6397982011629223,2.4196961640148418,0.4314027161442153,1.5849937351248655,1.2301086511419153,0.21909972291684138,0.1360544217687075,1,C:\Users\JHASHANK\Desktop\Maj_Proj\DFDC_Dataset\Fake\chqfxmkwdq.mp4,DFDC_Dataset/Fake
63.28125,7.078740844822406,242.224770628796,0.6973324967782382,0.7462395559697813,0.8091039780234968,0.22912107472124343,-0.07537182741082461,7.03125,7.458279220248691,206.38660304332427,1.5964533020104068,133.33333333333334,18.369533171582233,0.5376538424680659,66.66666666666667,0.29295099907741134,1.3160256845223428,0.41197437321819796,1.5938413194973853,1.6031118435281246,0.5161801359138204,0.10884353741496598,1,C:\Users\JHASHANK\Desktop\Maj_Proj\DFDC_Dataset\Fake\chvwneqdcy.mp4,DFDC_Dataset/Fake
56.25,8.119224309978158,277.1068285777967,0.809751748388774,0.7904932861178009,0.6927400182425406,0.5640147081937198,-0.015878895431095434,56.25,4.161430148851238,284.7208889284237,1.7685525066960204,16.666666666666668,18.46813406591453,1.1156361414871476,33.333333333333336,0.37177603264327924,1.4475148291109292,-0.2661045682250873,2.1866118188223957,1.367355622007397,0.49263436191608306,0.08843537414965986,1,C:\Users\JHASHANK\Desktop\Maj_Proj\DFDC_Dataset\Fake\chwfrnpqbp.mp4,DFDC_Dataset/Fake
84.375,2.9515315554932613,131.2595936790322,0.8150539532929464,0.7792896429673657,0.7296111449491793,0.6326672120055276,0.29928752919202456,49.21875,4.855399583853927,191.2493475225918,2.4206915618113145,0.0,16.45937365088332,0.6111227903892847,0.0,0.4821608383580805,1.7820857822319658,-0.03797308363798013,1.4168286894052364,1.0674058181305028,0.26646684431081735,0.1292517006802721,1,C:\Users\JHASHANK\Desktop\Maj_Proj\DFDC_Dataset\Fake\chyajgtevi.mp4,DFDC_Dataset/Fake
84.375,-0.13603080907336146,92.7544880948,0.8481392390994681,0.7378741559868537,0.6432076351979787,0.5849278288708677,-0.06575789065531751,21.09375,4.0014783027295335,137.38742265828188,-2.976326379445538,16.666666666666668,23.295990797605285,1.2048239026984036,0.0,0.4759304278546887,1.6750074818726124,1.618795258203698,1.9376792064683364,1.5921613853139553,0.24373442127100733,0.1292517006802721,1,C:\Users\JHASHANK\Desktop\Maj_Proj\DFDC_Dataset\Fake\chzxlddmjo.mp4,DFDC_Dataset/Fake
77.34375,1.4734019699195384,95.74271077563378,0.8587966834578,0.7378280272761292,0.6787889448114601,0.7235311462238583,0.24765675542759327,35.15625,4.072006858444743,149.0371095976402,2.1786586205628415,33.333333333333336,23.150204459830523,0.9000235373224983,33.333333333333336,0.5434091594337942,1.8166207313272338,1.5676567932108982,1.7759493522127718,1.2648400296785514,0.29277002188455986,0.14285714285714285,1,C:\Users\JHASHANK\Desktop\Maj_Proj\DFDC_Dataset\Fake\ciaxcxtxix.mp4,DFDC_Dataset/Fake
70.3125,4.296676667495073,95.04488714282378,0.7639880368503608,0.7746417662706687,0.7244190009721179,0.5297511525678325,-0.18132149492134594,35.15625,5.365125623144549,116.1229550495553,-2.5391056630880837,50.0,10.350349416309157,1.1471885093561636,0.0,0.3198611052074133,1.3997242983239004,0.8152997410156151,1.796819320490157,1.014514703323676,0.2949041368502872,0.10204081632653061,1,C:\Users\JHASHANK\Desktop\Maj_Proj\DFDC_Dataset\Fake\cibkroqtxz.mp4,DFDC_Dataset/Fake
70.3125,0.21767801922980903,434.4047455923994,0.9165935598880163,0.628943709252716,0.6302317915189293,0.4869136139388097,-0.06561713162921207,28.125,2.7300972082842305,178.02108866598547,3.4062588636855256,50.0,17.011971107892382,1.0774503833955298,66.66666666666667,0.7215248986457444,1.8811895516934698,2.788634207794739,1.516625272152638,0.8642466515702218,0.6562949393842006,0.08843537414965986,1,C:\Users\JHASHANK\Desktop\Maj_Proj\DFDC_Dataset\Fake\cibunztqcw.mp4,DFDC_Dataset/Fake
56.25,-0.4258938221485996,189.98355191963333,0.8693123296991171,0.7068930372172229,0.6532510357459451,0.543707964251316,-0.02399796972716084,182.8125,4.128405442480122,153.80191950266197,-3.6906579469622613,83.33333333333333,8.18573466486485,0.9074345622218134,166.66666666666666,0.5488462129113213,1.9158452196037876,3.015740944513806,1.3546186152101884,1.1563953573380694,0.484543711852349,0.1360544217687075,1,C:\Users\JHASHANK\Desktop\Maj_Proj\DFDC_Dataset\Fake\cidzkctwby.mp4,DFDC_Dataset/Fake
70.3125,0.8530000828440866,115.47005383792512,0.899496128431366,0.6840318637447519,0.661388411886559,0.602709517564908,0.12708832327737232,63.28125,3.602882158496739,148.55662926802432,2.498075084662199,0.0,14.276920993560761,0.8398200733364062,0.0,0.6364790559888962,1.7798274422660179,4.106696552016396,1.7453628759949427,1.5254413631278902,0.35294117647058826,0.1360544217687075,1,C:\Users\JHASHANK\Desktop\Maj_Proj\DFDC_Dataset\Fake\cifhvelrvx.mp4,DFDC_Dataset/Fake
133.59375,-0.1851134515324877,116.476034731041,0.8419081696096266,0.7743633036586248,0.6717865396165371,0.5112814581976624,-0.11139492297032325,49.21875,3.5531983192527483,189.57001913743264,1.5247723451078274,16.666666666666668,25.93590167895743,0.8813490574222465,0.0,0.4216566793796992,2.174330878888477,0.6350820306897069,1.898473666687026,0.9205016359660166,0.29795219449448873,0.10884353741496598,1,C:\Users\JHASHANK\Desktop\Maj_Proj\DFDC_Dataset\Fake\cigxlofbkn.mp4,DFDC_Dataset/Fake
56.25,4.245044481450754,136.7865578712547,0.8078500318857251,0.7497402493833722,0.7168557833746373,0.653959233305873,0.2423993223678966,168.75,5.07617769303785,148.86270722580718,2.1929805737256087,16.666666666666668,13.789700132065615,0.8471787752248284,33.333333333333336,0.4748398915010714,1.4796124500232661,0.009761406047537946,1.7209268829089468,1.6708895443790863,0.37463127901086873,0.1292517006802721,1,C:\Users\JHASHANK\Desktop\Maj_Proj\DFDC_Dataset\Fake\ciminikxsj.mp4,DFDC_Dataset/Fake
63.28125,3.838803467668809,301.27045804208694,0.8360486989348402,0.676341764328463,0.6461977604758098,0.5827148609381794,0.04648640762574548,49.21875,2.914925522203022,223.7665684321018,-0.9388405981367846,33.333333333333336,8.382231260008542,0.7378553323552979,33.333333333333336,0.41135242751442974,1.474750520852338,0.8253446207784334,1.2924964243609012,0.8535060038926311,0.3972797248906641,0.06796116504854369,1,C:\Users\JHASHANK\Desktop\Maj_Proj\DFDC_Dataset\Fake\cintoxpsgf.mp4,DFDC_Dataset/Fake
42.1875,-1.3992462443732112,75.71877794400368,0.8597486881352053,0.8138912734951101,0.6474575958783446,0.7183822765890404,0.18944642863928612,77.34375,4.295578724227059,161.57960596443104,0.4346782635412421,16.666666666666668,10.769755139870195,1.1217941271300442,33.333333333333336,0.5593137324969104,1.7466560451121556,-0.2629455870933475,1.5479417058999714,0.9440900622807957,0.25043215244009415,0.1292517006802721,1,C:\Users\JHASHANK\Desktop\Maj_Proj\DFDC_Dataset\Fake\cioizeilvz.mp4,DFDC_Dataset/Fake
91.40625,-0.07142075975019939,103.06416555826871,0.8421864989278844,0.852587942098252,0.6555448244324403,0.6578438933065821,0.09340772848974131,56.25,4.080778592487133,196.36955442412258,0.88748724723869,16.666666666666668,25.018614145629297,0.9635288930654873,33.333333333333336,0.5074013033755504,1.991958085022092,-0.8228799238017728,1.4468187558385068,0.807614708248858,0.28185517771624563,0.1360544217687075,1,C:\Users\JHASHANK\Desktop\Maj_Proj\DFDC_Dataset\Fake\civzmohmef.mp4,DFDC_Dataset/Fake
84.375,9.33014595536796,110.09956212559118,0.7796330768932989,0.7984747949780561,0.7219041574954929,0.5722322880134658,0.1307686380354453,112.5,5.062928573931997,145.0931984794364,1.2804982777421436,16.666666666666668,21.856037377379664,0.727421346256765,33.333333333333336,0.323313121382845,1.9760964975979665,-0.22784320943320058,1.6969123777287405,1.7682610134453705,0.3115137498193789,0.1564625850340136,1,C:\Users\JHASHANK\Desktop\Maj_Proj\DFDC_Dataset\Fake\cixupjraoc.mp4,DFDC_Dataset/Fake
70.3125,0.7733513620562806,166.53327995729063,0.803675785071183,0.7273622666723529,0.7078416858390317,0.6657955051892787,-0.008994620861001161,56.25,5.996127726981655,173.23707769791122,1.921457895264379,16.666666666666668,12.377137445676915,1.4610924434561854,33.333333333333336,0.4235452383552481,1.5627506655237202,1.022702577981308,1.781171431111272,1.185217296849841,0.4453617714151233,0.1360544217687075,1,C:\Users\JHASHANK\Desktop\Maj_Proj\DFDC_Dataset\Fake\cjazrigwbq.mp4,DFDC_Dataset/Fake
56.25,1.0862490237857192,249.40902371628644,0.8332269523928488,0.829045101108722,0.6918705648757336,0.5082318306767004,-0.19053643900888173,28.125,5.367717150989787,199.26063501383737,1.438238309767623,16.666666666666668,15.781167201189664,0.6543536316777406,33.333333333333336,0.44490972049054656,1.7839593329956323,-0.5573140374840824,1.9114912228472065,1.4062287447525048,0.5477716212001188,0.08843537414965986,1,C:\Users\JHASHANK\Desktop\Maj_Proj\DFDC_Dataset\Fake\cjbejshqep.mp4,DFDC_Dataset/Fake
91.40625,0.6585561291900953,71.80219742846006,0.8418197328924049,0.8119459007535296,0.6718753501196579,0.28556081034660036,-0.5089121402748675,0.0,5.09731569110127,165.3742390856161,-1.2305062370422728,33.333333333333336,8.201414049139723,1.0020109013049987,33.333333333333336,0.5443357834327568,1.9160767131225802,-0.009250887963917265,1.9536568794458682,0.664514568808841,0.25488371161607787,0.10204081632653061,1,C:\Users\JHASHANK\Desktop\Maj_Proj\DFDC_Dataset\Fake\cjdiezyedv.mp4,DFDC_Dataset/Fake
63.28125,2.9217339308633723,191.48542155126762,0.8004323632463111,0.7457077893145712,0.7085187599164637,0.6616976693296881,0.14239624145525034,21.09375,5.475108067427325,191.97939280163277,1.8176186595060113,50.0,17.917977046512263,0.6761756072395433,66.66666666666667,0.3891952484475563,1.5483658875848696,0.5677338519199018,1.3553814470274819,1.0508107031197855,0.4576761470967237,0.10884353741496598,1,C:\Users\JHASHANK\Desktop\Maj_Proj\DFDC_Dataset\Fake\cjfcqpeycp.mp4,DFDC_Dataset/Fake
49.21875,2.7425783410988274,124.50175047386377,0.7575493137003655,0.7898949441960308,0.7533193479028157,0.6860465136320472,0.07927334889460848,21.09375,6.67941995060328,150.1993810831891,2.4856754024808656,16.666666666666668,15.640918663973535,0.6739215364673303,33.333333333333336,0.3239639218361388,1.6146082933139965,0.08497434323442388,1.4893869880629733,1.0863753045366,0.3451136323961561,0.1292517006802721,1,C:\Users\JHASHANK\Desktop\Maj_Proj\DFDC_Dataset\Fake\cjfwxrtjdc.mp4,DFDC_Dataset/Fake
63.28125,4.687027337396358,98.28651357713245,0.8111546155466101,0.7671886469733682,0.6957187092140447,0.5699160839487911,0.08061458371832668,105.46875,4.699438069182905,159.88547602827504,2.1784252033374574,0.0,22.13408838576124,0.6664722445588975,0.0,0.45668406697934527,1.7171015310890316,-0.12290826854030446,1.7319388626231116,1.3634204613774874,0.23003226581882066,0.1564625850340136,1,C:\Users\JHASHANK\Desktop\Maj_Proj\DFDC_Dataset\Fake\cjhflcxdas.mp4,DFDC_Dataset/Fake
126.5625,-2.9657057647364593,212.10584359910712,0.874644627814077,0.7755545209664843,0.6486773048239611,0.6401287169529175,-0.015015223372128557,77.34375,3.5153486970893497,161.92768436711836,1.6281100751898376,0.0,19.575320335793688,0.8235321296176198,0.0,0.5271243221052002,1.887184878753444,0.0491764074886647,1.8383136359641226,1.2682516339609433,0.5095328276197181,0.12244897959183673,1,C:\Users\JHASHANK\Desktop\Maj_Proj\DFDC_Dataset\Fake\cjndatpdcy.mp4,DFDC_Dataset/Fake
49.21875,5.67928762272838,104.71001541315755,0.7790237647870865,0.7822592510297024,0.7644043283973216,0.7092964663714896,0.45163327094846295,7.03125,6.42148297228017,170.8305129374158,2.2260411762820027,16.666666666666668,9.790968467423914,0.8418735492885318,0.0,0.4229485560278663,1.3766017514038176,0.08615502082499304,1.477372897317379,0.9459041807673334,0.24859212292332372,0.10884353741496598,1,C:\Users\JHASHANK\Desktop\Maj_Proj\DFDC_Dataset\Fake\cjoykobwyh.mp4,DFDC_Dataset/Fake
168.75,-1.8365508398202404,81.76204583776996,0.8606687977295846,0.7198594415119146,0.6823908513926836,0.6076034371881753,0.055700020530339185,21.09375,4.7538768961007625,182.59285289673605,2.6199375504690785,33.333333333333336,11.218979538568558,1.08694904145393,66.66666666666667,0.4973626504350364,2.310664741829004,2.191450433229913,1.7242204847552387,1.398303470169983,0.23712522789113383,0.17006802721088435,1,C:\Users\JHASHANK\Desktop\Maj_Proj\DFDC_Dataset\Fake\cjpjjjnsgz.mp4,DFDC_Dataset/Fake
70.3125,5.308317421193021,149.85177861992682,0.746989179578876,0.8137477236089483,0.7567218092544334,0.7859319983307724,0.5395163524174099,0.0,6.960704587161843,159.87132434655862,2.583009401164296,0.0,23.00406730321022,0.7970282531517967,0.0,0.32540085192436763,1.3842826158415014,-0.6083767716115158,1.270934001485443,0.8859589714252326,0.36561382548770655,0.1292517006802721,1,C:\Users\JHASHANK\Desktop\Maj_Proj\DFDC_Dataset\Fake\cjwzotwnnx.mp4,DFDC_Dataset/Fake
56.25,4.2339733822464245,115.58878914316469,0.8140091982741963,0.7993707113336309,0.6865618448827159,0.7066626646018269,0.19458781026917432,42.1875,4.098913696047492,279.43860160600093,1.5986750775110201,0.0,20.665945083835787,0.9268928828727551,0.0,0.39214312329922424,1.5802313350010984,-0.3346153087899797,1.5317618290641493,1.3589967586959486,0.3445789964362746,0.1360544217687075,1,C:\Users\JHASHANK\Desktop\Maj_Proj\DFDC_Dataset\Fake\cjzarnrphr.mp4,DFDC_Dataset/Fake
105.46875,4.448453766743131,155.6705923844749,0.7680230975026654,0.772320136496622,0.755659074680803,0.7072457748396412,0.1649896004592728,21.09375,5.786698290938909,191.2467254300784,2.3920588122131696,16.666666666666668,15.867048887469766,1.0315000506412444,33.333333333333336,0.4092826743043531,1.9555947545984853,0.07916619852895046,1.6627503991077333,1.3016223366123543,0.3408845088711129,0.1292517006802721,1,C:\Users\JHASHANK\Desktop\Maj_Proj\DFDC_Dataset\Fake\ckddyprqjv.mp4,DFDC_Dataset/Fake
63.28125,2.3288127637298777,173.97317800933183,0.8907527130309257,0.6916656930731803,0.6928085590324812,0.5443860787845907,0.029433581041386773,7.03125,4.629181889736943,163.84817361781288,1.6247918489558197,33.333333333333336,21.581423584421273,0.8216124390533668,66.66666666666667,0.675177167357569,1.8067476384882808,1.8750366884095007,1.6201156104007315,1.7740947579410693,0.43771820417805957,0.10884353741496598,1,C:\Users\JHASHANK\Desktop\Maj_Proj\DFDC_Dataset\Fake\ckeuvnxric.mp4,DFDC_Dataset/Fake
70.3125,2.9255653110994957,84.73185457363235,0.822613036656034,0.7696060797331015,0.7102090760284713,0.33501493837129676,-0.42630610913410627,105.46875,4.46749295182165,135.9793085451249,-7.032616193211936,100.0,13.276187862110387,0.901059741681323,200.0,0.4696820236977559,1.7487946044645162,0.7449912251269852,1.7420121788023233,1.566158372211172,0.23108687610990641,0.1292517006802721,1,C:\Users\JHASHANK\Desktop\Maj_Proj\DFDC_Dataset\Fake\ckgkmmgevx.mp4,DFDC_Dataset/Fake
105.46875,-1.315826642436657,140.79141387961917,0.8676980347132875,0.7867844201171453,0.6426938699907276,0.27300434980004595,0.18556932383483224,35.15625,3.593201755498486,171.65700826911052,3.174795711557251,100.0,18.814699553656457,0.6008386820156464,200.0,0.4802331916283891,1.90353518152184,-0.1471092512540051,1.7714781805468511,1.9307088518514615,0.3152046579394459,0.1292517006802721,1,C:\Users\JHASHANK\Desktop\Maj_Proj\DFDC_Dataset\Fake\ckhqbkkswv.mp4,DFDC_Dataset/Fake
49.21875,-0.4757382098868976,92.51113649984087,0.8803568484630521,0.7139918037749942,0.6473698308904501,0.6148455151875873,0.02149620084351364,63.28125,3.3371840767652468,144.47321951723114,3.75227557101739,33.333333333333336,9.933763708141747,1.1875977122324035,66.66666666666667,0.5397389965949855,2.0356514244421673,2.2247574141092388,1.6933271655358948,1.4090004406001917,0.2922736310934086,0.14965986394557823,1,C:\Users\JHASHANK\Desktop\Maj_Proj\DFDC_Dataset\Fake\ckkcbibrkd.mp4,DFDC_Dataset/Fake
105.46875,0.34045994312977657,152.75252316519465,0.8234962167676665,0.7478057302707721,0.6844086107564734,0.6683111765228459,0.15106530741848828,14.0625,4.427544390503073,169.25720746725653,5.634477425812704,16.666666666666668,14.240082616496945,1.0106340103943576,0.0,0.421340166153575,1.7893838898190386,0.8674326783121544,1.8422508051701476,1.1248988872577113,0.4101084078816145,0.1292517006802721,1,C:\Users\JHASHANK\Desktop\Maj_Proj\DFDC_Dataset\Fake\ckkhekfajw.mp4,DFDC_Dataset/Fake
112.5,-1.7900469840194608,89.50481054731702,0.8678540605335648,0.8137370149985076,0.6428205673328607,0.6859105751547729,0.16701790013558315,7.03125,3.1842068052910855,168.33325205465582,-5.210431948213852,0.0,15.863430614651566,0.8712367616476953,0.0,0.5518969438913872,1.9494556675271848,-0.26973401144412,1.579845767584945,1.3021848023669842,0.27573469733611833,0.1292517006802721,1,C:\Users\JHASHANK\Desktop\Maj_Proj\DFDC_Dataset\Fake\ckmjeilxpy.mp4,DFDC_Dataset/Fake
56.25,0.8637644909543829,121.10601416389964,0.8475542528178712,0.6895729906002144,0.6310317231534669,0.4930239066744379,-0.35059032687426495,42.1875,3.75762294351032,159.96999974238597,2.642907842810528,16.666666666666668,21.09887819916136,0.8554900898800603,33.333333333333336,0.40959385953887867,2.013139136707407,4.228961292784399,2.052957414356006,1.3642575196924422,0.3248449030667129,0.12244897959183673,1,C:\Users\JHASHANK\Desktop\Maj_Proj\DFDC_Dataset\Fake\ckphdgvojq.mp4,DFDC_Dataset/Fake
56.25,0.22017911645648383,150.88627063675034,0.8621158605180562,0.8258768306204061,0.6454663366976482,0.8181779057499368,0.4933465088686453,21.09375,3.9208549328911992,187.96558595741834,2.3433336893906658,16.666666666666668,26.6561395498837,0.5476268034930145,33.333333333333336,0.44593564725269014,1.855654933758695,-0.5010319171670727,1.3718372885575187,1.1877354010552894,0.35089830380639614,0.14965986394557823,1,C:\Users\JHASHANK\Desktop\Maj_Proj\DFDC_Dataset\Fake\cktnvixgub.mp4,DFDC_Dataset/Fake
63.28125,-0.5450236405504713,104.36298373041015,0.8794906829104371,0.692730337876138,0.5952791476292218,0.6656449869610248,0.24407625578384767,35.15625,3.0682274355181893,167.49600702720545,17.537995415817917,0.0,11.412211858085454,0.620741835079541,0.0,0.5027967082882937,1.8656346609771794,3.348992491043325,1.5327395436553335,1.0553997582842762,0.3217731829558064,0.11564625850340136,1,C:\Users\JHASHANK\Desktop\Maj_Proj\DFDC_Dataset\Fake\cktulounod.mp4,DFDC_Dataset/Fake
63.28125,6.1477637115034796,173.49351572897473,0.8074485642319894,0.7435132187589172,0.730999413930902,0.7327513821254555,0.3575780050441453,98.4375,5.331786066009141,192.86067278299868,7.533789366957491,0.0,17.47607486617541,0.6190902569838429,0.0,0.3969923815304912,1.4968390149670812,1.0237131664580827,1.4157284791320421,1.365690825907945,0.3744464368251253,0.12244897959183673,1,C:\Users\JHASHANK\Desktop\Maj_Proj\DFDC_Dataset\Fake\ckutryryek.mp4,DFDC_Dataset/Fake
140.625,0.293276912943583,99.18650595198403,0.8475619958995774,0.707744243684829,0.6920915556402556,0.581371400373207,0.33276762817347727,28.125,3.9555348722292902,154.0984328122458,2.4566607232013338,16.666666666666668,26.17248447486146,0.7260546214010501,33.333333333333336,0.5315423539497764,2.4357453160337537,3.15590537354565,1.6207494788735106,1.2617391849430954,0.2644973492052908,0.17687074829931973,1,C:\Users\JHASHANK\Desktop\Maj_Proj\DFDC_Dataset\Fake\ckwdmymgfn.mp4,DFDC_Dataset/Fake
98.4375,-1.0901391811521723,131.11095547141778,0.8788600860012,0.8207166116631924,0.6564485780602187,0.5541212146103245,0.1357382117394797,21.09375,3.6745567664201277,206.8868771872731,2.5350180752456914,0.0,14.978643080797955,0.8261224143975187,0.0,0.6334093346223946,1.933510265376812,-0.48240525331304873,1.5188134754449962,1.419649601981473,0.335400118647813,0.14285714285714285,1,C:\Users\JHASHANK\Desktop\Maj_Proj\DFDC_Dataset\Fake\ckxxswspou.mp4,DFDC_Dataset/Fake
70.3125,0.9338829699770781,88.6716094417354,0.9199820208463193,0.7778630121592389,0.6144824845073772,0.5644716286904118,0.11208358725639092,63.28125,2.6385706531239634,188.88841164140854,1.724027966088418,16.666666666666668,22.89603186692301,0.8936164323300786,33.333333333333336,0.6536450330156716,1.9796277695913072,0.07693437356982846,1.8489712773008253,1.8608089696821966,0.2400133789400356,0.1360544217687075,1,C:\Users\JHASHANK\Desktop\Maj_Proj\DFDC_Dataset\Fake\ckzxmjrjvi.mp4,DFDC_Dataset/Fake
98.4375,1.1625114047469511,88.88888888888891,0.8782428301881485,0.7829537127104039,0.6828560023007011,0.6667345348460492,0.181502192393824,49.21875,3.7390296017063127,174.77275809881974,-0.6447824873552682,0.0,17.59790776237889,0.736275670419767,0.0,0.6328692521296896,2.0281539571876634,0.05922757630325881,1.7044186052545145,1.4153877997707935,0.2806836077992403,0.1360544217687075,1,C:\Users\JHASHANK\Desktop\Maj_Proj\DFDC_Dataset\Fake\clcwqjmvjd.mp4,DFDC_Dataset/Fake
63.28125,7.289238570265372,92.96222517045284,0.7749186103650468,0.7028439888864467,0.7343455376711355,0.6617656317863337,0.10938006305713785,112.5,5.703188767251518,186.31128780311244,1.988770122492006,16.666666666666668,8.46108873652944,0.8265730874469664,33.333333333333336,0.3617019296268078,1.3373068072014922,1.2280595562356185,1.7561136500073264,1.390398747551407,0.22612433149569608,0.1292517006802721,1,C:\Users\JHASHANK\Desktop\Maj_Proj\DFDC_Dataset\Fake\clgpmpxpxa.mp4,DFDC_Dataset/Fake
70.3125,1.0931773740271358,94.51631252505217,0.8774180913359269,0.7914405499108377,0.6274249490305075,0.4868859024847777,-0.3214266104306808,49.21875,2.662970805512308,232.46757796742065,1.237158638037624,16.666666666666668,25.239398172037045,0.7301392087261713,33.333333333333336,0.37942449413868173,1.7311884305827598,0.31684595140854954,1.8289095752195403,1.3333394972559305,0.20849186586408566,0.11564625850340136,1,C:\Users\JHASHANK\Desktop\Maj_Proj\DFDC_Dataset\Fake\cljzmyuity.mp4,DFDC_Dataset/Fake
70.3125,2.510036223894332,138.79978776483378,0.8500748198142437,0.7606647866969845,0.7128464456214365,0.7546587590377796,0.32595733939824517,98.4375,5.07961923355903,203.63614293448836,4.972142166134887,0.0,18.123554901977425,1.0739499381271036,0.0,0.5399897893348671,1.7399577866332807,0.12038398620785973,1.3526855382361718,1.0503689630774191,0.33433525519996465,0.1564625850340136,1,C:\Users\JHASHANK\Desktop\Maj_Proj\DFDC_Dataset\Fake\clkgvdosxe.mp4,DFDC_Dataset/Fake
84.375,-2.2026425771188802,134.1572340677494,0.8713548923228438,0.8276583926532741,0.6277399079201677,0.6768080546578397,0.12927893173930138,28.125,3.14751609807616,163.05279333056762,1.5506589443838283,0.0,20.80599135978748,1.073047672110084,0.0,0.578597693760287,1.8916779807327109,-0.47471318511668104,1.5172764719750815,1.0930425295957527,0.3590163416392265,0.1292517006802721,1,C:\Users\JHASHANK\Desktop\Maj_Proj\DFDC_Dataset\Fake\clndjmjqbg.mp4,DFDC_Dataset/Fake
126.5625,-3.3841432045918025,134.20548092798262,0.9313039429005724,0.754463224163315,0.6254945530963176,0.6750425625890084,0.16349752458525335,35.15625,3.0147316025916844,183.96895961611412,2.6700639274924343,16.666666666666668,13.34810804975187,0.696616849596041,33.333333333333336,0.7567359776736747,2.430517226420604,0.6415024962161531,1.60384757611507,1.3972984953141117,0.29388061517076486,0.1292517006802721,1,C:\Users\JHASHANK\Desktop\Maj_Proj\DFDC_Dataset\Fake\cloymwmsgb.mp4,DFDC_Dataset/Fake
49.21875,1.818777062061678,167.33200530681512,0.853501109775552,0.7554981363427086,0.7129233932020547,0.8864179276157842,0.7422692645246954,91.40625,4.630584183460153,188.9625032158484,2.6879138826323716,0.0,9.930737450918572,0.6515577662639224,0.0,0.5622985414274624,1.6281534218086249,1.7330889823495657,1.0726344967223718,0.7568060398101554,0.4328560669884962,0.16326530612244897,1,C:\Users\JHASHANK\Desktop\Maj_Proj\DFDC_Dataset\Fake\clrdxzhlzn.mp4,DFDC_Dataset/Fake
84.375,0.29970764775237535,173.20508075688772,0.8314438827448997,0.7304895022353688,0.6475160781862306,0.6235024257041563,0.07134971403802735,35.15625,3.8679079887878554,180.48761404111934,1.4516163448153043,33.333333333333336,15.911544875347301,1.0538067284060078,66.66666666666667,0.4267450726627406,1.5968666675260859,0.8136666129994636,1.5555707181866913,1.3376420386523058,0.3902208407358699,0.10884353741496598,1,C:\Users\JHASHANK\Desktop\Maj_Proj\DFDC_Dataset\Fake\clsuuljblu.mp4,DFDC_Dataset/Fake
112.5,-3.0627395743541075,81.08066399625793,0.9083038698150854,0.7894057912262371,0.6193504721863473,0.30789124291798686,0.19935813386064208,7.03125,2.787429292071606,168.44362312534525,3.205194444902143,16.666666666666668,16.68936696950849,0.792933466924874,33.333333333333336,0.6373317767136247,2.149687775560876,-0.17665557304099888,1.5279914756558794,1.6703636000709898,0.21151477564241203,0.1564625850340136,1,C:\Users\JHASHANK\Desktop\Maj_Proj\DFDC_Dataset\Fake\clvtrdioyp.mp4,DFDC_Dataset/Fake
112.5,-1.7411937041513688,121.28936932440166,0.8746613432610805,0.7683116292623806,0.6565925106102218,0.6405985068954105,0.36638137485407846,0.0,4.061835170853728,190.60921942530058,2.971653956066222,0.0,17.33645838868746,1.03844531002043,0.0,0.5359117752042072,2.0735981141890827,0.09305461011540883,1.6671028058905308,1.0909973253573215,0.3063632775383713,0.1292517006802721,1,C:\Users\JHASHANK\Desktop\Maj_Proj\DFDC_Dataset\Fake\clwkkqwozj.mp4,DFDC_Dataset/Fake
98.4375,-2.042582875284443,88.11390558052089,0.8987800079187409,0.7717690675985834,0.636385795221873,0.6835245340427227,0.02583631976482607,91.40625,3.1261422497121614,145.70493284999228,0.8909942235962788,16.666666666666668,13.048514606106476,0.7435682427208117,0.0,0.5910615744652414,2.002244628379517,0.05996568864845253,1.8152738320879127,0.8924267946154505,0.28759855605463336,0.14285714285714285,1,C:\Users\JHASHANK\Desktop\Maj_Proj\DFDC_Dataset\Fake\cmbcebohin.mp4,DFDC_Dataset/Fake
126.5625,-1.677640305621255,127.19189352225939,0.8488966476338267,0.7480177383054569,0.686455928642451,0.726113277078916,0.15614952308884744,21.09375,4.8910305495736415,182.91097402126724,1.6939415863617342,0.0,11.491097279747816,0.4944974598604544,0.0,0.5069226081708557,2.0542787080096936,1.2669046205631105,1.763084363477413,1.0676694486788834,0.326094232637854,0.1292517006802721,1,C:\Users\JHASHANK\Desktop\Maj_Proj\DFDC_Dataset\Fake\cmchigmmtb.mp4,DFDC_Dataset/Fake
84.375,-1.4752151743090625,156.66666666666666,0.8412208698186637,0.7534208306380502,0.6383080777073754,0.8303606226764015,0.5227897281134669,63.28125,2.942963116767392,197.2977764071473,0.6902262527213325,16.666666666666668,8.486816862216688,0.9595882596784137,33.333333333333336,0.4174658774597384,1.486539240141481,1.1543128898980415,1.349152733775315,0.7687304018942133,0.38754952803248344,0.11564625850340136,1,C:\Users\JHASHANK\Desktop\Maj_Proj\DFDC_Dataset\Fake\cmdfrlzaou.mp4,DFDC_Dataset/Fake
63.28125,2.509991840022172,312.4444395052947,0.8249069108079823,0.6600928932060658,0.6672354670681158,0.690034708093379,0.32999592970750535,133.59375,3.6637289489704337,143.886574794971,2.5902925600396234,0.0,14.461382263335283,0.8178515558246936,0.0,0.3681391972184328,1.4961456922154337,2.6774498065698227,1.4893095810308603,1.2206361668433814,0.6660490966715252,0.11564625850340136,1,C:\Users\JHASHANK\Desktop\Maj_Proj\DFDC_Dataset\Fake\cmewuiizwx.mp4,DFDC_Dataset/Fake
63.28125,6.658191394730492,153.51393908194598,0.7473718155138296,0.7741571137793557,0.7174290925702798,0.6948526105803332,0.2341952372817839,42.1875,4.858977536366672,224.454895098865,2.1571104624276405,0.0,22.56257786485505,0.6384504551200146,0.0,0.24459849634966327,1.4738667644432115,0.30535524075633846,1.78033889869941,1.4350740484684754,0.3315901084170033,0.11564625850340136,1,C:\Users\JHASHANK\Desktop\Maj_Proj\DFDC_Dataset\Fake\cmgybxlatl.mp4,DFDC_Dataset/Fake
189.84375,-3.61323031850819,96.41843936904186,0.8849871837416723,0.7570770845465792,0.6418542356956543,0.5734490928592579,0.0706251277376306,126.5625,3.7123283756265586,128.33044402067972,-2.8896951326502847,0.0,13.817292635116152,0.9228735839368833,0.0,0.468709351189087,2.1818392834443863,0.8345905865402861,1.725466798637039,1.5911164928554606,0.2806208309994503,0.1360544217687075,1,C:\Users\JHASHANK\Desktop\Maj_Proj\DFDC_Dataset\Fake\cmhmrfjfna.mp4,DFDC_Dataset/Fake
63.28125,3.1505261316094586,152.60697523012797,0.7500215634569307,0.8401009839142901,0.761100048472688,0.7919466704887901,0.7131810304514561,7.03125,6.844451610642733,160.47269346665303,4.515315268785664,16.666666666666668,19.284981891626273,0.9319890073723556,33.333333333333336,0.3620755968898979,1.5291504725598515,-0.6900510881377118,0.7963371738158131,0.7794194630550441,0.3934442648201402,0.12244897959183673,1,C:\Users\JHASHANK\Desktop\Maj_Proj\DFDC_Dataset\Fake\cmliuimutv.mp4,DFDC_Dataset/Fake
56.25,1.6259430994667858,130.2361364874033,0.7727239798473161,0.8240580443846884,0.6654114806842161,0.1855269978922921,0.1757489822278567,35.15625,4.755137607395398,221.72344034947926,-1.0518730229988325,150.0,21.825890674269104,0.6214957653545643,133.33333333333334,0.3705519858573081,1.4482956753576623,-0.7918119272226463,1.5624861937291348,1.3172990347335962,0.21535109182956447,0.08843537414965986,1,C:\Users\JHASHANK\Desktop\Maj_Proj\DFDC_Dataset\Fake\cmmoeaeftx.mp4,DFDC_Dataset/Fake
70.3125,5.42269164312763,194.4356259023213,0.7443306980701722,0.7733951950765324,0.7491237710424323,0.6454540104201487,0.20610961423152085,28.125,5.098814105359809,207.92720668139614,1.1066568554100757,16.666666666666668,20.39065736553702,1.238724087946708,33.333333333333336,0.1962881868979968,1.4765376048500378,0.7035876811751387,1.5065248065886419,1.5222481766650027,0.4579484653047764,0.08843537414965986,1,C:\Users\JHASHANK\Desktop\Maj_Proj\DFDC_Dataset\Fake\cmpmbimess.mp4,DFDC_Dataset/Fake
84.375,-1.8391218143686452,89.99540851465152,0.9093119093896556,0.7467655412549803,0.6025170795033618,0.5874836737339546,0.0261948809239202,56.25,2.8535011185491004,186.36181743102728,1.8324437465952235,0.0,17.543697205014237,1.1931093248235511,0.0,0.6874293454233549,2.119120112114879,3.6414128229918896,1.7444964782196504,1.4501987533611913,0.23950390975673388,0.14285714285714285,1,C:\Users\JHASHANK\Desktop\Maj_Proj\DFDC_Dataset\Fake\cmqjpitmyj.mp4,DFDC_Dataset/Fake
119.53125,-3.363239906545474,89.17538769431614,0.9066264931659244,0.7805580379942292,0.6294316039897019,0.5343230131901572,-0.23752304898444337,21.09375,2.786706197395344,151.58340086920958,1.8629770541347859,16.666666666666668,15.905249462766879,1.1096437754666686,33.333333333333336,0.6156504351423626,2.059553099326913,-0.03876536524665086,1.878706004050268,1.2829607554864715,0.2317155743238136,0.13768115942028986,1,C:\Users\JHASHANK\Desktop\Maj_Proj\DFDC_Dataset\Fake\cmqryxvrjs.mp4,DFDC_Dataset/Fake
126.5625,-3.031606392830345,116.57808522225058,0.827497755458839,0.8123222062670256,0.6390058088786357,0.5171910625910263,0.473385157120611,42.1875,3.4378176741963347,185.70992440610942,1.5127281772331205,16.666666666666668,22.30673675632194,0.7027141574989383,0.0,0.4028149915369673,2.118840355938329,-0.4735450787749418,1.244600278558336,1.1961170628704956,0.2828732950245786,0.1360544217687075,1,C:\Users\JHASHANK\Desktop\Maj_Proj\DFDC_Dataset\Fake\cmsgfgmofg.mp4,DFDC_Dataset/Fake
49.21875,1.8959976698650904,71.80219742846006,0.8049997041380842,0.7271708652441351,0.6970145517329327,0.8187405461652304,0.4416543953618258,56.25,4.823656787999932,153.66389622745103,-0.9993560469966343,0.0,11.340208100598128,1.365367439533686,0.0,0.40570581186482735,1.5339029712012549,0.7864041265797947,1.4794202802489393,1.116333336175724,0.24080732065382351,0.11564625850340136,1,C:\Users\JHASHANK\Desktop\Maj_Proj\DFDC_Dataset\Fake\cmvncstbkx.mp4,DFDC_Dataset/Fake
56.25,1.706931965197106,124.31913333666803,0.8550078933534959,0.8028959413513864,0.6664090544758736,0.49703683718103475,0.0272327585631595,28.125,3.691303256746393,139.5964435819079,1.6000350424267025,33.333333333333336,17.145716962695655,0.7705174001054491,66.66666666666667,0.49448242696458244,1.6898202712169892,-0.29346253218659957,1.6397527612842957,1.396958661429382,0.33650291730225934,0.1360544217687075,1,C:\Users\JHASHANK\Desktop\Maj_Proj\DFDC_Dataset\Fake\cmxooumvba.mp4,DFDC_Dataset/Fake
119.53125,-0.30064451633126665,53.851648071345046,0.8014209282920207,0.784765823312104,0.709670482062454,0.4103235067833446,-0.20274106453529542,84.375,5.3256143248392664,221.34618996362195,0.44767736230583444,66.66666666666667,11.8013966790065,0.8032077801314036,133.33333333333334,0.3563067717387119,1.7961014785189364,0.2050599388009382,1.9108745351668721,1.8493403188402282,0.12146988286769558,0.12244897959183673,1,C:\Users\JHASHANK\Desktop\Maj_Proj\DFDC_Dataset\Fake\cmyhcrqfnl.mp4,DFDC_Dataset/Fake
63.28125,4.397540338582877,100.77750998979329,0.8631798267742521,0.826785454665244,0.6706833395949165,0.6420925802643762,0.1106981999685407,84.375,3.7167376373625682,164.0271058709795,1.23539308509967,16.666666666666668,25.364614968290333,1.0533317075785196,33.333333333333336,0.5930221981641031,1.786006659817851,-0.631498894123856,1.446379792749556,1.248784981802562,0.28507405639737543,0.1360544217687075,1,C:\Users\JHASHANK\Desktop\Maj_Proj\DFDC_Dataset\Fake\cnbgfhcdkl.mp4,DFDC_Dataset/Fake
84.375,0.3212937417113363,101.97698542100348,0.8787243936457743,0.7219603388184415,0.6784221765361258,0.675134755951835,0.14259512514803882,0.0,4.7004577182644915,253.75019341187178,2.2270819060363616,16.666666666666668,19.00956759934763,0.809812998410896,33.333333333333336,0.6375769501207754,1.9773610834504183,1.2339510451034723,1.554288572992311,1.0519871887788317,0.3372275679908957,0.10884353741496598,1,C:\Users\JHASHANK\Desktop\Maj_Proj\DFDC_Dataset\Fake\cnbxddelwb.mp4,DFDC_Dataset/Fake
56.25,5.646440211057191,81.31295703740794,0.7897045093688997,0.7933892736772901,0.6747843799929186,0.4168635525893584,0.2048585079059785,84.375,4.940717405735983,190.7853710333029,2.792275878705719,66.66666666666667,7.578763849424407,0.6942165655089685,33.333333333333336,0.35316241981706187,1.4904998195318808,0.37910612760850926,1.7646330757245692,1.115137860070299,0.17705240645242057,0.1292517006802721,1,C:\Users\JHASHANK\Desktop\Maj_Proj\DFDC_Dataset\Fake\cnjzvuvdrg.mp4,DFDC_Dataset/Fake
63.28125,4.476740639548158,237.60358525954737,0.8253052517358404,0.7528783266313372,0.6966600272429024,0.6709284103165453,0.2319705537352453,35.15625,3.9474662800753793,141.814394281862,1.7546108186285951,0.0,24.011875911785808,0.9735298925703367,0.0,0.4152313697700633,1.5691555120928204,0.23767900690907373,1.6502254234238565,1.4611564588289583,0.544508216219796,0.12244897959183673,1,C:\Users\JHASHANK\Desktop\Maj_Proj\DFDC_Dataset\Fake\cnkbkvykej.mp4,DFDC_Dataset/Fake
168.75,-3.301765871500745,56.594592019070056,0.8577600972571485,0.7663028431416506,0.6530710786383584,0.6278275688293986,0.16742721099011237,112.5,3.9736133088936683,129.69953451202701,1.5467892019596345,16.666666666666668,25.38490147431471,1.1108735317183769,33.333333333333336,0.5464271143240557,2.1595120144437105,0.4101311604541751,1.5225417644305754,1.4719030139832279,0.18556096133176928,0.14965986394557823,1,C:\Users\JHASHANK\Desktop\Maj_Proj\DFDC_Dataset\Fake\cnlypryluk.mp4,DFDC_Dataset/Fake
84.375,-0.2153706172265712,91.31223741405675,0.8591354762568001,0.6653105205247308,0.6741195270223252,0.5775063257253173,-0.0968622683989327,42.1875,3.926290165000115,160.30559849528623,2.270885994465627,0.0,11.689640118887098,1.320505153553314,0.0,0.5010125656743414,1.6665769459820952,4.221871814899731,2.156677372081781,1.0969007887285522,0.262431940540739,0.08843537414965986,1,C:\Users\JHASHANK\Desktop\Maj_Proj\DFDC_Dataset\Fake\cnnyovajio.mp4,DFDC_Dataset/Fake
77.34375,-1.7169183471268945,108.24588545146517,0.8623700181367525,0.7521472815196394,0.6327429654058789,0.5785970193371932,0.1699056112263293,0.0,3.1986975916381555,179.54116753615835,0.7276843032317434,50.0,20.809545752713312,0.8266316444174808,33.333333333333336,0.4662573687468769,1.755303194891871,1.5045177049320753,1.4358080747942774,0.6877029709170356,0.29373317500134677,0.10884353741496598,1,C:\Users\JHASHANK\Desktop\Maj_Proj\DFDC_Dataset\Fake\cntwvadfii.mp4,DFDC_Dataset/Fake
63.28125,2.279925719022507,115.71036638473186,0.7941984297190812,0.7721132434996719,0.7144240330339138,0.7671890071542762,0.294962983291281,0.0,5.855932047491421,136.73559212828317,2.52700766064378,0.0,10.129419549776848,0.8672606436590784,0.0,0.4330478482670401,1.5956513986935457,0.17440049389597911,1.574655752472354,1.0242456510653868,0.3258127158050144,0.11564625850340136,1,C:\Users\JHASHANK\Desktop\Maj_Proj\DFDC_Dataset\Fake\cnvkzbnefj.mp4,DFDC_Dataset/Fake
112.5,-2.401107141980681,115.51815634108969,0.910737098761084,0.7564831332488854,0.6052416025754284,0.71793190514711,0.15918322915341065,14.0625,2.957864913337492,201.41377209986697,1.7722079726074016,16.666666666666668,15.141056120583322,1.0456034968734467,33.333333333333336,0.6436661133903052,2.0734453451111325,0.9297197269285213,1.0927441936766744,0.9192186188800857,0.3027681011209073,0.12244897959183673,1,C:\Users\JHASHANK\Desktop\Maj_Proj\DFDC_Dataset\Fake\cnvpcernca.mp4,DFDC_Dataset/Fake
98.4375,-1.0167043779935043,99.9313893572744,0.9052998408533265,0.7538958773418619,0.6495886599478637,0.570795671919065,0.05341109800914791,7.03125,3.2774519861607083,174.14205764375578,3.6738682177583444,0.0,15.654554855877805,0.8545768378349899,0.0,0.6800017389717263,1.8393953333639834,0.35357363914113593,1.7691693033861875,1.748351355888778,0.2993088685899034,0.16326530612244897,1,C:\Users\JHASHANK\Desktop\Maj_Proj\DFDC_Dataset\Fake\cnxccbjlct.mp4,DFDC_Dataset/Fake
119.53125,-1.2200552295896596,122.19065248845983,0.8406046965067663,0.7299683589536643,0.6759637471247085,0.5922135457376976,0.11103965977981325,42.1875,3.975752794425599,237.4274699830758,2.1713636073417146,0.0,24.41332245092795,0.7939511169879088,0.0,0.46718881857375116,1.9465793626456978,0.9933009690537524,1.615514388267472,1.5549330242790544,0.30142979992594704,0.1292517006802721,1,C:\Users\JHASHANK\Desktop\Maj_Proj\DFDC_Dataset\Fake\coatfjiush.mp4,DFDC_Dataset/Fake
161.71875,-2.4351603826561603,63.037809543945656,0.8645052348743951,0.7606227903150787,0.6420922310540862,0.6171236225650065,0.0025937248901282185,77.34375,3.2615965822163053,149.09133683869482,1.5751635386690863,0.0,29.916274754353456,1.029294128187209,0.0,0.518774757852309,2.366184257090058,1.359001125159093,1.817728531612034,1.378035762638266,0.21382714087491256,0.14285714285714285,1,C:\Users\JHASHANK\Desktop\Maj_Proj\DFDC_Dataset\Fake\coawjwyyjo.mp4,DFDC_Dataset/Fake
77.34375,-0.7079370839184826,210.38782889880494,0.8649249457554478,0.7803221735869902,0.6268321115385183,0.789286399289276,0.5392787577263648,70.3125,3.066635107664118,422.3656063003683,1.4604570018568384,0.0,17.759347671782542,0.8290112644251083,0.0,0.4869494825010974,1.7010696416760518,-0.02160524839490785,1.0368588789564845,0.990450144109175,0.3744190175317715,0.06802721088435375,1,C:\Users\JHASHANK\Desktop\Maj_Proj\DFDC_Dataset\Fake\coayfxnsgw.mp4,DFDC_Dataset/Fake
91.40625,-2.4906183730447147,155.7776192739723,0.8521386396882863,0.699563053724966,0.6495235883715302,0.45569640671193146,-0.22588770191368954,126.5625,3.9889642797457032,153.72585391856148,1.6619679891601635,83.33333333333333,19.609948293044837,1.212799885684483,166.66666666666666,0.5350307500614105,1.806120013982972,3.171253132005532,2.0177323353257526,1.8001573072285697,0.41017309269811325,0.11564625850340136,1,C:\Users\JHASHANK\Desktop\Maj_Proj\DFDC_Dataset\Fake\coegoetjpm.mp4,DFDC_Dataset/Fake
77.34375,1.6320559321362689,98.27036415867849,0.8890582644798316,0.7082423994849105,0.6535719992629833,0.7914822224568634,0.4777082382574033,14.0625,4.186483624168148,179.74008960358864,-0.3363848955298646,0.0,17.316807847262787,1.6541594653598746,0.0,0.6473334504341982,2.014898606692791,4.16999353303988,1.3952360839461513,0.8071223917339329,0.29703611341871733,0.08843537414965986,1,C:\Users\JHASHANK\Desktop\Maj_Proj\DFDC_Dataset\Fake\cogxmahduk.mp4,DFDC_Dataset/Fake
84.375,3.0310938669766014,137.27506854649332,0.8040848814945999,0.819283514498355,0.7215726041197463,0.7126054520493492,0.35812971480092765,0.0,5.004040583457903,221.88208474393178,0.9090950099439287,0.0,23.910652871179742,0.904663391795501,0.0,0.35996462641543586,1.6341266196082482,-0.48273574990096924,1.3711566855561756,1.2150423471564322,0.32173844190584383,0.10204081632653061,1,C:\Users\JHASHANK\Desktop\Maj_Proj\DFDC_Dataset\Fake\cohkwaxnvw.mp4,DFDC_Dataset/Fake
147.65625,0.13717970591569703,115.7083823759805,0.8019150820578806,0.8130036017174145,0.7092295676513054,0.8114735016304848,0.6213189551154111,70.3125,4.75498397443188,175.55357797799735,2.195318501966357,0.0,16.417582719097773,0.4944604561283697,0.0,0.30648947485345523,2.060530869258651,-0.35103594916729364,1.0634485827869027,0.8881032426271545,0.31661792997277793,0.14285714285714285,1,C:\Users\JHASHANK\Desktop\Maj_Proj\DFDC_Dataset\Fake\condbpyazo.mp4,DFDC_Dataset/Fake
70.3125,1.3573684573505316,129.69575033254168,0.8633872798503732,0.8349997820062312,0.6514681395618712,0.7301153758945165,0.2059796116051621,63.28125,4.353874672408486,158.90574295098267,2.161733431919209,33.333333333333336,12.931326513920778,0.7073572438157792,33.333333333333336,0.49475551036822646,1.7241166949388327,-0.5117706332694003,1.280411033469528,0.7796311586259339,0.359540194486144,0.11564625850340136,1,C:\Users\JHASHANK\Desktop\Maj_Proj\DFDC_Dataset\Fake\connsjyvsl.mp4,DFDC_Dataset/Fake
70.3125,1.9879237782059174,149.89708403591158,0.8900465909375488,0.8206092888151868,0.6445440543839777,0.5977897821120066,0.11320181677877249,21.09375,3.319485512913834,223.7949512095921,2.158713433515065,16.666666666666668,23.08865160046402,0.42341028798912766,33.333333333333336,0.5328984810633342,1.9410386014152745,-0.27676011521591803,1.4284263315285757,1.259224188681398,0.34471093663437796,0.1292517006802721,1,C:\Users\JHASHANK\Desktop\Maj_Proj\DFDC_Dataset\Fake\conodqbmpe.mp4,DFDC_Dataset/Fake
84.375,3.2202326205619043,108.11944697793648,0.8380048965370257,0.7745636663650116,0.7011955541691057,0.6346810677934251,0.21760120083051787,126.5625,4.6751471655404355,145.16386172577333,1.5564812443518836,16.666666666666668,26.755695256177003,0.814082039217155,33.333333333333336,0.42830052270709507,1.86320969868299,0.6818446637825941,1.6948723178481735,1.471255827342359,0.30355298679228604,0.1360544217687075,1,C:\Users\JHASHANK\Desktop\Maj_Proj\DFDC_Dataset\Fake\convzgmiqk.mp4,DFDC_Dataset/Fake
119.53125,-3.6613934825699217,85.74694002066835,0.8918663302050472,0.7822317075315958,0.6106058323863378,0.666246601882199,0.08904533891421333,14.0625,2.775469212903283,166.25139020862403,0.7037184558802071,0.0,27.35145189186465,1.0809732693252874,0.0,0.5725466598295443,1.995587244384386,0.4019784435621303,1.7613519924567096,1.2191731061300097,0.30365691072111545,0.10884353741496598,1,C:\Users\JHASHANK\Desktop\Maj_Proj\DFDC_Dataset\Fake\copybkdfji.mp4,DFDC_Dataset/Fake
77.34375,2.2431602369193997,127.92042981336625,0.8432864769052262,0.781834351333438,0.6611929608430168,0.7013608419939861,0.18279411897915912,91.40625,3.942756522404093,169.9323004844461,2.5866751130612924,16.666666666666668,11.956840015473169,0.6841004948337421,33.333333333333336,0.3970082553290597,1.7696388068526958,-0.11794170906686441,1.3376351876124606,1.0108249421412996,0.3388939773615504,0.14285714285714285,1,C:\Users\JHASHANK\Desktop\Maj_Proj\DFDC_Dataset\Fake\corsygyivy.mp4,DFDC_Dataset/Fake
63.28125,2.2078944870443333,175.62586496425988,0.8699720154193882,0.7335546407221932,0.6287025341508402,0.41876663906206946,-0.15248831280865785,84.375,3.1659942212240377,176.23363429851628,-4.010966097192449,66.66666666666667,20.034520360849655,0.8280252480009026,133.33333333333334,0.43225492096901974,1.898093598476292,1.0238999042957735,1.885591356832509,1.8071565620388026,0.3991496931005906,0.1360544217687075,1,C:\Users\JHASHANK\Desktop\Maj_Proj\DFDC_Dataset\Fake\corzuofzie.mp4,DFDC_Dataset/Fake
91.40625,-0.9345079968721238,130.12814197295424,0.8797433220769825,0.8682469304547177,0.6144895422155889,0.5965661191104157,0.19965753067531808,14.0625,3.434157615615857,180.10464667902517,1.3742232476559089,16.666666666666668,16.012735478898673,0.9022662096572179,33.333333333333336,0.4566328423632886,2.026027166052535,-1.1362218294805204,1.2866165841985087,1.1823481669232896,0.33864233607357,0.11564625850340136,1,C:\Users\JHASHANK\Desktop\Maj_Proj\DFDC_Dataset\Fake\cotvlcroov.mp4,DFDC_Dataset/Fake
119.53125,-2.8429875552055215,124.54361128179602,0.8522834308581942,0.815738757465227,0.6430460963143472,0.5992437259465159,0.08042784799402214,49.21875,3.6769923514531904,146.627799673423,1.2734142188252362,16.666666666666668,14.490994463122728,0.7790115528956537,33.333333333333336,0.47378921723916306,2.1134252274223426,-0.45813283383568537,1.560032926778873,1.4150826046791236,0.36402160712511894,0.14285714285714285,1,C:\Users\JHASHANK\Desktop\Maj_Proj\DFDC_Dataset\Fake\cpcuxqcgzp.mp4,DFDC_Dataset/Fake
42.1875,-0.17046995319324326,83.28702416980526,0.9028380921902674,0.6863180569016989,0.5939690741650899,0.7589838187212525,0.3308964069158515,21.09375,3.3846239134686673,144.16376633580714,1.7500859105125337,0.0,7.349837842357508,0.931672662100228,0.0,0.6292269936727521,1.7165139282256197,2.995593199991501,1.5850482990238677,0.9355433583439912,0.2647047168178613,0.1564625850340136,1,C:\Users\JHASHANK\Desktop\Maj_Proj\DFDC_Dataset\Fake\cphtzishek.mp4,DFDC_Dataset/Fake
49.21875,5.137864353196843,105.4619467970425,0.753484358130762,0.82535093218566,0.7411842485543291,0.6729097655046683,0.18641516299876812,35.15625,6.22371708803581,149.76192420696134,1.3212598125962232,50.0,16.216330862908016,0.9066481292085591,66.66666666666667,0.33759932696213957,1.3382288840519476,-0.7774660063284671,1.383792326177192,1.2795214242971027,0.27041524819754487,0.11564625850340136,1,C:\Users\JHASHANK\Desktop\Maj_Proj\DFDC_Dataset\Fake\cplbyzaslf.mp4,DFDC_Dataset/Fake
84.375,1.4548321864301648,112.47031897159646,0.8553183215982625,0.7828553683503326,0.6488119016452616,0.6063078794482771,0.0865919865086705,7.03125,4.033916215955613,160.49356011901543,2.3856470872654976,0.0,22.85742118135474,0.7490546434669767,0.0,0.4637005886827747,1.991459323482543,0.04796859054261082,1.6779181180438212,1.425881488456089,0.3067372335588994,0.1564625850340136,1,C:\Users\JHASHANK\Desktop\Maj_Proj\DFDC_Dataset\Fake\cpsttjlkme.mp4,DFDC_Dataset/Fake
84.375,1.5912388559844777,86.55798028268268,0.8652757124949189,0.7273881860091264,0.6504203894788979,0.5880367098614225,-0.09251570422423318,63.28125,3.394870552890782,139.38894432217631,1.721221109348227,0.0,15.224836581525963,0.86561832968255,0.0,0.5093774420905419,1.7317326005006977,1.3010321348161629,1.9422802571641165,1.1347350055040326,0.2547593598731442,0.1564625850340136,1,C:\Users\JHASHANK\Desktop\Maj_Proj\DFDC_Dataset\Fake\cpwfwaurge.mp4,DFDC_Dataset/Fake
49.21875,2.3124155398491677,84.4144744071765,0.8574657830139494,0.7086044506513389,0.6738158934642724,0.7772048331149517,0.3424266124343966,63.28125,4.623718342900758,175.7718446768145,1.5218138767785112,0.0,15.177609296315309,1.3850543164818614,0.0,0.5174162109589224,1.6014161652077967,3.56223360519013,1.5315822688157776,0.9723948361368145,0.24377011365784204,0.1292517006802721,1,C:\Users\JHASHANK\Desktop\Maj_Proj\DFDC_Dataset\Fake\cpwjaveeeq.mp4,DFDC_Dataset/Fake
63.28125,-1.158341793171144,120.0,0.9052866309628083,0.7659835672576591,0.6090301131237025,0.8472762847995747,0.591526810904466,21.09375,2.4132422161333937,198.46609125329283,2.094705159032009,0.0,15.882022484447926,0.597785823391392,0.0,0.6067941349390765,1.8769845835285313,0.39353397232874743,1.2189892474953758,0.8390368033918892,0.31093469424911646,0.1564625850340136,1,C:\Users\JHASHANK\Desktop\Maj_Proj\DFDC_Dataset\Fake\cpwmxjfltv.mp4,DFDC_Dataset/Fake
56.25,-0.686757317055048,73.71114795831996,0.9072587154036368,0.8144295308084067,0.603618880578416,0.682783049866514,0.08592013728645913,28.125,2.7262677006290166,178.08748736450468,1.6184470820453527,0.0,21.082562355145257,0.8132488243499655,0.0,0.626850648984033,1.9420891091411303,-0.4710719876693803,1.6034755840535861,1.243601616852327,0.18275491229335522,0.1292517006802721,1,C:\Users\JHASHANK\Desktop\Maj_Proj\DFDC_Dataset\Fake\cpxdooypve.mp4,DFDC_Dataset/Fake
84.375,2.2171627175738617,80.97205585386297,0.8766007722138138,0.7489314245953707,0.6797097743785598,0.32480500789609545,-0.4452785320528184,42.1875,4.276422899407722,196.87031403580212,2.3961157616372026,100.0,22.49062600461237,0.8152376912776506,200.0,0.5903350157485183,2.059114504782822,1.162520091941336,2.1972725889054243,2.122338892229223,0.25598375272837076,0.14965986394557823,1,C:\Users\JHASHANK\Desktop\Maj_Proj\DFDC_Dataset\Fake\cqevoiruai.mp4,DFDC_Dataset/Fake
70.3125,3.7203186489520994,197.51543149590194,0.8017631153312736,0.6717550905477093,0.7000047875076099,0.6423525734640969,0.03497069602696838,63.28125,4.471420105426218,209.3850765504497,0.00479442469321572,16.666666666666668,12.241704766028583,1.1010967300261763,0.0,0.33721591763449654,1.400296948775724,3.3004308654277192,1.7830466028269825,1.187548823671007,0.4438643609643109,0.10204081632653061,1,C:\Users\JHASHANK\Desktop\Maj_Proj\DFDC_Dataset\Fake\cqgihowwhl.mp4,DFDC_Dataset/Fake
105.46875,0.21396171980024398,131.02162671355697,0.8722913319001667,0.8109070235843169,0.6696606128957873,0.9127879063201412,0.758472274246506,28.125,3.730414198699196,191.75325016807312,0.7486709168690433,0.0,16.37380922557244,0.7084542923801891,0.0,0.589249451115652,1.8017551746015306,-0.10154459991379827,0.7776936761647212,0.630883025709559,0.291159170474571,0.1292517006802721,1,C:\Users\JHASHANK\Desktop\Maj_Proj\DFDC_Dataset\Fake\cqjpvlbjiy.mp4,DFDC_Dataset/Fake
70.3125,4.077868175040799,202.7028252742168,0.7750464970623995,0.773988655910846,0.7090594445050971,0.6097613771638201,0.01727321587855236,21.09375,4.925942762160934,270.1703493017467,1.8550280792888096,0.0,12.327536759666726,0.5287025656898748,0.0,0.3866180756078788,1.4106287469012488,0.0894571047804873,1.7430338034060475,1.0721097290334753,0.4159835887203872,0.10204081632653061,1,C:\Users\JHASHANK\Desktop\Maj_Proj\DFDC_Dataset\Fake\cqrjepnrii.mp4,DFDC_Dataset/Fake
70.3125,0.7973128241714666,64.31020501550125,0.8931286382328687,0.7709935150812991,0.6366985157289693,0.629145986883991,0.2591251040606635,91.40625,3.532782194189675,150.56333321805178,2.316013391711497,0.0,10.388662573540788,0.9758705709820902,0.0,0.6271351207358575,1.905171835867621,1.1920932982956494,1.5263429843256906,1.352129639681594,0.21682822983578381,0.1564625850340136,1,C:\Users\JHASHANK\Desktop\Maj_Proj\DFDC_Dataset\Fake\cqsgfwcots.mp4,DFDC_Dataset/Fake
98.4375,-1.0154260938749022,149.89708403591155,0.8474598338320841,0.7933803956221184,0.6369411319792357,0.6961947810726903,0.419423943253708,56.25,2.819949184557653,213.2337316685095,2.357849492842032,0.0,13.896498334021263,0.6397188076414062,0.0,0.439999870339056,1.7028715725574597,0.8283063096603351,1.2713156506747418,0.9574291016254417,0.36772580878222416,0.1292517006802721,1,C:\Users\JHASHANK\Desktop\Maj_Proj\DFDC_Dataset\Fake\cquygcocfz.mp4,DFDC_Dataset/Fake
91.40625,4.761159324962439,88.19171036881968,0.8220900318593373,0.7645256997138584,0.6620307734595687,0.8048348027902983,0.5445908461199777,42.1875,3.399340730619908,166.49200032561328,1.3707405036910563,0.0,18.998897760151973,1.2150671432015008,0.0,0.4287721520549906,1.9167192069999859,0.5087169240895775,1.297145258104877,0.8440719134139967,0.2577909765060276,0.1360544217687075,1,C:\Users\JHASHANK\Desktop\Maj_Proj\DFDC_Dataset\Fake\cqvgopmkna.mp4,DFDC_Dataset/Fake
70.3125,3.935221096856049,260.7414641193669,0.809671124282461,0.7025994957014985,0.7137415791398412,0.4744099065296997,-0.0190170887000159,7.03125,6.177564006946781,186.6250006894329,1.3821738857139627,33.333333333333336,20.384525768820584,0.9624507730039012,66.66666666666667,0.4675452389480278,1.6450307755159077,2.0330312060416915,2.1730862462874003,1.7488815620409133,0.4669996372287169,0.10204081632653061,1,C:\Users\JHASHANK\Desktop\Maj_Proj\DFDC_Dataset\Fake\cqxwnhupme.mp4,DFDC_Dataset/Fake
126.5625,-2.14566471032271,110.55415967851333,0.873588966061476,0.7821547583814261,0.6376168586498963,0.40681664921000854,-0.16291917573847683,77.34375,3.567805163412607,197.8538366877141,1.9532688697001066,0.0,15.745697602597168,0.5719070741567758,0.0,0.5351418682463075,2.06902572590645,-0.15580223942350546,1.9256442353239822,1.803916167432626,0.3481454707606082,0.1292517006802721,1,C:\Users\JHASHANK\Desktop\Maj_Proj\DFDC_Dataset\Fake\cqzpcuukhp.mp4,DFDC_Dataset/Fake
168.75,-4.510518242549873,115.83699701107247,0.8989417867142391,0.8102744753837374,0.6056911666986233,0.5121620519833019,0.0014172047246901267,49.21875,2.6452584933042043,162.23425554104267,2.2350021047995283,33.333333333333336,18.13195981748479,0.6415471878084648,66.66666666666667,0.5779186603186334,2.314311040239942,-0.5153925217424313,1.609422489091884,1.4249968134270177,0.29161761485304954,0.14965986394557823,1,C:\Users\JHASHANK\Desktop\Maj_Proj\DFDC_Dataset\Fake\cracusggal.mp4,DFDC_Dataset/Fake
119.53125,-0.1583223617663014,77.13892158398701,0.8442437560878927,0.80778917235181,0.702352840833347,0.5551528064652664,-0.30340873565558807,105.46875,4.536877225946373,161.30545808776375,-0.8299173812887459,33.333333333333336,22.166044203944494,1.0431539080630416,33.333333333333336,0.5133322952538641,2.3148380281164616,-0.4457009805376626,2.096997214682444,1.3151799637260193,0.20865446002225993,0.12244897959183673,1,C:\Users\JHASHANK\Desktop\Maj_Proj\DFDC_Dataset\Fake\crbxbmyldj.mp4,DFDC_Dataset/Fake
63.28125,6.285874722882494,203.5352839116161,0.7601816891550056,0.7758530504655227,0.7481126525986054,0.5034344703753075,-0.21528157468592068,28.125,5.249478907335224,168.5296357433182,1.5966460242317508,16.666666666666668,15.201390013750121,0.9490184546434994,0.0,0.37707467254431026,1.3208260174730646,0.24017185902535942,1.8566245080658101,0.7349747701258913,0.4686426100204833,0.12244897959183673,1,C:\Users\JHASHANK\Desktop\Maj_Proj\DFDC_Dataset\Fake\crcrqrsyik.mp4,DFDC_Dataset/Fake
84.375,1.7794911790461618,79.03094875601252,0.8945907109998193,0.7284804109597918,0.6354651287897563,0.4542289947088766,-0.4343083999508532,35.15625,2.750457968805095,146.0313752627606,1.0598923641142544,33.333333333333336,24.948183808061742,1.3657633085747682,66.66666666666667,0.5163158343546658,1.8621628490419357,1.1791098945318677,2.079957066744657,1.4593314831709059,0.22831162973959174,0.17006802721088435,1,C:\Users\JHASHANK\Desktop\Maj_Proj\DFDC_Dataset\Fake\crejnrpfwu.mp4,DFDC_Dataset/Fake
119.53125,-0.5301198117811025,85.34606386520676,0.859009478444179,0.8191567965506356,0.6974526856731356,0.5829899528549015,0.16666146300645596,21.09375,4.714445921704802,177.1678932325126,2.03224905575941,16.666666666666668,14.571829791707984,1.0738030147092643,0.0,0.6106704926598522,1.9757856546213095,-0.5553421670573186,1.7360693665607714,0.9537029097342997,0.22591605140790028,0.14285714285714285,1,C:\Users\JHASHANK\Desktop\Maj_Proj\DFDC_Dataset\Fake\crervajrku.mp4,DFDC_Dataset/Fake
63.28125,3.4003603655238894,123.60330811826105,0.862667909887081,0.7664102934311946,0.6719629022165513,0.6270813564944935,0.1600696523187532,91.40625,3.416679111363289,164.5813993502455,4.262103507876709,16.666666666666668,16.400581369969117,0.7136459718210586,33.333333333333336,0.5245651849476058,1.6536907940951393,1.1223806629377293,1.684323083702731,1.4027490749391862,0.3454312705853357,0.11564625850340136,1,C:\Users\JHASHANK\Desktop\Maj_Proj\DFDC_Dataset\Fake\crgoxxvpxp.mp4,DFDC_Dataset/Fake
119.53125,-4.216897603779329,107.70329614269008,0.882422286520911,0.7752284189666423,0.6214514396259723,0.49813642771690164,-0.05452450920101895,21.09375,3.1181381494529528,147.7427286420434,2.5596505101478066,100.0,17.43080848619023,0.9547899194421121,200.0,0.5050421961639696,2.0437711800338567,0.8144692757325047,1.7832054915984332,1.7120494030654014,0.32577976064848757,0.1360544217687075,1,C:\Users\JHASHANK\Desktop\Maj_Proj\DFDC_Dataset\Fake\crqybwddzz.mp4,DFDC_Dataset/Fake
126.5625,-5.135038011076817,100.77750998979327,0.88212779590348,0.7249603676818228,0.6073566804261602,0.8346959411909531,0.6219401090865453,42.1875,2.9292521525131954,120.58745046344701,-5.667097655707656,16.666666666666668,21.960165768265277,1.017381308738836,33.333333333333336,0.5032783438363211,1.9875838683237703,1.2268402309316935,1.4203928329476334,0.9533650524101349,0.3111726167186071,0.14965986394557823,1,C:\Users\JHASHANK\Desktop\Maj_Proj\DFDC_Dataset\Fake\cruebsmlgr.mp4,DFDC_Dataset/Fake
56.25,6.21548863625002,172.35098233288696,0.716569251122159,0.7440520547512967,0.7313653552563809,0.7243226925942658,0.3347367888248083,35.15625,4.871787969655564,296.9537819619845,0.14391739685993665,16.666666666666668,9.785414158933378,0.7376017236074415,33.333333333333336,0.18660027680208016,1.2202323837787488,1.038291471916641,1.4891511965879793,1.3708581389832433,0.3596890066077641,0.10204081632653061,1,C:\Users\JHASHANK\Desktop\Maj_Proj\DFDC_Dataset\Fake\crvjayqqcl.mp4,DFDC_Dataset/Fake
119.53125,-0.7139637271759757,101.8350154434631,0.8452400156870523,0.7695818249628988,0.6931450495930567,0.47334445230931044,-0.323349137950903,56.25,4.106002604347305,217.65011498223905,1.4990264986902166,0.0,13.110555406455193,1.4506183361458398,0.0,0.5214157305222247,1.9113183741621125,0.10244078976890636,2.1016414867408653,1.4120761007164546,0.2661870503597123,0.12244897959183673,1,C:\Users\JHASHANK\Desktop\Maj_Proj\DFDC_Dataset\Fake\crvnokpuao.mp4,DFDC_Dataset/Fake
49.21875,4.024867350053809,86.06629658238705,0.8105781007463596,0.729869100804784,0.7145112056302187,0.7304183581897266,0.2770448941302624,7.03125,5.264859917774192,163.38033533984805,1.3417417539195768,0.0,10.549308350459278,1.5621779702128775,0.0,0.32260650083065495,1.5529681864361151,1.965894968190554,1.558257819448884,1.2048078068356975,0.23472626340651012,0.10204081632653061,1,C:\Users\JHASHANK\Desktop\Maj_Proj\DFDC_Dataset\Fake\cryxhnrndp.mp4,DFDC_Dataset/Fake
140.625,-3.853963918870666,121.15187896924165,0.8709312193284682,0.8139325078061502,0.6304335241394763,0.44233757770053067,-0.05894704168360566,42.1875,3.1214005609359163,174.52974176213812,1.9839879400136566,50.0,10.094083095912534,0.41964063421669345,100.0,0.5079626428889618,1.8710992830586397,-0.27692128025558915,1.9035581786914646,1.6625014781895753,0.30722590239437947,0.1360544217687075,1,C:\Users\JHASHANK\Desktop\Maj_Proj\DFDC_Dataset\Fake\csakctnwak.mp4,DFDC_Dataset/Fake
49.21875,7.124295946122584,151.897012254888,0.7769269668785408,0.7445931065436988,0.7352784762398684,0.5253079910723438,-0.05342706140183864,98.4375,5.237436233922614,178.77511199291558,4.090665311586069,66.66666666666667,9.38852641222699,0.9265986384526005,133.33333333333334,0.40168590589906444,1.2940180844716138,1.0820917969310218,1.6029282706098928,1.4394735194398307,0.35976032218489407,0.11564625850340136,1,C:\Users\JHASHANK\Desktop\Maj_Proj\DFDC_Dataset\Fake\csdqvhefzs.mp4,DFDC_Dataset/Fake
49.21875,-0.12655627661597663,84.41447440717648,0.8745162061449284,0.7294120717228595,0.6555829794117435,0.6024662631328662,-0.005316488909310119,14.0625,4.714301358468744,159.192366247638,-1.9034270019258024,0.0,8.77237946924868,1.1815632467901893,0.0,0.5988433250454628,1.8860980104068445,0.789010079845204,1.7485715044845718,1.4231742521866764,0.21763106683100186,0.12244897959183673,1,C:\Users\JHASHANK\Desktop\Maj_Proj\DFDC_Dataset\Fake\csflwluoeb.mp4,DFDC_Dataset/Fake
63.28125,-2.307882477148577,218.47959477565257,0.8587456212709792,0.6119575257364266,0.6141793656870063,0.7197567733943246,0.3072554915571553,91.40625,2.9039060903115637,198.00482611353056,-0.8033158592954572,33.333333333333336,14.587673638977677,1.1984967847451415,33.333333333333336,0.41883367390419357,1.9377296202855605,5.551788920456072,1.3899849443931513,1.1194218258635342,0.474955640816636,0.09523809523809523,1,C:\Users\JHASHANK\Desktop\Maj_Proj\DFDC_Dataset\Fake\cshdgzvfpe.mp4,DFDC_Dataset/Fake
119.53125,0.285201786856242,93.55059955788951,0.756584516441358,0.7792379262015969,0.7348619287103536,0.7513827664483728,0.4743614522667645,0.0,5.835802431441239,182.20448983082292,1.8576737852847447,16.666666666666668,19.724070317534455,0.576865765577424,33.333333333333336,0.3220321685722805,1.7465229999547085,-0.06264737844065849,1.3642576050844744,1.1729485874510428,0.1884974767211207,0.11564625850340136,1,C:\Users\JHASHANK\Desktop\Maj_Proj\DFDC_Dataset\Fake\cshlbvfpzi.mp4,DFDC_Dataset/Fake
119.53125,-0.8106824014186603,142.6767428463572,0.8624440075529822,0.7305213322894081,0.6942470765718115,0.5300078915534241,-0.1287508134692863,77.34375,4.68550463496303,181.0126262222163,2.447172005004594,16.666666666666668,10.449541659628274,1.0414793151514796,0.0,0.5501162824414257,2.16111923677717,3.0008089463007224,1.7516244751117354,1.1952693751683299,0.39409299231220696,0.1292517006802721,1,C:\Users\JHASHANK\Desktop\Maj_Proj\DFDC_Dataset\Fake\csikkbsnia.mp4,DFDC_Dataset/Fake
98.4375,-1.7262429328506392,135.2739434648124,0.8268029570147669,0.7749597477468649,0.6695976454136578,0.6225244244404844,0.025205053299230017,56.25,4.149187678411524,198.71854521837852,1.9970359403355806,0.0,9.98873870051541,0.6226021786676532,0.0,0.42073557440646786,1.632626585900311,0.8220974973012694,1.7189226281782823,1.2919998877751953,0.3248790231279984,0.11564625850340136,1,C:\Users\JHASHANK\Desktop\Maj_Proj\DFDC_Dataset\Fake\cslsbufmpu.mp4,DFDC_Dataset/Fake
168.75,-3.753673082932675,122.9421986369745,0.9094664455688362,0.7340640980280215,0.6298890910219679,0.6818670324476497,0.08696800589275637,84.375,3.5100848398672255,183.0465795902851,1.3699730082100958,0.0,11.95507132879397,0.8431338067108536,0.0,0.6655628398002419,2.569828593154397,0.9469757263148839,1.855186063465094,1.181226258400665,0.3120840426938583,0.14965986394557823,1,C:\Users\JHASHANK\Desktop\Maj_Proj\DFDC_Dataset\Fake\csnkohqxdv.mp4,DFDC_Dataset/Fake
42.1875,-5.493846983680247,114.93959766377777,0.9024026629257225,0.8205563096207736,0.5803214814559059,0.7369891523847489,0.24011338100394938,35.15625,3.356078872142805,146.03717955945896,1.9215654126412007,0.0,10.08129892102705,0.7929074605828481,0.0,0.5895324637595667,2.3644452645581033,-0.636441417986314,1.625868377991443,1.134497528533688,0.3396381845573942,0.1292517006802721,1,C:\Users\JHASHANK\Desktop\Maj_Proj\DFDC_Dataset\Fake\csnzuyltso.mp4,DFDC_Dataset/Fake
203.90625,-3.5020296827158255,126.92955176439847,0.9014021287651779,0.7911984855581224,0.6319862844783342,0.7704825364812857,0.3474657092446538,98.4375,3.0308014953420885,148.24528357545407,2.8765311628255694,0.0,15.90104410454698,0.566143118548269,0.0,0.6556507844177312,2.394289997666292,0.7883956987903891,1.6365532298068886,1.0767667926463338,0.3563875129928299,0.12244897959183673,1,C:\Users\JHASHANK\Desktop\Maj_Proj\DFDC_Dataset\Fake\csonnyogpm.mp4,DFDC_Dataset/Fake
112.5,-0.3331662074365249,137.9847111866456,0.8436800637916719,0.729415338682313,0.7034940480788482,0.3620566776987291,-0.5791563598276148,21.09375,5.1664957901000506,194.02663260096347,-0.7092244296271323,83.33333333333333,20.46422871719559,0.9101265659820127,166.66666666666666,0.5254406578958288,1.8934758478258,0.35030185851638596,2.4035296418484706,1.6074915318622518,0.3285734506885401,0.1292517006802721,1,C:\Users\JHASHANK\Desktop\Maj_Proj\DFDC_Dataset\Fake\cspsgyxwqt.mp4,DFDC_Dataset/Fake
63.28125,0.761564756319302,184.59164139817946,0.8555575049407128,0.8428468933220558,0.6848766426467027,0.6526233638182595,0.2786292273760776,14.0625,4.226960853635527,195.22332807512726,1.3112484743673143,16.666666666666668,11.803728714800041,1.3909894704007457,0.0,0.4847467520194692,1.6944087213142682,-0.3474833871325598,1.4939729817003615,1.284208215170628,0.46332796657995473,0.08843537414965986,1,C:\Users\JHASHANK\Desktop\Maj_Proj\DFDC_Dataset\Fake\cspsmrguki.mp4,DFDC_Dataset/Fake
42.1875,-1.283461141202871,103.33333333333333,0.9023445037069967,0.6912145692341427,0.5778827008379568,0.48386778463923347,-0.21638026493055182,77.34375,2.7010291700582245,168.34942267460278,-0.33842033452203873,100.0,11.490828720852058,1.3212776278534857,0.0,0.6113668334268049,2.0582188582087593,3.3273864750684083,1.9964662469488796,0.9091034101924865,0.30486603889642533,0.1292517006802721,1,C:\Users\JHASHANK\Desktop\Maj_Proj\DFDC_Dataset\Fake\cspxwzuccg.mp4,DFDC_Dataset/Fake
77.34375,0.2576625057820372,122.24747213928164,0.8735454567741601,0.7132615094817701,0.6436362569134544,0.8379026311835205,0.6284870732568547,56.25,3.188529777554231,202.32211157129353,2.977567285817708,0.0,11.294219467365746,0.6674022897673146,0.0,0.5472438772633242,1.6201083869103186,3.4718739339809446,1.2912792016997856,1.0802349138961587,0.31980107453341566,0.14965986394557823,1,C:\Users\JHASHANK\Desktop\Maj_Proj\DFDC_Dataset\Fake\csribdbvgz.mp4,DFDC_Dataset/Fake
70.3125,3.514871687221745,95.70240653862344,0.8727773336766101,0.7879918586352435,0.6645618810805307,0.6123968741058942,-0.0272317795906613,70.3125,3.4262172179527255,173.73301270741658,7.800681982190039,16.666666666666668,15.185082194463488,0.8920540848880815,33.333333333333336,0.5553357063663469,1.6995624612396927,0.15811775587984567,1.8988057382661656,1.2973006487593488,0.2629989798007972,0.1360544217687075,1,C:\Users\JHASHANK\Desktop\Maj_Proj\DFDC_Dataset\Fake\cssoselqjy.mp4,DFDC_Dataset/Fake
70.3125,1.8484257926718464,157.8941276791368,0.8238125055762693,0.8110277956138656,0.7156345360937896,0.4843935387758769,-0.033762130207398676,28.125,5.126247208326413,214.44246028796204,1.5060785620252846,100.0,15.189914978348696,0.8353874297106967,0.0,0.5060694398637039,1.6656269002670319,-0.25517235603803545,1.9028182273563121,1.1222169742404502,0.38031787113311094,0.1292517006802721,1,C:\Users\JHASHANK\Desktop\Maj_Proj\DFDC_Dataset\Fake\csvfaepgno.mp4,DFDC_Dataset/Fake
133.59375,-2.4660030104805735,81.92137151629672,0.8227414706595855,0.7824293500805671,0.6505995435739893,0.9321491339548094,0.8958706858345469,63.28125,3.533973636018972,186.39985243068227,1.8154334728445496,0.0,18.022685174600777,0.7883608568820443,0.0,0.3361654401795382,1.7774346508597154,0.18477248279512226,0.5219443189365235,0.6435666855703761,0.2351352747535623,0.12244897959183673,1,C:\Users\JHASHANK\Desktop\Maj_Proj\DFDC_Dataset\Fake\csvhhhydcr.mp4,DFDC_Dataset/Fake
84.375,1.764595053948773,120.68065304084772,0.867857022569265,0.8003879974461651,0.6764814540173723,0.43634574236460466,-0.027923920712740996,98.4375,3.8830631252386048,177.11619596594898,0.6939885490596632,33.333333333333336,25.89871802149603,0.8210255333735158,66.66666666666667,0.6116957677073259,1.936136974580933,-0.08133191989016231,1.6734510374301805,1.2960821619700054,0.31776096261066133,0.14285714285714285,1,C:\Users\JHASHANK\Desktop\Maj_Proj\DFDC_Dataset\Fake\csvqixkrdb.mp4,DFDC_Dataset/Fake
98.4375,-0.28510413764364445,168.12693617224656,0.869503437254555,0.6917239422277736,0.6426177209361066,0.49932560188068004,0.006615936911877488,56.25,3.285907781776076,179.26050734008166,1.5413651648556095,50.0,15.154780689164093,1.065379789799704,100.0,0.5129608646347887,2.008418296766092,3.7591276712773514,2.0818449110882984,1.9499508751923404,0.4003022289815394,0.14965986394557823,1,C:\Users\JHASHANK\Desktop\Maj_Proj\DFDC_Dataset\Fake\cswvrrtrfi.mp4,DFDC_Dataset/Fake
70.3125,-0.7115367846436466,82.73115763993904,0.9213104984715607,0.688627675696857,0.5903669892426471,0.4615563601008827,-0.36617827299364153,49.21875,2.711573442983268,154.6950430108879,-0.4437149558134216,33.333333333333336,11.0474607920886,1.1895820199543252,66.66666666666667,0.7028745274560946,2.0847015803794298,1.564783225806175,2.0388937132853093,1.599343751796038,0.23867913671845975,0.11564625850340136,1,C:\Users\JHASHANK\Desktop\Maj_Proj\DFDC_Dataset\Fake\ctapiptgpv.mp4,DFDC_Dataset/Fake
56.25,4.801538915160912,97.25337294473462,0.8399928915595638,0.7921362907359439,0.6869550474654527,0.5648271248010832,0.00783401059865674,21.09375,4.853479404728527,179.10719139856184,1.7072733646544096,16.666666666666668,18.25455034476822,0.863036547632891,33.333333333333336,0.5095886924476789,1.6635943299844214,0.37071708100502443,1.858137473039526,1.680345930426241,0.2468739467058648,0.10204081632653061,1,C:\Users\JHASHANK\Desktop\Maj_Proj\DFDC_Dataset\Fake\ctckdmusun.mp4,DFDC_Dataset/Fake
70.3125,5.437416555669494,146.5865045145191,0.8333962928531571,0.7850216479931956,0.6986799603602316,0.35681351569391645,-0.2722322243563531,56.25,4.481544196209324,162.00425406347136,-3.186795557783285,100.0,18.957843232736607,0.776915292332964,200.0,0.45374113943717154,1.7336368642809472,-0.2451563224333424,2.1181970116515516,1.9522711820130623,0.350532945578198,0.1292517006802721,1,C:\Users\JHASHANK\Desktop\Maj_Proj\DFDC_Dataset\Fake\ctjewcqxee.mp4,DFDC_Dataset/Fake
126.5625,-2.804351696313879,118.76313904403288,0.8640614066425274,0.7947896554387716,0.6388621762149476,0.6650313028355164,0.2966096204345106,49.21875,3.280792891402282,155.30220574584965,1.941158274366508,0.0,21.985197378287683,0.7829467123096824,0.0,0.4974709428469929,2.111432021191267,-0.1497385207064328,1.1945461739150256,0.9407190508153381,0.27795628286901314,0.14965986394557823,1,C:\Users\JHASHANK\Desktop\Maj_Proj\DFDC_Dataset\Fake\ctjgmxfaxe.mp4,DFDC_Dataset/Fake
98.4375,0.3964375076740476,86.66666666666666,0.8439012590909846,0.6633667058481375,0.664617411237927,0.4983308650139656,-0.24156097011511646,14.0625,3.4167539653668295,188.3444320248367,-1.4783933115160417,33.333333333333336,21.663974875942987,1.3646511922611888,0.0,0.47734062822084616,1.8076265717113809,3.703399921637142,1.6998236207096673,1.3788680305200878,0.24343224778007383,0.10884353741496598,1,C:\Users\JHASHANK\Desktop\Maj_Proj\DFDC_Dataset\Fake\ctmwfvnugu.mp4,DFDC_Dataset/Fake
77.34375,-1.3857500468809045,67.35753140545634,0.9515250278688252,0.771986521440958,0.5881299089980979,0.6559930231498887,0.21332861449978013,126.5625,2.196337332667334,148.79066184580313,-2.0399310547613028,0.0,15.663838828179166,0.8058513569466664,0.0,0.8121187926836196,2.1580775342144825,-0.187127275814174,1.628913456684872,1.4695833736383668,0.22360679774997896,0.1564625850340136,1,C:\Users\JHASHANK\Desktop\Maj_Proj\DFDC_Dataset\Fake\ctoeplyxsc.mp4,DFDC_Dataset/Fake
126.5625,-4.146914761276737,119.50902646832752,0.9180880334573739,0.7525228636903297,0.6238166478347469,0.6145387141586555,0.054359300114269246,91.40625,3.425963937609721,178.78338166183795,2.7604833590025084,16.666666666666668,12.28260489164339,0.8105058347116699,33.333333333333336,0.6939813513794278,2.029798257757037,0.9728856865839086,1.7505575936862983,1.3341249771729702,0.30512942928083625,0.14285714285714285,1,C:\Users\JHASHANK\Desktop\Maj_Proj\DFDC_Dataset\Fake\ctpzxfjbmt.mp4,DFDC_Dataset/Fake
63.28125,4.41051391167078,149.94211846205482,0.7977551570926799,0.7495416239761619,0.7212133370307595,0.7538828985405652,0.2676266079099206,49.21875,5.106249308076809,219.36562638052618,2.090329684196316,16.666666666666668,16.15845796855628,0.8150788024750443,33.333333333333336,0.35408982362194225,1.422007970757046,0.4828570018510363,1.3075334389605793,0.7680280769076988,0.34317429251230674,0.10884353741496598,1,C:\Users\JHASHANK\Desktop\Maj_Proj\DFDC_Dataset\Fake\ctsoiluvvz.mp4,DFDC_Dataset/Fake
77.34375,-1.703319181230642,165.8829309374718,0.829576053021675,0.6647292275157819,0.6477961878331128,0.7005685860647126,0.3333151470697214,77.34375,3.8437768309836895,265.3088296021025,1.781986911673308,16.666666666666668,5.915938472062285,0.7139262136153631,33.333333333333336,0.3636546754753478,1.525228886910416,2.374579626030889,1.4780674809666554,1.4258285331738263,0.3526644988434439,0.061224489795918366,1,C:\Users\JHASHANK\Desktop\Maj_Proj\DFDC_Dataset\Fake\cttbiujgiv.mp4,DFDC_Dataset/Fake
203.90625,-3.2842710240663764,65.69540420811758,0.8877432378655885,0.7935096095278225,0.6439243881923224,0.59582614604451,0.13445432715261973,112.5,3.1715040385969524,144.36035256917773,3.11681168989358,0.0,18.071259278485947,0.7928323518369362,0.0,0.5705181794186212,2.5076523442001157,0.12010753734492585,1.533344552215655,1.336674843780243,0.22188007849009167,0.17687074829931973,1,C:\Users\JHASHANK\Desktop\Maj_Proj\DFDC_Dataset\Fake\ctvgzogjqz.mp4,DFDC_Dataset/Fake
56.25,1.2852311089721737,122.74635093014646,0.7976853881510998,0.8472311875526807,0.6845392375965966,0.8270757910274067,0.6355165267547731,14.0625,4.968109146383824,179.29019621863134,-2.287311905248112,0.0,18.828236286226197,1.4476672121332739,0.0,0.43250260063930607,1.5288152998624907,-0.6055727616705884,1.2426958931814232,0.9314932147675851,0.3167045677989918,0.08843537414965986,1,C:\Users\JHASHANK\Desktop\Maj_Proj\DFDC_Dataset\Fake\ctwqyniuuk.mp4,DFDC_Dataset/Fake
105.46875,1.1508937277209546,159.5604387299112,0.7644797058880365,0.794041759048452,0.7390463682897422,0.6168136567666376,0.03346791460335727,0.0,6.315211378286593,201.13460738245902,2.3357471686609736,50.0,19.76322040480903,0.8214177773126626,100.0,0.36880216670675203,1.6360312311472625,-0.2507177888631733,1.6558382686550426,1.3800567047327743,0.38559258372665833,0.14285714285714285,1,C:\Users\JHASHANK\Desktop\Maj_Proj\DFDC_Dataset\Fake\ctwvhdkmkx.mp4,DFDC_Dataset/Fake
63.28125,4.511064069315726,173.95521454290085,0.7376466652386539,0.7982845968658833,0.7908382084682606,0.8085752229942049,0.7519683415385969,21.09375,7.219613802291276,146.5790953155863,1.9920857017100377,0.0,15.888910645320902,0.7158754839723791,0.0,0.3193277686891656,1.5007685598378926,0.8074597262997041,0.9945006877882113,0.7440549448764694,0.3830068078716527,0.08163265306122448,1,C:\Users\JHASHANK\Desktop\Maj_Proj\DFDC_Dataset\Fake\cuaqzwwuzw.mp4,DFDC_Dataset/Fake
84.375,0.9199922919611347,143.5394250005637,0.8267120854508657,0.8102428632871022,0.7120490314615104,0.7820657544733128,0.5186830734254805,56.25,5.40680974251615,223.30131333134526,1.4432270243571428,16.666666666666668,11.96709802787006,0.7043815140589171,33.333333333333336,0.41099440243058183,1.5940792954370286,-0.047937479062172716,1.0997232575859284,0.8539229272081743,0.28496797610406027,0.12244897959183673,1,C:\Users\JHASHANK\Desktop\Maj_Proj\DFDC_Dataset\Fake\cudbbhoegh.mp4,DFDC_Dataset/Fake
49.21875,1.6013756801550332,93.51067963492548,0.823526350393061,0.7825420649989959,0.7070918762772075,0.7465551093082605,0.28910528246775036,21.09375,5.420544941077048,159.83649523417017,6.397318398400309,16.666666666666668,15.158634805454037,0.8166202419459482,33.333333333333336,0.3986078506324488,1.8119880332390839,-0.3669335061555099,1.1542944538025277,0.9448971210663619,0.2604940361258639,0.1292517006802721,1,C:\Users\JHASHANK\Desktop\Maj_Proj\DFDC_Dataset\Fake\cugqzibkas.mp4,DFDC_Dataset/Fake
63.28125,2.4491796633948355,71.18052168020874,0.8411166270337692,0.805802152679749,0.6796630273293598,0.7608633788253993,0.32189805931348386,84.375,5.387841846070916,158.45006881953492,1.318894631926097,0.0,10.487759064705909,1.6347619461308822,0.0,0.4668368096488349,1.9536957809143485,-0.5826235873129697,1.5614733589195045,1.0386630759672684,0.24487696223081762,0.12244897959183673,1,C:\Users\JHASHANK\Desktop\Maj_Proj\DFDC_Dataset\Fake\cuibixkynh.mp4,DFDC_Dataset/Fake
91.40625,1.8246550200294682,147.6105988365635,0.7561714704873485,0.7811721000206117,0.736163842620646,0.5850737713169457,0.32991155351098894,0.0,6.292206813964891,234.08898854689278,1.4183425505245626,33.333333333333336,18.23138706236479,1.19489735574534,33.333333333333336,0.2861690665527937,1.6207784363602142,0.17213226607968446,1.2396724952667664,1.1063761805469583,0.3545069171694505,0.1292517006802721,1,C:\Users\JHASHANK\Desktop\Maj_Proj\DFDC_Dataset\Fake\cujsfckgxq.mp4,DFDC_Dataset/Fake
63.28125,1.6359352577355446,193.22786141733167,0.8532666499655603,0.7603539354318487,0.6858309552625489,0.4744740776280605,-0.16350071114973283,7.03125,5.332639240531897,127.85162293143024,-5.866220361499631,50.0,8.111197014093966,1.1901698348697427,100.0,0.6178377029822043,1.7125689111030298,1.651716045682547,1.9302039502157755,1.7008754055925233,0.4878174833763871,0.1292517006802721,1,C:\Users\JHASHANK\Desktop\Maj_Proj\DFDC_Dataset\Fake\cukadnrzpo.mp4,DFDC_Dataset/Fake
63.28125,0.4684842511453021,150.73892072793353,0.8776177558795158,0.7538572440129722,0.6230784711206101,0.5458812625063122,0.059194138104697626,133.59375,2.8813667912466285,183.41172176891098,1.18416686176566,16.666666666666668,9.099410666170938,1.03397596015085,33.333333333333336,0.45866492787346624,1.8376638869566906,0.5317922458343052,1.7625717945661015,1.4811448364562072,0.33497537939540784,0.10204081632653061,1,C:\Users\JHASHANK\Desktop\Maj_Proj\DFDC_Dataset\Fake\cumwqtxgvl.mp4,DFDC_Dataset/Fake
49.21875,-0.22036899992305378,112.74356350191842,0.8449855410070961,0.7387188656205733,0.6455151829078896,0.5422236200385814,0.0018887567273978766,21.09375,3.4879853646072903,168.53665499016208,1.262831375341484,33.333333333333336,15.233854918588573,1.4433184209816792,66.66666666666667,0.37486713105524677,1.7679724100194563,2.133871155941793,1.693105637553055,1.5938734036316444,0.24869903713658478,0.10884353741496598,1,C:\Users\JHASHANK\Desktop\Maj_Proj\DFDC_Dataset\Fake\cundwodhjt.mp4,DFDC_Dataset/Fake
63.28125,0.07654462284773977,99.53596037316066,0.8405206068942132,0.7541495322900095,0.6875326407446858,0.6129172647395094,0.13405037894763158,28.125,4.713953188425962,179.53073911412076,2.6751754763421034,16.666666666666668,17.116053038132407,0.730353913092008,33.333333333333336,0.479262040126859,1.722875706385563,0.6590773259110594,1.7548082064209423,1.0056513621966148,0.2596590270604191,0.1292517006802721,1,C:\Users\JHASHANK\Desktop\Maj_Proj\DFDC_Dataset\Fake\cutabgeoaf.mp4,DFDC_Dataset/Fake
84.375,-0.6796217276771409,112.34866364235145,0.8202437550988524,0.7718421853468801,0.6851505521671729,0.40264983289653666,-0.40726194331930127,35.15625,4.9317069109354135,143.449176516827,0.35818532143978393,33.333333333333336,7.988609483869368,0.8682216001280929,33.333333333333336,0.4192810538579187,1.6774371916845328,0.7608411703704965,1.964669260949859,1.4501107357210365,0.3177609626106613,0.14285714285714285,1,C:\Users\JHASHANK\Desktop\Maj_Proj\DFDC_Dataset\Fake\cuvqoorsek.mp4,DFDC_Dataset/Fake
98.4375,-0.374019805766755,106.31629699560983,0.8410875949150101,0.7957030412479054,0.6723764453281557,0.6278062617681153,0.016164796583815397,14.0625,4.1586969800761775,198.95859231965525,-0.12450183623604741,0.0,12.377620688115291,1.1748661134249594,0.0,0.45251235409257445,1.6394297023132183,0.5644835127958583,1.7153214117166078,0.7589876434147497,0.3288335261029102,0.10884353741496598,1,C:\Users\JHASHANK\Desktop\Maj_Proj\DFDC_Dataset\Fake\cuwnhkgiyb.mp4,DFDC_Dataset/Fake
56.25,3.78786005571625,204.27529234278035,0.7741618129541482,0.7932507448709911,0.7654923185878515,0.5469744080137967,-0.007579556056142734,84.375,6.084438575502195,151.37558889975935,9.434519785948007,33.333333333333336,17.067711079132394,0.7786746596918714,66.66666666666667,0.38667802626540054,1.5764363041970468,-0.16093039042656265,1.7171403904490614,1.2433568304208185,0.5043947644788334,0.11564625850340136,1,C:\Users\JHASHANK\Desktop\Maj_Proj\DFDC_Dataset\Fake\cuwoemoaai.mp4,DFDC_Dataset/Fake
105.46875,-2.28916212385339,91.65151389911678,0.8707864317265573,0.7353796918123523,0.6415188919221664,0.6458081877680157,0.15732639739410298,21.09375,3.288718898076018,181.74678864986015,-0.5153209554657188,0.0,19.351194904800224,0.927122919498984,0.0,0.5286972009880608,1.8398031205107028,0.8910151406316924,1.9184434064145242,1.3483290893743054,0.27992404104720825,0.1564625850340136,1,C:\Users\JHASHANK\Desktop\Maj_Proj\DFDC_Dataset\Fake\cuxqfnwzus.mp4,DFDC_Dataset/Fake
203.90625,-4.736651791131247,109.25533577387297,0.9145807913321412,0.7220917989836279,0.6025528087030843,0.7995181242860412,0.4849401443242468,140.625,2.3954461123019337,156.0382224925661,-0.031081298210541102,16.666666666666668,15.182429175256832,1.0676973559356626,33.333333333333336,0.6500299935544692,2.4148139127599992,0.8543419440663245,1.4944268722936356,1.1229761668296747,0.31924253188369317,0.11564625850340136,1,C:\Users\JHASHANK\Desktop\Maj_Proj\DFDC_Dataset\Fake\cvcgyphqfh.mp4,DFDC_Dataset/Fake
105.46875,-1.4542856964820752,121.81667419540473,0.8579172557147864,0.8047103848151629,0.6704749258804233,0.6797990777559236,0.17909084199975853,7.03125,4.262704078225216,162.30484462770806,1.2808597792124845,0.0,16.067896639682694,0.9897684974588427,0.0,0.47963792684237977,1.7187006522030581,-0.16512103645366016,1.6435944881898479,1.1105490110975922,0.3263284130202233,0.14965986394557823,1,C:\Users\JHASHANK\Desktop\Maj_Proj\DFDC_Dataset\Fake\cvqlmslhdv.mp4,DFDC_Dataset/Fake
49.21875,0.27885987387109407,58.24521380307972,0.8946092823568781,0.8208405932274392,0.6508802884232971,0.5926800679624822,-0.047635954902264716,77.34375,3.784512664579346,143.13659089457775,1.491333464585972,0.0,13.525790330877053,0.753755714135363,0.0,0.6251343140857609,1.8003951486718626,-0.518616076025133,1.6267676960522661,1.1476999994490387,0.1904438538101102,0.1292517006802721,1,C:\Users\JHASHANK\Desktop\Maj_Proj\DFDC_Dataset\Fake\cvtaccskvb.mp4,DFDC_Dataset/Fake
77.34375,0.08613724575367987,179.2378315935239,0.788123394382497,0.7982009460551999,0.7014293546889869,0.8609739971557828,0.6403289936321038,35.15625,5.967553056944691,160.95455511682886,1.137939514628281,16.666666666666668,6.651862305456799,1.1321696628599736,33.333333333333336,0.3861631044072387,1.471408503978864,0.18215329854284468,1.1082656094178363,1.0619097740368284,0.4433768656376864,0.10204081632653061,1,C:\Users\JHASHANK\Desktop\Maj_Proj\DFDC_Dataset\Fake\cvvwitgutr.mp4,DFDC_Dataset/Fake
140.625,-4.06901919698707,91.08881881195695,0.8993392547087257,0.7563813419809415,0.6159445984222046,0.7058941269736886,0.3142917846433648,77.34375,2.8719317664353654,138.40112397875072,1.3215594934048158,0.0,19.929958062375214,1.5058961453580373,0.0,0.6311177902739229,2.409819327005823,0.6573195640960652,1.5420156023413372,1.4343897199805342,0.2574249227294437,0.14965986394557823,1,C:\Users\JHASHANK\Desktop\Maj_Proj\DFDC_Dataset\Fake\cvxnllaicc.mp4,DFDC_Dataset/Fake
133.59375,-0.8264096349294552,202.31852272218762,0.8645036406810851,0.7395755839003965,0.6816309229121562,0.5167652343863455,-0.09496191548467081,70.3125,3.8742162766085233,180.4174555450338,1.7188480289761543,16.666666666666668,16.288025298263232,1.0717469285128154,33.333333333333336,0.5967259253075182,2.0597528521781747,0.6237834568632445,1.6866959783066662,1.3965275015658818,0.46614914933655044,0.1292517006802721,1,C:\Users\JHASHANK\Desktop\Maj_Proj\DFDC_Dataset\Fake\cvzybqmrvo.mp4,DFDC_Dataset/Fake
77.34375,7.298920575972655,117.32617823301597,0.730997664019095,0.8148494701284219,0.7729131904557582,0.7175922094195215,0.5162839329233553,7.03125,6.65797369167451,138.5975167620748,3.12856062345709,0.0,23.15008164088434,0.8404359079066106,0.0,0.3383390750167447,1.6862248463583394,-0.31798410833846713,1.19142114781404,1.0662620475895814,0.30169588688489823,0.1292517006802721,1,C:\Users\JHASHANK\Desktop\Maj_Proj\DFDC_Dataset\Fake\cwdkfjctcp.mp4,DFDC_Dataset/Fake
70.3125,5.2812580004577345,112.16215468679846,0.79397672531039,0.8009552828543502,0.7387905221929246,0.7637389388638272,0.49406428441825523,7.03125,6.413865393341268,188.29509637653481,2.1870756621185032,0.0,28.1790570910514,0.9619997145303644,0.0,0.477712561975174,1.7222895276868704,-0.2551412945634066,1.1903784105800754,0.8736188425039999,0.27215816946061394,0.1292517006802721,1,C:\Users\JHASHANK\Desktop\Maj_Proj\DFDC_Dataset\Fake\cwdzbjmsrj.mp4,DFDC_Dataset/Fake
77.34375,3.6531640701699235,122.83795519834814,0.8133259945171666,0.7951868166243532,0.6794589843113465,0.6408313303933617,0.05760932420767757,7.03125,4.495942927388848,236.77849090664415,-0.17898777317323777,16.666666666666668,18.22448563251246,0.8413235379432995,33.333333333333336,0.33080223729651775,1.614396644574458,-0.10049033199694568,1.5747179488186323,1.25507765668777,0.3109483894594043,0.09523809523809523,1,C:\Users\JHASHANK\Desktop\Maj_Proj\DFDC_Dataset\Fake\cwhoszpfek.mp4,DFDC_Dataset/Fake
56.25,1.7735327795828362,142.7140829008075,0.7938861756134555,0.727265161416516,0.7078695097876595,0.4874924900889171,-0.1716327828435524,28.125,4.678114556444953,163.58193433190968,1.6825486089970776,100.0,15.071061503585891,1.3304054526409654,200.0,0.3731338822930457,1.4707519623630347,1.1102068280461062,2.0600368512025717,1.8096080937526813,0.38289144192899566,0.12244897959183673,1,C:\Users\JHASHANK\Desktop\Maj_Proj\DFDC_Dataset\Fake\cwhvshlzzh.mp4,DFDC_Dataset/Fake
56.25,7.588730468429849,130.945700219731,0.8048320039351119,0.7211476176882083,0.7152601026522184,0.895288455457391,0.7389359179202105,7.03125,5.177892166312413,170.69457550160035,1.98426646955362,0.0,19.870637275824777,1.7080135870755144,0.0,0.4533344681199358,1.4910936355701343,3.692372733406705,1.0113031402726227,0.7658881627807033,0.33226495451672305,0.11564625850340136,1,C:\Users\JHASHANK\Desktop\Maj_Proj\DFDC_Dataset\Fake\cwjtawpefj.mp4,DFDC_Dataset/Fake
98.4375,-0.8852586419493008,116.42044068059724,0.8421588995313138,0.7532906809809421,0.6732457723229337,0.7936163241367418,0.4153134886150227,21.09375,4.219338603570801,177.74653573723853,-0.29061910309248007,0.0,17.739726430383065,0.948975700370234,0.0,0.4817773987736895,2.008254893384582,0.4914165396722745,1.5057673529966273,1.1249203882328993,0.3082544877216801,0.14285714285714285,1,C:\Users\JHASHANK\Desktop\Maj_Proj\DFDC_Dataset\Fake\cwldadomaz.mp4,DFDC_Dataset/Fake
84.375,-1.4616968955446614,83.86880304907908,0.9000135670221535,0.7823872578447477,0.6316264079525202,0.9297862471135447,0.8579821096368456,35.15625,2.8713116695564995,183.6560677917642,1.4559349684217173,0.0,19.41346437458888,0.8905478964984541,0.0,0.5915913156143847,1.85822335494421,0.25026637331596113,0.7596984424702082,0.6261470405738352,0.2621647444681456,0.14965986394557823,1,C:\Users\JHASHANK\Desktop\Maj_Proj\DFDC_Dataset\Fake\cwlwyjtxnc.mp4,DFDC_Dataset/Fake
105.46875,-2.4809000438981146,109.17505172516256,0.8826952985959303,0.7861506150022856,0.6226441797369123,0.6770437619897736,0.058425894905659664,70.3125,3.4355354821213,169.20659951835927,1.9066645077346578,0.0,23.023259495800573,0.869947840218399,0.0,0.549529882045536,2.026958508848234,-0.051942630310348736,1.5969117409325195,1.013339441061956,0.2958400747475121,0.16326530612244897,1,C:\Users\JHASHANK\Desktop\Maj_Proj\DFDC_Dataset\Fake\cwmahupvmg.mp4,DFDC_Dataset/Fake
91.40625,-0.5171620955627686,111.75369742826805,0.8595411702685456,0.7849860991323143,0.6390123408360786,0.7001972563765888,0.22595357983490943,7.03125,3.7174362417740427,202.0217173419771,0.5408309502963345,16.666666666666668,20.157334150492346,0.876259062815795,33.333333333333336,0.5244254890953094,1.965551654307208,0.2755229490580944,1.7411548745213614,1.5258628573685662,0.3347295860057779,0.1360544217687075,1,C:\Users\JHASHANK\Desktop\Maj_Proj\DFDC_Dataset\Fake\cwosvnnasn.mp4,DFDC_Dataset/Fake
91.40625,0.7478956264721333,128.23589374447565,0.8831565320502248,0.8219187568462301,0.6243013491384604,0.4257451013156146,-0.26732437092384337,7.03125,3.005446781919545,172.00873188360893,2.4184643224705544,0.0,17.639536024114456,0.84510010303329,0.0,0.47513367891328295,2.05279826355062,-0.19102629142614402,1.776878742687857,1.1356366484166451,0.27479120088101916,0.12244897959183673,1,C:\Users\JHASHANK\Desktop\Maj_Proj\DFDC_Dataset\Fake\cwqauxqvfw.mp4,DFDC_Dataset/Fake
84.375,0.047973794003099424,185.92445034090565,0.8628283456966663,0.716914196186756,0.654874586049807,0.45278532712467245,-0.4177483776285136,0.0,4.282182513527616,192.3220759687041,2.0396064185720837,66.66666666666667,13.853282923713673,0.550071497967088,133.33333333333334,0.5352953652216154,2.013807027797366,1.4332087796079298,1.8643614621054745,1.7093755811084101,0.42136908182042365,0.11564625850340136,1,C:\Users\JHASHANK\Desktop\Maj_Proj\DFDC_Dataset\Fake\cwzdoxtpms.mp4,DFDC_Dataset/Fake
84.375,-1.3206433079327649,84.18694953529233,0.910510819602458,0.7729618608594259,0.6116849824090813,0.6037343264514856,-0.08765424148222384,154.6875,2.6208781911965273,145.73887911405473,4.571368697334176,16.666666666666668,18.777442232222093,0.6272429221112179,33.333333333333336,0.5938933022518219,2.3374802127379932,0.936009085857461,1.9619790222321085,1.4321462956159339,0.2280063216580834,0.16326530612244897,1,C:\Users\JHASHANK\Desktop\Maj_Proj\DFDC_Dataset\Fake\cxdibrhrwz.mp4,DFDC_Dataset/Fake
98.4375,-0.444443000027038,95.68466729604883,0.7763227009235845,0.7873178583471097,0.6868912662294149,0.8598242756540586,0.6846139390040888,0.0,5.1610733526362225,198.92287111085213,7.2654768200497255,0.0,17.460884284456863,0.8229321975472301,0.0,0.2476406952914863,1.879344608832971,0.07533487425968266,1.1510151930812367,0.9500697592038703,0.23149516281302135,0.1292517006802721,1,C:\Users\JHASHANK\Desktop\Maj_Proj\DFDC_Dataset\Fake\cxlpvfoxdt.mp4,DFDC_Dataset/Fake
105.46875,0.38913732803012646,132.19680220425738,0.877771214939756,0.7855202369805184,0.6261129321155072,0.5970057495118661,0.016142903395667468,126.5625,2.780226501226287,177.31952988123786,2.5735131748029287,16.666666666666668,19.228458945895493,0.4122593145626226,0.0,0.5470329327100871,2.1161674663669197,0.5709306151870766,1.7544214911331955,1.5537090327628476,0.3569647359539615,0.1103448275862069,1,C:\Users\JHASHANK\Desktop\Maj_Proj\DFDC_Dataset\Fake\cxmublbrkr.mp4,DFDC_Dataset/Fake
84.375,2.648844022188259,120.1850425154663,0.8276346332419448,0.758046127273757,0.704035603199152,0.47447654469070316,-0.2823460135354076,7.03125,5.483385849652717,198.28496189194405,1.5254794736306776,66.66666666666667,22.310480360992955,0.8773837944469892,100.0,0.39354571139708455,1.782630189863138,0.6865899798083035,1.82684869906074,1.5910796278412167,0.3388110083930037,0.1360544217687075,1,C:\Users\JHASHANK\Desktop\Maj_Proj\DFDC_Dataset\Fake\cxmvedvusk.mp4,DFDC_Dataset/Fake
77.34375,-0.07303117147669227,84.78165290562664,0.8399615708820272,0.7428709334801175,0.6405758330308599,0.8759892569560046,0.7001514379717921,14.0625,3.1981105538620094,164.78915722382177,0.7163318186808051,0.0,6.818971224193272,0.8156236937102802,0.0,0.4332769200509506,1.6245651065491826,1.3562120426387674,1.2868476097234693,0.9650008640355289,0.26985903945916373,0.10204081632653061,1,C:\Users\JHASHANK\Desktop\Maj_Proj\DFDC_Dataset\Fake\cxngwglwnw.mp4,DFDC_Dataset/Fake
70.3125,2.766680444637039,129.48616399703354,0.8407660146381489,0.7945654064570599,0.7007993132767312,0.46613010006902833,-0.22641658624998198,21.09375,4.573150015088735,209.28994612239222,1.5204427952388109,0.0,18.147053946208946,1.1607861743009797,0.0,0.458614340867229,1.659081370444886,0.0812576059500354,2.011011590410418,1.3932861883192877,0.29653319999320654,0.10884353741496598,1,C:\Users\JHASHANK\Desktop\Maj_Proj\DFDC_Dataset\Fake\cxqucbhale.mp4,DFDC_Dataset/Fake
70.3125,-0.754401425576653,120.0,0.8776894100733358,0.7977962705063719,0.6360882426896728,0.446933132489261,-0.438975413637961,0.0,3.2444205684514515,203.37117171398518,0.15936429073142433,0.0,14.284236522658993,1.009766374662661,0.0,0.4948930784095809,1.791458891894146,-0.15251980457231706,2.2974020431921818,1.4701078689705827,0.31924434545696123,0.09523809523809523,1,C:\Users\JHASHANK\Desktop\Maj_Proj\DFDC_Dataset\Fake\cxrqyltnuu.mp4,DFDC_Dataset/Fake
56.25,1.7406373687832755,109.17505172516256,0.8385414996818054,0.7892111289373505,0.6393527791820369,0.49747544465883947,0.2529358841847566,35.15625,3.906423680572381,145.32130348438895,1.1015758497542214,100.0,19.606363610013414,1.1797974860429037,200.0,0.5379624501731207,1.6164949518245888,0.02700225428651537,1.6343532682507713,1.5581049375101408,0.2958400747475121,0.1292517006802721,1,C:\Users\JHASHANK\Desktop\Maj_Proj\DFDC_Dataset\Fake\cxsjnptter.mp4,DFDC_Dataset/Fake
49.21875,3.383838124027725,151.32516497779068,0.7832296341182713,0.7887728062858015,0.7063206218476086,0.7176235378283579,0.35355109901144716,49.21875,5.2042938399456204,242.4331149169472,2.5624503022876888,0.0,11.854495552507645,0.722688194379548,0.0,0.3206525226028867,1.4594419679026764,-0.3266134804176608,1.2088393551177088,1.1136763331076363,0.36228441865473604,0.10884353741496598,1,C:\Users\JHASHANK\Desktop\Maj_Proj\DFDC_Dataset\Fake\cxsqjzyauw.mp4,DFDC_Dataset/Fake
98.4375,-1.6218648514992096,99.38079899999066,0.8523735864730079,0.7575987360546053,0.6395370509522924,0.7530781045256637,0.3922986947939126,21.09375,3.834789846584995,199.66856319720182,2.5458704534347096,16.666666666666668,11.561030504613402,1.0829893098762897,33.333333333333336,0.39916121508113006,1.6602275331595633,0.5959119753664219,1.3707135137609305,1.268921706176268,0.26646935501059654,0.1292517006802721,1,C:\Users\JHASHANK\Desktop\Maj_Proj\DFDC_Dataset\Fake\cxuzbxfwst.mp4,DFDC_Dataset/Fake
63.28125,1.3140325767237395,247.11670657134187,0.8641452791271198,0.6365057979729014,0.6360909236156493,0.4759168892034432,-0.1799766392753007,7.03125,3.203655483205658,270.98851823809184,3.4935254449107065,66.66666666666667,14.235714991614966,0.8791834692739806,0.0,0.4976967776912814,1.6410521999360845,2.7448020024577913,1.9908919678453902,1.0027189824637066,0.31954746539397655,0.07482993197278912,1,C:\Users\JHASHANK\Desktop\Maj_Proj\DFDC_Dataset\Fake\cxwfakmhui.mp4,DFDC_Dataset/Fake
49.21875,5.878490112286835,120.45216311728359,0.8144303201576415,0.7716695474599173,0.6932745085329823,0.847762228576437,0.5929190445338367,49.21875,4.7739950687126,132.67465642662242,1.0344497035808304,0.0,15.50437852370435,1.1258999995547891,0.0,0.4413902457748217,1.3750108508465326,0.12251997666470427,1.2809143420156788,1.0824534991156958,0.3386440372287947,0.11564625850340136,1,C:\Users\JHASHANK\Desktop\Maj_Proj\DFDC_Dataset\Fake\cxybpbtpih.mp4,DFDC_Dataset/Fake
84.375,2.2118458516920634,115.27744310527054,0.8258421824769415,0.7612946981676553,0.7224429288483027,0.6192044304823006,0.7790546550235701,28.125,4.766096491294398,242.80332206915116,1.7657494947707377,0.0,13.57479416559192,0.8856426855376996,0.0,0.5078826620083722,1.7821352714239054,0.19620810415605439,1.2104199511789635,1.474223664332395,0.2619941888756149,0.1292517006802721,1,C:\Users\JHASHANK\Desktop\Maj_Proj\DFDC_Dataset\Fake\cycxdkwndh.mp4,DFDC_Dataset/Fake
140.625,-2.11263426545261,150.70206073943086,0.8849212950315704,0.7476992976545862,0.6555713526723612,0.7018823586170542,0.203946520249433,14.0625,4.053744174423361,175.3574881227731,3.2591840593526187,16.666666666666668,14.281407933166566,0.7351077078703392,33.333333333333336,0.6691458731801367,2.1609386411501124,0.33313723651685967,1.7095566504791138,1.351645850462698,0.3656439363021345,0.1292517006802721,1,C:\Users\JHASHANK\Desktop\Maj_Proj\DFDC_Dataset\Fake\cyqnqhfzsc.mp4,DFDC_Dataset/Fake
91.40625,-1.2721895153924203,85.37498983243799,0.8600493109701907,0.8058013142628282,0.6547804964599514,0.4429996854610164,-0.39250987764581363,28.125,3.7025431103283544,185.07861044974234,1.723734876441346,16.666666666666668,18.31836505422491,0.4923483074090275,33.333333333333336,0.5391415910276051,1.9142528468613387,-0.3697207678807999,2.16273163878127,1.5700166525057524,0.24415528291509495,0.1292517006802721,1,C:\Users\JHASHANK\Desktop\Maj_Proj\DFDC_Dataset\Fake\cytdctacrw.mp4,DFDC_Dataset/Fake
49.21875,3.607059412318176,158.00540005704846,0.8381848741343035,0.8210259114700367,0.6972972696382598,0.33663963122281126,-0.4689647499599715,42.1875,4.803483035783723,171.60552647668555,2.8705433411960692,16.666666666666668,16.33292936124765,0.6610892162539559,0.0,0.3899214943906064,1.5804145512226748,-0.40478537326665975,2.144908461165512,1.3814154814677058,0.40382261245745205,0.12244897959183673,1,C:\Users\JHASHANK\Desktop\Maj_Proj\DFDC_Dataset\Fake\cyvxriituc.mp4,DFDC_Dataset/Fake
77.34375,0.07428827394096416,84.78165290562664,0.8448939747408947,0.7957933342174909,0.6550198420861709,0.3866737230905065,-0.48666829069800804,98.4375,4.485712398499764,214.76959504396973,-54.706170209029736,33.333333333333336,7.779217543158385,0.6124166039654512,33.333333333333336,0.4279489058388247,1.620127513900952,0.5812725301437478,1.9646408751731939,1.2666704892493759,0.24982747070021707,0.12244897959183673,1,C:\Users\JHASHANK\Desktop\Maj_Proj\DFDC_Dataset\Fake\cyxfegxaea.mp4,DFDC_Dataset/Fake
